game_id,date,season,postseason,home_team_id,visitor_team_id,home_team_score,visitor_team_score,home_win,home_team_name,home_conference,home_division,visitor_team_name,visitor_conference,visitor_division
473409,2021-10-19,2021,False,14,10,114,121,0,Los Angeles Lakers,West,Pacific,Golden State Warriors,West,Pacific
473410,2021-10-19,2021,False,17,3,127,104,1,Milwaukee Bucks,East,Central,Brooklyn Nets,East,Atlantic
473411,2021-10-20,2021,False,4,12,123,122,1,Charlotte Hornets,East,Southeast,Indiana Pacers,East,Central
473412,2021-10-20,2021,False,9,5,88,94,0,Detroit Pistons,East,Central,Chicago Bulls,East,Central
473413,2021-10-20,2021,False,28,30,83,98,0,Toronto Raptors,East,Atlantic,Washington Wizards,East,Southeast
473414,2021-10-20,2021,False,20,2,138,134,1,New York Knicks,East,Atlantic,Boston Celtics,East,Atlantic
473415,2021-10-20,2021,False,15,6,132,121,1,Memphis Grizzlies,West,Southwest,Cleveland Cavaliers,East,Central
473416,2021-10-20,2021,False,18,11,124,106,1,Minnesota Timberwolves,West,Northwest,Houston Rockets,West,Southwest
473417,2021-10-20,2021,False,19,23,97,117,0,New Orleans Pelicans,West,Southwest,Philadelphia 76ers,East,Atlantic
473418,2021-10-20,2021,False,27,22,123,97,1,San Antonio Spurs,West,Southwest,Orlando Magic,East,Southeast
473419,2021-10-20,2021,False,29,21,107,86,1,Utah Jazz,West,Northwest,Oklahoma City Thunder,West,Northwest
473420,2021-10-20,2021,False,25,26,121,124,0,Portland Trail Blazers,West,Northwest,Sacramento Kings,West,Pacific
473421,2021-10-20,2021,False,24,8,98,110,0,Phoenix Suns,West,Pacific,Denver Nuggets,West,Northwest
473422,2021-10-21,2021,False,10,13,115,113,1,Golden State Warriors,West,Pacific,LA Clippers,West,Pacific
473423,2021-10-21,2021,False,16,17,137,95,1,Miami Heat,East,Southeast,Milwaukee Bucks,East,Central
473424,2021-10-21,2021,False,1,7,113,87,1,Atlanta Hawks,East,Southeast,Dallas Mavericks,West,Southwest
473425,2021-10-22,2021,False,23,3,109,114,0,Philadelphia 76ers,East,Atlantic,Brooklyn Nets,East,Atlantic
473426,2021-10-22,2021,False,30,12,135,134,1,Washington Wizards,East,Southeast,Indiana Pacers,East,Central
473427,2021-10-22,2021,False,2,28,83,115,0,Boston Celtics,East,Atlantic,Toronto Raptors,East,Atlantic
473428,2021-10-22,2021,False,6,4,112,123,0,Cleveland Cavaliers,East,Central,Charlotte Hornets,East,Southeast
473429,2021-10-22,2021,False,11,21,124,91,1,Houston Rockets,West,Southwest,Oklahoma City Thunder,West,Northwest
473430,2021-10-22,2021,False,8,27,102,96,1,Denver Nuggets,West,Northwest,San Antonio Spurs,West,Southwest
473431,2021-10-22,2021,False,22,20,96,121,0,Orlando Magic,East,Southeast,New York Knicks,East,Atlantic
473432,2021-10-22,2021,False,14,24,105,115,0,Los Angeles Lakers,West,Pacific,Phoenix Suns,West,Pacific
473433,2021-10-22,2021,False,5,19,128,112,1,Chicago Bulls,East,Central,New Orleans Pelicans,West,Southwest
473434,2021-10-22,2021,False,26,29,101,110,0,Sacramento Kings,West,Pacific,Utah Jazz,West,Northwest
473435,2021-10-23,2021,False,13,15,114,120,0,LA Clippers,West,Pacific,Memphis Grizzlies,West,Southwest
473436,2021-10-23,2021,False,12,16,102,91,1,Indiana Pacers,East,Central,Miami Heat,East,Southeast
473437,2021-10-23,2021,False,18,19,96,89,1,Minnesota Timberwolves,West,Northwest,New Orleans Pelicans,West,Southwest
473438,2021-10-23,2021,False,5,9,97,82,1,Chicago Bulls,East,Central,Detroit Pistons,East,Central
473439,2021-10-23,2021,False,6,1,101,95,1,Cleveland Cavaliers,East,Central,Atlanta Hawks,East,Southeast
473440,2021-10-23,2021,False,28,7,95,103,0,Toronto Raptors,East,Atlantic,Dallas Mavericks,West,Southwest
473441,2021-10-23,2021,False,25,24,134,105,1,Portland Trail Blazers,West,Northwest,Phoenix Suns,West,Pacific
473442,2021-10-23,2021,False,27,17,111,121,0,San Antonio Spurs,West,Southwest,Milwaukee Bucks,East,Central
473443,2021-10-24,2021,False,11,2,97,107,0,Houston Rockets,West,Southwest,Boston Celtics,East,Atlantic
473444,2021-10-24,2021,False,20,22,104,110,0,New York Knicks,East,Atlantic,Orlando Magic,East,Southeast
473445,2021-10-24,2021,False,21,23,103,115,0,Oklahoma City Thunder,West,Northwest,Philadelphia 76ers,East,Atlantic
473446,2021-10-24,2021,False,14,15,121,118,1,Los Angeles Lakers,West,Pacific,Memphis Grizzlies,West,Southwest
473447,2021-10-24,2021,False,26,10,107,119,0,Sacramento Kings,West,Pacific,Golden State Warriors,West,Pacific
473448,2021-10-24,2021,False,3,4,95,111,0,Brooklyn Nets,East,Atlantic,Charlotte Hornets,East,Southeast
473449,2021-10-25,2021,False,18,19,98,107,0,Minnesota Timberwolves,West,Northwest,New Orleans Pelicans,West,Southwest
473450,2021-10-25,2021,False,28,5,108,111,0,Toronto Raptors,East,Atlantic,Chicago Bulls,East,Central
473451,2021-10-25,2021,False,16,22,107,90,1,Miami Heat,East,Southeast,Orlando Magic,East,Southeast
473452,2021-10-25,2021,False,12,17,109,119,0,Indiana Pacers,East,Central,Milwaukee Bucks,East,Central
473453,2021-10-25,2021,False,3,30,104,90,1,Brooklyn Nets,East,Atlantic,Washington Wizards,East,Southeast
473454,2021-10-25,2021,False,1,9,122,104,1,Atlanta Hawks,East,Southeast,Detroit Pistons,East,Central
473455,2021-10-25,2021,False,4,2,129,140,0,Charlotte Hornets,East,Southeast,Boston Celtics,East,Atlantic
473456,2021-10-25,2021,False,8,6,87,99,0,Denver Nuggets,West,Northwest,Cleveland Cavaliers,East,Central
473457,2021-10-25,2021,False,13,25,116,86,1,LA Clippers,West,Pacific,Portland Trail Blazers,West,Northwest
473458,2021-10-26,2021,False,7,11,116,106,1,Dallas Mavericks,West,Southwest,Houston Rockets,West,Southwest
473459,2021-10-26,2021,False,21,10,98,106,0,Oklahoma City Thunder,West,Northwest,Golden State Warriors,West,Pacific
473460,2021-10-26,2021,False,27,14,121,125,0,San Antonio Spurs,West,Southwest,Los Angeles Lakers,West,Pacific
473461,2021-10-26,2021,False,20,23,112,99,1,New York Knicks,East,Atlantic,Philadelphia 76ers,East,Atlantic
473462,2021-10-26,2021,False,29,8,122,110,1,Utah Jazz,West,Northwest,Denver Nuggets,West,Northwest
473463,2021-10-27,2021,False,19,1,99,102,0,New Orleans Pelicans,West,Southwest,Atlanta Hawks,East,Southeast
473464,2021-10-27,2021,False,17,18,108,113,0,Milwaukee Bucks,East,Central,Minnesota Timberwolves,West,Northwest
473465,2021-10-27,2021,False,21,14,123,115,1,Oklahoma City Thunder,West,Northwest,Los Angeles Lakers,West,Pacific
473466,2021-10-27,2021,False,22,4,111,120,0,Orlando Magic,East,Southeast,Charlotte Hornets,East,Southeast
473467,2021-10-27,2021,False,2,30,107,116,0,Boston Celtics,East,Atlantic,Washington Wizards,East,Southeast
473468,2021-10-27,2021,False,28,12,118,100,1,Toronto Raptors,East,Atlantic,Indiana Pacers,East,Central
473469,2021-10-27,2021,False,24,26,107,110,0,Phoenix Suns,West,Pacific,Sacramento Kings,West,Pacific
473470,2021-10-27,2021,False,3,16,93,106,0,Brooklyn Nets,East,Atlantic,Miami Heat,East,Southeast
473471,2021-10-27,2021,False,13,6,79,92,0,LA Clippers,West,Pacific,Cleveland Cavaliers,East,Central
473472,2021-10-27,2021,False,25,15,116,96,1,Portland Trail Blazers,West,Northwest,Memphis Grizzlies,West,Southwest
473473,2021-10-28,2021,False,30,1,122,111,1,Washington Wizards,East,Southeast,Atlanta Hawks,East,Southeast
473474,2021-10-28,2021,False,5,20,103,104,0,Chicago Bulls,East,Central,New York Knicks,East,Atlantic
473475,2021-10-28,2021,False,23,9,110,102,1,Philadelphia 76ers,East,Atlantic,Detroit Pistons,East,Central
473476,2021-10-28,2021,False,11,29,91,122,0,Houston Rockets,West,Southwest,Utah Jazz,West,Northwest
473477,2021-10-28,2021,False,7,27,104,99,1,Dallas Mavericks,West,Southwest,San Antonio Spurs,West,Southwest
473478,2021-10-28,2021,False,10,15,101,104,0,Golden State Warriors,West,Pacific,Memphis Grizzlies,West,Southwest
473479,2021-10-29,2021,False,28,22,110,109,1,Toronto Raptors,East,Atlantic,Orlando Magic,East,Southeast
473480,2021-10-29,2021,False,25,13,111,92,1,Portland Trail Blazers,West,Northwest,LA Clippers,West,Pacific
473481,2021-10-29,2021,False,3,12,105,98,1,Brooklyn Nets,East,Atlantic,Indiana Pacers,East,Central
473482,2021-10-29,2021,False,8,7,106,75,1,Denver Nuggets,West,Northwest,Dallas Mavericks,West,Southwest
473483,2021-10-29,2021,False,16,4,114,99,1,Miami Heat,East,Southeast,Charlotte Hornets,East,Southeast
473484,2021-10-29,2021,False,19,26,109,113,0,New Orleans Pelicans,West,Southwest,Sacramento Kings,West,Pacific
473485,2021-10-29,2021,False,14,6,113,101,1,Los Angeles Lakers,West,Pacific,Cleveland Cavaliers,East,Central
473486,2021-10-30,2021,False,30,2,115,112,1,Washington Wizards,East,Southeast,Boston Celtics,East,Atlantic
473487,2021-10-30,2021,False,15,16,103,129,0,Memphis Grizzlies,West,Southwest,Miami Heat,East,Southeast
473488,2021-10-30,2021,False,17,27,93,102,0,Milwaukee Bucks,East,Central,San Antonio Spurs,West,Southwest
473489,2021-10-30,2021,False,5,29,107,99,1,Chicago Bulls,East,Central,Utah Jazz,West,Northwest
473490,2021-10-30,2021,False,10,21,103,82,1,Golden State Warriors,West,Pacific,Oklahoma City Thunder,West,Northwest
473491,2021-10-30,2021,False,19,20,117,123,0,New Orleans Pelicans,West,Southwest,New York Knicks,East,Atlantic
473492,2021-10-30,2021,False,18,8,91,93,0,Minnesota Timberwolves,West,Northwest,Denver Nuggets,West,Northwest
473493,2021-10-30,2021,False,9,22,110,103,1,Detroit Pistons,East,Central,Orlando Magic,East,Southeast
473494,2021-10-30,2021,False,12,28,94,97,0,Indiana Pacers,East,Central,Toronto Raptors,East,Atlantic
473495,2021-10-30,2021,False,23,1,122,94,1,Philadelphia 76ers,East,Atlantic,Atlanta Hawks,East,Southeast
473496,2021-10-30,2021,False,24,6,101,92,1,Phoenix Suns,West,Pacific,Cleveland Cavaliers,East,Central
473497,2021-10-31,2021,False,7,26,105,99,1,Dallas Mavericks,West,Southwest,Sacramento Kings,West,Pacific
473498,2021-10-31,2021,False,14,11,95,85,1,Los Angeles Lakers,West,Pacific,Houston Rockets,West,Southwest
473499,2021-10-31,2021,False,17,29,95,107,0,Milwaukee Bucks,East,Central,Utah Jazz,West,Northwest
473500,2021-10-31,2021,False,4,25,125,113,1,Charlotte Hornets,East,Southeast,Portland Trail Blazers,West,Northwest
473501,2021-10-31,2021,False,3,9,117,91,1,Brooklyn Nets,East,Atlantic,Detroit Pistons,East,Central
473502,2021-11-01,2021,False,20,28,104,113,0,New York Knicks,East,Atlantic,Toronto Raptors,East,Atlantic
473503,2021-11-01,2021,False,23,25,113,103,1,Philadelphia 76ers,East,Atlantic,Portland Trail Blazers,West,Northwest
473504,2021-11-01,2021,False,12,27,131,118,1,Indiana Pacers,East,Central,San Antonio Spurs,West,Southwest
473505,2021-11-01,2021,False,1,30,118,111,1,Atlanta Hawks,East,Southeast,Washington Wizards,East,Southeast
473506,2021-11-01,2021,False,18,22,97,115,0,Minnesota Timberwolves,West,Northwest,Orlando Magic,East,Southeast
473507,2021-11-01,2021,False,2,5,114,128,0,Boston Celtics,East,Atlantic,Chicago Bulls,East,Central
473508,2021-11-01,2021,False,4,6,110,113,0,Charlotte Hornets,East,Southeast,Cleveland Cavaliers,East,Central
473509,2021-11-01,2021,False,15,8,106,97,1,Memphis Grizzlies,West,Southwest,Denver Nuggets,West,Northwest
473510,2021-11-01,2021,False,13,21,99,94,1,LA Clippers,West,Pacific,Oklahoma City Thunder,West,Northwest
473511,2021-11-02,2021,False,7,16,110,125,0,Dallas Mavericks,West,Southwest,Miami Heat,East,Southeast
473512,2021-11-02,2021,False,9,17,89,117,0,Detroit Pistons,East,Central,Milwaukee Bucks,East,Central
473513,2021-11-02,2021,False,29,26,119,113,1,Utah Jazz,West,Northwest,Sacramento Kings,West,Pacific
473514,2021-11-02,2021,False,24,19,112,100,1,Phoenix Suns,West,Pacific,New Orleans Pelicans,West,Southwest
473515,2021-11-02,2021,False,14,11,119,117,1,Los Angeles Lakers,West,Pacific,Houston Rockets,West,Southwest
473516,2021-11-03,2021,False,3,1,117,108,1,Brooklyn Nets,East,Atlantic,Atlanta Hawks,East,Southeast
473517,2021-11-03,2021,False,12,20,111,98,1,Indiana Pacers,East,Central,New York Knicks,East,Atlantic
473518,2021-11-03,2021,False,22,2,79,92,0,Orlando Magic,East,Southeast,Boston Celtics,East,Atlantic
473519,2021-11-03,2021,False,30,28,100,109,0,Washington Wizards,East,Southeast,Toronto Raptors,East,Atlantic
473520,2021-11-03,2021,False,6,25,107,104,1,Cleveland Cavaliers,East,Central,Portland Trail Blazers,West,Northwest
473521,2021-11-03,2021,False,15,8,108,106,1,Memphis Grizzlies,West,Southwest,Denver Nuggets,West,Northwest
473522,2021-11-03,2021,False,18,13,115,126,0,Minnesota Timberwolves,West,Northwest,LA Clippers,West,Pacific
473523,2021-11-03,2021,False,23,5,103,98,1,Philadelphia 76ers,East,Atlantic,Chicago Bulls,East,Central
473524,2021-11-03,2021,False,27,7,108,109,0,San Antonio Spurs,West,Southwest,Dallas Mavericks,West,Southwest
473525,2021-11-03,2021,False,10,4,114,92,1,Golden State Warriors,West,Pacific,Charlotte Hornets,East,Southeast
473526,2021-11-03,2021,False,26,19,112,99,1,Sacramento Kings,West,Pacific,New Orleans Pelicans,West,Southwest
473527,2021-11-04,2021,False,9,23,98,109,0,Detroit Pistons,East,Central,Philadelphia 76ers,East,Atlantic
473528,2021-11-04,2021,False,1,29,98,116,0,Atlanta Hawks,East,Southeast,Utah Jazz,West,Northwest
473529,2021-11-04,2021,False,16,2,78,95,0,Miami Heat,East,Southeast,Boston Celtics,East,Atlantic
473530,2021-11-04,2021,False,14,21,104,107,0,Los Angeles Lakers,West,Pacific,Oklahoma City Thunder,West,Northwest
473531,2021-11-04,2021,False,24,11,123,111,1,Phoenix Suns,West,Pacific,Houston Rockets,West,Southwest
473532,2021-11-05,2021,False,17,20,98,113,0,Milwaukee Bucks,East,Central,New York Knicks,East,Atlantic
473533,2021-11-05,2021,False,28,6,101,102,0,Toronto Raptors,East,Atlantic,Cleveland Cavaliers,East,Central
473534,2021-11-05,2021,False,22,27,89,102,0,Orlando Magic,East,Southeast,San Antonio Spurs,West,Southwest
473535,2021-11-05,2021,False,30,15,115,87,1,Washington Wizards,East,Southeast,Memphis Grizzlies,West,Southwest
473536,2021-11-05,2021,False,9,3,90,96,0,Detroit Pistons,East,Central,Brooklyn Nets,East,Atlantic
473537,2021-11-05,2021,False,18,13,84,104,0,Minnesota Timberwolves,West,Northwest,LA Clippers,West,Pacific
473538,2021-11-05,2021,False,10,19,126,85,1,Golden State Warriors,West,Pacific,New Orleans Pelicans,West,Southwest
473539,2021-11-05,2021,False,25,12,110,106,1,Portland Trail Blazers,West,Northwest,Indiana Pacers,East,Central
473540,2021-11-05,2021,False,26,4,140,110,1,Sacramento Kings,West,Pacific,Charlotte Hornets,East,Southeast
473541,2021-11-06,2021,False,8,11,95,94,1,Denver Nuggets,West,Northwest,Houston Rockets,West,Southwest
473542,2021-11-06,2021,False,5,23,105,114,0,Chicago Bulls,East,Central,Philadelphia 76ers,East,Atlantic
473543,2021-11-06,2021,False,25,14,105,90,1,Portland Trail Blazers,West,Northwest,Los Angeles Lakers,West,Pacific
473544,2021-11-06,2021,False,7,2,107,104,1,Dallas Mavericks,West,Southwest,Boston Celtics,East,Atlantic
473545,2021-11-06,2021,False,16,29,118,115,1,Miami Heat,East,Southeast,Utah Jazz,West,Northwest
473546,2021-11-06,2021,False,24,1,121,117,1,Phoenix Suns,West,Pacific,Atlanta Hawks,East,Southeast
473547,2021-11-07,2021,False,10,11,120,107,1,Golden State Warriors,West,Pacific,Houston Rockets,West,Southwest
473548,2021-11-07,2021,False,21,27,99,94,1,Oklahoma City Thunder,West,Northwest,San Antonio Spurs,West,Southwest
473549,2021-11-07,2021,False,30,17,101,94,1,Washington Wizards,East,Southeast,Milwaukee Bucks,East,Central
473550,2021-11-07,2021,False,22,29,107,100,1,Orlando Magic,East,Southeast,Utah Jazz,West,Northwest
473551,2021-11-07,2021,False,13,4,120,106,1,LA Clippers,West,Pacific,Charlotte Hornets,East,Southeast
473552,2021-11-07,2021,False,28,3,103,116,0,Toronto Raptors,East,Atlantic,Brooklyn Nets,East,Atlantic
473553,2021-11-07,2021,False,26,12,91,94,0,Sacramento Kings,West,Pacific,Indiana Pacers,East,Central
473554,2021-11-07,2021,False,20,6,109,126,0,New York Knicks,East,Atlantic,Cleveland Cavaliers,East,Central
473555,2021-11-08,2021,False,10,1,127,113,1,Golden State Warriors,West,Pacific,Atlanta Hawks,East,Southeast
473556,2021-11-08,2021,False,7,19,108,92,1,Dallas Mavericks,West,Southwest,New Orleans Pelicans,West,Southwest
473557,2021-11-08,2021,False,15,18,125,118,1,Memphis Grizzlies,West,Southwest,Minnesota Timberwolves,West,Northwest
473558,2021-11-08,2021,False,8,16,113,96,1,Denver Nuggets,West,Northwest,Miami Heat,East,Southeast
473559,2021-11-08,2021,False,26,24,104,109,0,Sacramento Kings,West,Pacific,Phoenix Suns,West,Pacific
473560,2021-11-08,2021,False,23,20,96,103,0,Philadelphia 76ers,East,Atlantic,New York Knicks,East,Atlantic
473561,2021-11-08,2021,False,5,3,118,95,1,Chicago Bulls,East,Central,Brooklyn Nets,East,Atlantic
473562,2021-11-08,2021,False,14,4,126,123,1,Los Angeles Lakers,West,Pacific,Charlotte Hornets,East,Southeast
473563,2021-11-09,2021,False,23,17,109,118,0,Philadelphia 76ers,East,Atlantic,Milwaukee Bucks,East,Central
473564,2021-11-09,2021,False,29,1,110,98,1,Utah Jazz,West,Northwest,Atlanta Hawks,East,Southeast
473565,2021-11-09,2021,False,13,25,117,109,1,LA Clippers,West,Pacific,Portland Trail Blazers,West,Northwest
473566,2021-11-10,2021,False,11,9,104,112,0,Houston Rockets,West,Southwest,Detroit Pistons,East,Central
473567,2021-11-10,2021,False,2,28,104,88,1,Boston Celtics,East,Atlantic,Toronto Raptors,East,Atlantic
473568,2021-11-10,2021,False,6,30,94,97,0,Cleveland Cavaliers,East,Central,Washington Wizards,East,Southeast
473569,2021-11-10,2021,False,22,3,90,123,0,Orlando Magic,East,Southeast,Brooklyn Nets,East,Atlantic
473570,2021-11-10,2021,False,20,17,100,112,0,New York Knicks,East,Atlantic,Milwaukee Bucks,East,Central
473571,2021-11-10,2021,False,27,26,136,117,1,San Antonio Spurs,West,Southwest,Sacramento Kings,West,Pacific
473572,2021-11-10,2021,False,19,21,100,108,0,New Orleans Pelicans,West,Southwest,Oklahoma City Thunder,West,Northwest
473573,2021-11-10,2021,False,5,7,117,107,1,Chicago Bulls,East,Central,Dallas Mavericks,West,Southwest
473574,2021-11-10,2021,False,8,12,101,98,1,Denver Nuggets,West,Northwest,Indiana Pacers,East,Central
473575,2021-11-10,2021,False,15,4,108,118,0,Memphis Grizzlies,West,Southwest,Charlotte Hornets,East,Southeast
473576,2021-11-10,2021,False,24,25,119,109,1,Phoenix Suns,West,Pacific,Portland Trail Blazers,West,Northwest
473577,2021-11-10,2021,False,10,18,123,110,1,Golden State Warriors,West,Pacific,Minnesota Timberwolves,West,Northwest
473578,2021-11-10,2021,False,14,16,120,117,1,Los Angeles Lakers,West,Pacific,Miami Heat,East,Southeast
473579,2021-11-11,2021,False,13,16,112,109,1,LA Clippers,West,Pacific,Miami Heat,East,Southeast
473580,2021-11-11,2021,False,29,12,100,111,0,Utah Jazz,West,Northwest,Indiana Pacers,East,Central
473581,2021-11-11,2021,False,23,28,109,115,0,Philadelphia 76ers,East,Atlantic,Toronto Raptors,East,Atlantic
473582,2021-11-12,2021,False,6,9,98,78,1,Cleveland Cavaliers,East,Central,Detroit Pistons,East,Central
473583,2021-11-12,2021,False,11,25,92,104,0,Houston Rockets,West,Southwest,Portland Trail Blazers,West,Northwest
473584,2021-11-12,2021,False,2,17,122,113,1,Boston Celtics,East,Atlantic,Milwaukee Bucks,East,Central
473585,2021-11-12,2021,False,15,24,94,119,0,Memphis Grizzlies,West,Southwest,Phoenix Suns,West,Pacific
473586,2021-11-12,2021,False,4,20,104,96,1,Charlotte Hornets,East,Southeast,New York Knicks,East,Atlantic
473587,2021-11-12,2021,False,19,3,112,120,0,New Orleans Pelicans,West,Southwest,Brooklyn Nets,East,Atlantic
473588,2021-11-12,2021,False,27,7,109,123,0,San Antonio Spurs,West,Southwest,Dallas Mavericks,West,Southwest
473589,2021-11-12,2021,False,8,1,105,96,1,Denver Nuggets,West,Northwest,Atlanta Hawks,East,Southeast
473590,2021-11-12,2021,False,21,26,105,103,1,Oklahoma City Thunder,West,Northwest,Sacramento Kings,West,Pacific
473591,2021-11-12,2021,False,10,5,119,93,1,Golden State Warriors,West,Pacific,Chicago Bulls,East,Central
473592,2021-11-12,2021,False,14,18,83,107,0,Los Angeles Lakers,West,Pacific,Minnesota Timberwolves,West,Northwest
473593,2021-11-13,2021,False,29,16,105,111,0,Utah Jazz,West,Northwest,Miami Heat,East,Southeast
473594,2021-11-13,2021,False,28,9,121,127,0,Toronto Raptors,East,Atlantic,Detroit Pistons,East,Central
473595,2021-11-13,2021,False,13,18,129,102,1,LA Clippers,West,Pacific,Minnesota Timberwolves,West,Northwest
473596,2021-11-13,2021,False,12,23,118,113,1,Indiana Pacers,East,Central,Philadelphia 76ers,East,Atlantic
473597,2021-11-13,2021,False,22,30,92,104,0,Orlando Magic,East,Southeast,Washington Wizards,East,Southeast
473598,2021-11-13,2021,False,19,15,112,101,1,New Orleans Pelicans,West,Southwest,Memphis Grizzlies,West,Southwest
473599,2021-11-13,2021,False,6,2,91,89,1,Cleveland Cavaliers,East,Central,Boston Celtics,East,Atlantic
473600,2021-11-14,2021,False,13,5,90,100,0,LA Clippers,West,Pacific,Chicago Bulls,East,Central
473601,2021-11-14,2021,False,8,25,124,95,1,Denver Nuggets,West,Northwest,Portland Trail Blazers,West,Northwest
473602,2021-11-14,2021,False,14,27,114,106,1,Los Angeles Lakers,West,Pacific,San Antonio Spurs,West,Southwest
473603,2021-11-14,2021,False,1,17,120,100,1,Atlanta Hawks,East,Southeast,Milwaukee Bucks,East,Central
473604,2021-11-14,2021,False,4,10,106,102,1,Charlotte Hornets,East,Southeast,Golden State Warriors,West,Pacific
473605,2021-11-14,2021,False,11,24,89,115,0,Houston Rockets,West,Southwest,Phoenix Suns,West,Pacific
473606,2021-11-14,2021,False,21,3,96,120,0,Oklahoma City Thunder,West,Northwest,Brooklyn Nets,East,Atlantic
473607,2021-11-15,2021,False,1,22,129,111,1,Atlanta Hawks,East,Southeast,Orlando Magic,East,Southeast
473608,2021-11-15,2021,False,6,2,92,98,0,Cleveland Cavaliers,East,Central,Boston Celtics,East,Atlantic
473609,2021-11-15,2021,False,15,11,136,102,1,Memphis Grizzlies,West,Southwest,Houston Rockets,West,Southwest
473610,2021-11-15,2021,False,18,24,96,99,0,Minnesota Timberwolves,West,Northwest,Phoenix Suns,West,Pacific
473611,2021-11-15,2021,False,20,12,92,84,1,New York Knicks,East,Atlantic,Indiana Pacers,East,Central
473612,2021-11-15,2021,False,21,16,90,103,0,Oklahoma City Thunder,West,Northwest,Miami Heat,East,Southeast
473613,2021-11-15,2021,False,9,26,107,129,0,Detroit Pistons,East,Central,Sacramento Kings,West,Pacific
473614,2021-11-15,2021,False,7,8,111,101,1,Dallas Mavericks,West,Southwest,Denver Nuggets,West,Northwest
473615,2021-11-15,2021,False,30,19,105,100,1,Washington Wizards,East,Southeast,New Orleans Pelicans,West,Southwest
473616,2021-11-15,2021,False,25,28,118,113,1,Portland Trail Blazers,West,Northwest,Toronto Raptors,East,Atlantic
473617,2021-11-15,2021,False,14,5,103,121,0,Los Angeles Lakers,West,Pacific,Chicago Bulls,East,Central
473618,2021-11-16,2021,False,3,10,99,117,0,Brooklyn Nets,East,Atlantic,Golden State Warriors,West,Pacific
473619,2021-11-16,2021,False,13,27,106,92,1,LA Clippers,West,Pacific,San Antonio Spurs,West,Southwest
473620,2021-11-16,2021,False,29,23,120,85,1,Utah Jazz,West,Northwest,Philadelphia 76ers,East,Atlantic
473621,2021-11-17,2021,False,1,2,110,99,1,Atlanta Hawks,East,Southeast,Boston Celtics,East,Atlantic
473622,2021-11-17,2021,False,3,6,109,99,1,Brooklyn Nets,East,Atlantic,Cleveland Cavaliers,East,Central
473623,2021-11-17,2021,False,16,19,113,98,1,Miami Heat,East,Southeast,New Orleans Pelicans,West,Southwest
473624,2021-11-17,2021,False,9,12,97,89,1,Detroit Pistons,East,Central,Indiana Pacers,East,Central
473625,2021-11-17,2021,False,4,30,97,87,1,Charlotte Hornets,East,Southeast,Washington Wizards,East,Southeast
473626,2021-11-17,2021,False,20,22,98,104,0,New York Knicks,East,Atlantic,Orlando Magic,East,Southeast
473627,2021-11-17,2021,False,17,14,109,102,1,Milwaukee Bucks,East,Central,Los Angeles Lakers,West,Pacific
473628,2021-11-17,2021,False,21,11,101,89,1,Oklahoma City Thunder,West,Northwest,Houston Rockets,West,Southwest
473629,2021-11-17,2021,False,18,26,107,97,1,Minnesota Timberwolves,West,Northwest,Sacramento Kings,West,Pacific
473630,2021-11-17,2021,False,24,7,105,98,1,Phoenix Suns,West,Pacific,Dallas Mavericks,West,Southwest
473631,2021-11-17,2021,False,25,5,112,107,1,Portland Trail Blazers,West,Northwest,Chicago Bulls,East,Central
473632,2021-11-18,2021,False,8,23,89,103,0,Denver Nuggets,West,Northwest,Philadelphia 76ers,East,Atlantic
473633,2021-11-18,2021,False,6,10,89,104,0,Cleveland Cavaliers,East,Central,Golden State Warriors,West,Pacific
473634,2021-11-18,2021,False,16,30,112,97,1,Miami Heat,East,Southeast,Washington Wizards,East,Southeast
473635,2021-11-18,2021,False,18,27,115,90,1,Minnesota Timberwolves,West,Northwest,San Antonio Spurs,West,Southwest
473636,2021-11-18,2021,False,15,13,120,108,1,Memphis Grizzlies,West,Southwest,LA Clippers,West,Pacific
473637,2021-11-18,2021,False,29,28,119,103,1,Utah Jazz,West,Northwest,Toronto Raptors,East,Atlantic
473638,2021-11-19,2021,False,17,21,96,89,1,Milwaukee Bucks,East,Central,Oklahoma City Thunder,West,Northwest
473639,2021-11-19,2021,False,3,22,115,113,1,Brooklyn Nets,East,Atlantic,Orlando Magic,East,Southeast
473640,2021-11-19,2021,False,4,12,121,118,1,Charlotte Hornets,East,Southeast,Indiana Pacers,East,Central
473641,2021-11-19,2021,False,24,7,112,104,1,Phoenix Suns,West,Pacific,Dallas Mavericks,West,Southwest
473642,2021-11-19,2021,False,8,5,108,114,0,Denver Nuggets,West,Northwest,Chicago Bulls,East,Central
473643,2021-11-19,2021,False,9,10,102,105,0,Detroit Pistons,East,Central,Golden State Warriors,West,Pacific
473644,2021-11-19,2021,False,2,14,130,108,1,Boston Celtics,East,Atlantic,Los Angeles Lakers,West,Pacific
473645,2021-11-19,2021,False,19,13,94,81,1,New Orleans Pelicans,West,Southwest,LA Clippers,West,Pacific
473646,2021-11-19,2021,False,26,28,89,108,0,Sacramento Kings,West,Pacific,Toronto Raptors,East,Atlantic
473647,2021-11-20,2021,False,26,29,105,123,0,Sacramento Kings,West,Pacific,Utah Jazz,West,Northwest
473648,2021-11-20,2021,False,2,21,111,105,1,Boston Celtics,East,Atlantic,Oklahoma City Thunder,West,Northwest
473649,2021-11-20,2021,False,20,11,106,99,1,New York Knicks,East,Atlantic,Houston Rockets,West,Southwest
473650,2021-11-20,2021,False,18,15,138,95,1,Minnesota Timberwolves,West,Northwest,Memphis Grizzlies,West,Southwest
473651,2021-11-20,2021,False,17,22,117,108,1,Milwaukee Bucks,East,Central,Orlando Magic,East,Southeast
473652,2021-11-20,2021,False,1,4,115,105,1,Atlanta Hawks,East,Southeast,Charlotte Hornets,East,Southeast
473653,2021-11-20,2021,False,12,19,111,94,1,Indiana Pacers,East,Central,New Orleans Pelicans,West,Southwest
473654,2021-11-20,2021,False,30,16,103,100,1,Washington Wizards,East,Southeast,Miami Heat,East,Southeast
473655,2021-11-20,2021,False,25,23,118,111,1,Portland Trail Blazers,West,Northwest,Philadelphia 76ers,East,Atlantic
473656,2021-11-21,2021,False,9,14,116,121,0,Detroit Pistons,East,Central,Los Angeles Lakers,West,Pacific
473657,2021-11-21,2021,False,5,20,109,103,1,Chicago Bulls,East,Central,New York Knicks,East,Atlantic
473658,2021-11-21,2021,False,13,7,97,91,1,LA Clippers,West,Pacific,Dallas Mavericks,West,Southwest
473659,2021-11-21,2021,False,24,8,126,97,1,Phoenix Suns,West,Pacific,Denver Nuggets,West,Northwest
473660,2021-11-21,2021,False,10,28,119,104,1,Golden State Warriors,West,Pacific,Toronto Raptors,East,Atlantic
473661,2021-11-22,2021,False,29,15,118,119,0,Utah Jazz,West,Northwest,Memphis Grizzlies,West,Southwest
473662,2021-11-22,2021,False,5,12,77,109,0,Chicago Bulls,East,Central,Indiana Pacers,East,Central
473663,2021-11-22,2021,False,1,21,113,101,1,Atlanta Hawks,East,Southeast,Oklahoma City Thunder,West,Northwest
473664,2021-11-22,2021,False,2,11,108,90,1,Boston Celtics,East,Atlantic,Houston Rockets,West,Southwest
473665,2021-11-22,2021,False,6,3,112,117,0,Cleveland Cavaliers,East,Central,Brooklyn Nets,East,Atlantic
473666,2021-11-22,2021,False,17,22,123,92,1,Milwaukee Bucks,East,Central,Orlando Magic,East,Southeast
473667,2021-11-22,2021,False,30,4,103,109,0,Washington Wizards,East,Southeast,Charlotte Hornets,East,Southeast
473668,2021-11-22,2021,False,27,24,111,115,0,San Antonio Spurs,West,Southwest,Phoenix Suns,West,Pacific
473669,2021-11-22,2021,False,19,18,96,110,0,New Orleans Pelicans,West,Southwest,Minnesota Timberwolves,West,Northwest
473670,2021-11-22,2021,False,26,23,94,102,0,Sacramento Kings,West,Pacific,Philadelphia 76ers,East,Atlantic
473671,2021-11-23,2021,False,20,14,106,100,1,New York Knicks,East,Atlantic,Los Angeles Lakers,West,Pacific
473672,2021-11-23,2021,False,25,8,119,100,1,Portland Trail Blazers,West,Northwest,Denver Nuggets,West,Northwest
473673,2021-11-23,2021,False,13,7,104,112,0,LA Clippers,West,Pacific,Dallas Mavericks,West,Southwest
473674,2021-11-23,2021,False,9,16,92,100,0,Detroit Pistons,East,Central,Miami Heat,East,Southeast
473675,2021-11-24,2021,False,6,24,115,120,0,Cleveland Cavaliers,East,Central,Phoenix Suns,West,Pacific
473676,2021-11-24,2021,False,19,30,127,102,1,New Orleans Pelicans,West,Southwest,Washington Wizards,East,Southeast
473677,2021-11-24,2021,False,2,3,104,123,0,Boston Celtics,East,Atlantic,Brooklyn Nets,East,Atlantic
473678,2021-11-24,2021,False,17,9,114,93,1,Milwaukee Bucks,East,Central,Detroit Pistons,East,Central
473679,2021-11-24,2021,False,15,28,113,126,0,Memphis Grizzlies,West,Southwest,Toronto Raptors,East,Atlantic
473680,2021-11-24,2021,False,12,14,116,124,0,Indiana Pacers,East,Central,Los Angeles Lakers,West,Pacific
473681,2021-11-24,2021,False,18,16,113,101,1,Minnesota Timberwolves,West,Northwest,Miami Heat,East,Southeast
473682,2021-11-24,2021,False,11,5,118,113,1,Houston Rockets,West,Southwest,Chicago Bulls,East,Central
473683,2021-11-24,2021,False,22,4,99,106,0,Orlando Magic,East,Southeast,Charlotte Hornets,East,Southeast
473684,2021-11-24,2021,False,21,29,104,110,0,Oklahoma City Thunder,West,Northwest,Utah Jazz,West,Northwest
473685,2021-11-24,2021,False,27,1,106,124,0,San Antonio Spurs,West,Southwest,Atlanta Hawks,East,Southeast
473686,2021-11-24,2021,False,10,23,116,96,1,Golden State Warriors,West,Pacific,Philadelphia 76ers,East,Atlantic
473687,2021-11-24,2021,False,26,25,125,121,1,Sacramento Kings,West,Pacific,Portland Trail Blazers,West,Northwest
473688,2021-11-26,2021,False,13,9,107,96,1,LA Clippers,West,Pacific,Detroit Pistons,East,Central
473689,2021-11-26,2021,False,22,5,88,123,0,Orlando Magic,East,Southeast,Chicago Bulls,East,Central
473690,2021-11-26,2021,False,15,1,100,132,0,Memphis Grizzlies,West,Southwest,Atlanta Hawks,East,Southeast
473691,2021-11-26,2021,False,20,24,97,118,0,New York Knicks,East,Atlantic,Phoenix Suns,West,Pacific
473692,2021-11-26,2021,False,8,17,109,120,0,Denver Nuggets,West,Northwest,Milwaukee Bucks,East,Central
473693,2021-11-26,2021,False,12,28,114,97,1,Indiana Pacers,East,Central,Toronto Raptors,East,Atlantic
473694,2021-11-26,2021,False,4,18,133,115,1,Charlotte Hornets,East,Southeast,Minnesota Timberwolves,West,Northwest
473695,2021-11-26,2021,False,21,30,99,101,0,Oklahoma City Thunder,West,Northwest,Washington Wizards,East,Southeast
473696,2021-11-26,2021,False,27,2,96,88,1,San Antonio Spurs,West,Southwest,Boston Celtics,East,Atlantic
473697,2021-11-26,2021,False,29,19,97,98,0,Utah Jazz,West,Northwest,New Orleans Pelicans,West,Southwest
473698,2021-11-26,2021,False,10,25,118,103,1,Golden State Warriors,West,Pacific,Portland Trail Blazers,West,Northwest
473699,2021-11-26,2021,False,14,26,137,141,0,Los Angeles Lakers,West,Pacific,Sacramento Kings,West,Pacific
473700,2021-11-27,2021,False,1,20,90,99,0,Atlanta Hawks,East,Southeast,New York Knicks,East,Atlantic
473701,2021-11-27,2021,False,5,16,104,107,0,Chicago Bulls,East,Central,Miami Heat,East,Southeast
473702,2021-11-27,2021,False,29,19,127,105,1,Utah Jazz,West,Northwest,New Orleans Pelicans,West,Southwest
473703,2021-11-27,2021,False,11,4,146,143,1,Houston Rockets,West,Southwest,Charlotte Hornets,East,Southeast
473704,2021-11-27,2021,False,6,22,105,92,1,Cleveland Cavaliers,East,Central,Orlando Magic,East,Southeast
473705,2021-11-27,2021,False,23,18,120,121,0,Philadelphia 76ers,East,Atlantic,Minnesota Timberwolves,West,Northwest
473706,2021-11-27,2021,False,7,30,114,120,0,Dallas Mavericks,West,Southwest,Washington Wizards,East,Southeast
473707,2021-11-27,2021,False,3,24,107,113,0,Brooklyn Nets,East,Atlantic,Phoenix Suns,West,Pacific
473708,2021-11-28,2021,False,15,26,128,101,1,Memphis Grizzlies,West,Southwest,Sacramento Kings,West,Pacific
473709,2021-11-28,2021,False,13,10,90,105,0,LA Clippers,West,Pacific,Golden State Warriors,West,Pacific
473710,2021-11-28,2021,False,28,2,97,109,0,Toronto Raptors,East,Atlantic,Boston Celtics,East,Atlantic
473711,2021-11-28,2021,False,12,17,100,118,0,Indiana Pacers,East,Central,Milwaukee Bucks,East,Central
473712,2021-11-28,2021,False,14,9,110,106,1,Los Angeles Lakers,West,Pacific,Detroit Pistons,East,Central
473713,2021-11-29,2021,False,16,8,111,120,0,Miami Heat,East,Southeast,Denver Nuggets,West,Northwest
473714,2021-11-29,2021,False,18,12,100,98,1,Minnesota Timberwolves,West,Northwest,Indiana Pacers,East,Central
473715,2021-11-29,2021,False,29,25,129,107,1,Utah Jazz,West,Northwest,Portland Trail Blazers,West,Northwest
473716,2021-11-29,2021,False,27,30,116,99,1,San Antonio Spurs,West,Southwest,Washington Wizards,East,Southeast
473717,2021-11-29,2021,False,5,4,133,119,1,Chicago Bulls,East,Central,Charlotte Hornets,East,Southeast
473718,2021-11-29,2021,False,23,22,101,96,1,Philadelphia 76ers,East,Atlantic,Orlando Magic,East,Southeast
473719,2021-11-29,2021,False,11,21,102,89,1,Houston Rockets,West,Southwest,Oklahoma City Thunder,West,Northwest
473720,2021-11-29,2021,False,7,6,96,114,0,Dallas Mavericks,West,Southwest,Cleveland Cavaliers,East,Central
473721,2021-11-29,2021,False,13,19,104,123,0,LA Clippers,West,Pacific,New Orleans Pelicans,West,Southwest
473722,2021-11-30,2021,False,28,15,91,98,0,Toronto Raptors,East,Atlantic,Memphis Grizzlies,West,Southwest
473723,2021-11-30,2021,False,3,20,112,110,1,Brooklyn Nets,East,Atlantic,New York Knicks,East,Atlantic
473724,2021-11-30,2021,False,25,9,110,92,1,Portland Trail Blazers,West,Northwest,Detroit Pistons,East,Central
473725,2021-11-30,2021,False,24,10,104,96,1,Phoenix Suns,West,Pacific,Golden State Warriors,West,Pacific
473726,2021-11-30,2021,False,26,14,92,117,0,Sacramento Kings,West,Pacific,Los Angeles Lakers,West,Pacific
473727,2021-12-01,2021,False,16,6,85,111,0,Miami Heat,East,Southeast,Cleveland Cavaliers,East,Central
473728,2021-12-01,2021,False,22,8,108,103,1,Orlando Magic,East,Southeast,Denver Nuggets,West,Northwest
473729,2021-12-01,2021,False,12,1,111,114,0,Indiana Pacers,East,Central,Atlanta Hawks,East,Southeast
473730,2021-12-01,2021,False,2,23,88,87,1,Boston Celtics,East,Atlantic,Philadelphia 76ers,East,Atlantic
473731,2021-12-01,2021,False,21,11,110,114,0,Oklahoma City Thunder,West,Northwest,Houston Rockets,West,Southwest
473732,2021-12-01,2021,False,30,18,115,107,1,Washington Wizards,East,Southeast,Minnesota Timberwolves,West,Northwest
473733,2021-12-01,2021,False,19,7,107,139,0,New Orleans Pelicans,West,Southwest,Dallas Mavericks,West,Southwest
473734,2021-12-01,2021,False,17,4,127,125,1,Milwaukee Bucks,East,Central,Charlotte Hornets,East,Southeast
473735,2021-12-01,2021,False,13,26,115,124,0,LA Clippers,West,Pacific,Sacramento Kings,West,Pacific
473736,2021-12-02,2021,False,20,5,115,119,0,New York Knicks,East,Atlantic,Chicago Bulls,East,Central
473737,2021-12-02,2021,False,28,17,97,93,1,Toronto Raptors,East,Atlantic,Milwaukee Bucks,East,Central
473738,2021-12-02,2021,False,15,21,152,79,1,Memphis Grizzlies,West,Southwest,Oklahoma City Thunder,West,Northwest
473739,2021-12-02,2021,False,24,9,114,103,1,Phoenix Suns,West,Pacific,Detroit Pistons,East,Central
473740,2021-12-02,2021,False,25,27,83,114,0,Portland Trail Blazers,West,Northwest,San Antonio Spurs,West,Southwest
473741,2021-12-03,2021,False,14,13,115,119,0,Los Angeles Lakers,West,Pacific,LA Clippers,West,Pacific
473742,2021-12-03,2021,False,10,24,118,96,1,Golden State Warriors,West,Pacific,Phoenix Suns,West,Pacific
473743,2021-12-03,2021,False,11,22,118,116,1,Houston Rockets,West,Southwest,Orlando Magic,East,Southeast
473744,2021-12-03,2021,False,1,23,96,98,0,Atlanta Hawks,East,Southeast,Philadelphia 76ers,East,Atlantic
473745,2021-12-03,2021,False,12,16,104,113,0,Indiana Pacers,East,Central,Miami Heat,East,Southeast
473746,2021-12-03,2021,False,3,18,110,105,1,Brooklyn Nets,East,Atlantic,Minnesota Timberwolves,West,Northwest
473747,2021-12-03,2021,False,30,6,101,116,0,Washington Wizards,East,Southeast,Cleveland Cavaliers,East,Central
473748,2021-12-03,2021,False,7,19,91,107,0,Dallas Mavericks,West,Southwest,New Orleans Pelicans,West,Southwest
473749,2021-12-03,2021,False,29,2,137,130,1,Utah Jazz,West,Northwest,Boston Celtics,East,Atlantic
473750,2021-12-04,2021,False,10,27,107,112,0,Golden State Warriors,West,Pacific,San Antonio Spurs,West,Southwest
473751,2021-12-04,2021,False,20,8,99,113,0,New York Knicks,East,Atlantic,Denver Nuggets,West,Northwest
473752,2021-12-04,2021,False,17,16,124,102,1,Milwaukee Bucks,East,Central,Miami Heat,East,Southeast
473753,2021-12-04,2021,False,26,13,104,99,1,Sacramento Kings,West,Pacific,LA Clippers,West,Pacific
473754,2021-12-04,2021,False,7,15,90,97,0,Dallas Mavericks,West,Southwest,Memphis Grizzlies,West,Southwest
473755,2021-12-04,2021,False,3,5,107,111,0,Brooklyn Nets,East,Atlantic,Chicago Bulls,East,Central
473756,2021-12-04,2021,False,25,2,117,145,0,Portland Trail Blazers,West,Northwest,Boston Celtics,East,Atlantic
473757,2021-12-05,2021,False,6,29,108,109,0,Cleveland Cavaliers,East,Central,Utah Jazz,West,Northwest
473758,2021-12-05,2021,False,28,30,102,90,1,Toronto Raptors,East,Atlantic,Washington Wizards,East,Southeast
473759,2021-12-05,2021,False,1,4,127,130,0,Atlanta Hawks,East,Southeast,Charlotte Hornets,East,Southeast
473760,2021-12-05,2021,False,11,19,118,108,1,Houston Rockets,West,Southwest,New Orleans Pelicans,West,Southwest
473761,2021-12-06,2021,False,18,1,110,121,0,Minnesota Timberwolves,West,Northwest,Atlanta Hawks,East,Southeast
473762,2021-12-06,2021,False,24,27,108,104,1,Phoenix Suns,West,Pacific,San Antonio Spurs,West,Southwest
473763,2021-12-06,2021,False,5,8,109,97,1,Chicago Bulls,East,Central,Denver Nuggets,West,Northwest
473764,2021-12-06,2021,False,16,15,90,105,0,Miami Heat,East,Southeast,Memphis Grizzlies,West,Southwest
473765,2021-12-06,2021,False,9,21,103,114,0,Detroit Pistons,East,Central,Oklahoma City Thunder,West,Northwest
473766,2021-12-06,2021,False,4,23,124,127,0,Charlotte Hornets,East,Southeast,Philadelphia 76ers,East,Atlantic
473767,2021-12-06,2021,False,12,30,116,110,1,Indiana Pacers,East,Central,Washington Wizards,East,Southeast
473768,2021-12-06,2021,False,17,6,112,104,1,Milwaukee Bucks,East,Central,Cleveland Cavaliers,East,Central
473769,2021-12-06,2021,False,10,22,126,95,1,Golden State Warriors,West,Pacific,Orlando Magic,East,Southeast
473770,2021-12-06,2021,False,25,13,90,102,0,Portland Trail Blazers,West,Northwest,LA Clippers,West,Pacific
473771,2021-12-07,2021,False,27,20,109,121,0,San Antonio Spurs,West,Southwest,New York Knicks,East,Atlantic
473772,2021-12-07,2021,False,7,3,99,102,0,Dallas Mavericks,West,Southwest,Brooklyn Nets,East,Atlantic
473773,2021-12-07,2021,False,14,2,117,102,1,Los Angeles Lakers,West,Pacific,Boston Celtics,East,Atlantic
473774,2021-12-08,2021,False,6,5,115,92,1,Cleveland Cavaliers,East,Central,Chicago Bulls,East,Central
473775,2021-12-08,2021,False,4,23,106,110,0,Charlotte Hornets,East,Southeast,Philadelphia 76ers,East,Atlantic
473776,2021-12-08,2021,False,15,7,96,104,0,Memphis Grizzlies,West,Southwest,Dallas Mavericks,West,Southwest
473777,2021-12-08,2021,False,19,8,114,120,0,New Orleans Pelicans,West,Southwest,Denver Nuggets,West,Northwest
473778,2021-12-08,2021,False,9,30,116,119,0,Detroit Pistons,East,Central,Washington Wizards,East,Southeast
473779,2021-12-08,2021,False,16,17,113,104,1,Miami Heat,East,Southeast,Milwaukee Bucks,East,Central
473780,2021-12-08,2021,False,12,20,122,102,1,Indiana Pacers,East,Central,New York Knicks,East,Atlantic
473781,2021-12-08,2021,False,18,29,104,136,0,Minnesota Timberwolves,West,Northwest,Utah Jazz,West,Northwest
473782,2021-12-08,2021,False,28,21,109,110,0,Toronto Raptors,East,Atlantic,Oklahoma City Thunder,West,Northwest
473783,2021-12-08,2021,False,11,3,114,104,1,Houston Rockets,West,Southwest,Brooklyn Nets,East,Atlantic
473784,2021-12-08,2021,False,10,25,104,94,1,Golden State Warriors,West,Pacific,Portland Trail Blazers,West,Northwest
473785,2021-12-08,2021,False,26,22,142,130,1,Sacramento Kings,West,Pacific,Orlando Magic,East,Southeast
473786,2021-12-08,2021,False,13,2,114,111,1,LA Clippers,West,Pacific,Boston Celtics,East,Atlantic
473787,2021-12-09,2021,False,15,14,108,95,1,Memphis Grizzlies,West,Southwest,Los Angeles Lakers,West,Pacific
473788,2021-12-09,2021,False,27,8,123,111,1,San Antonio Spurs,West,Southwest,Denver Nuggets,West,Northwest
473789,2021-12-09,2021,False,23,29,96,118,0,Philadelphia 76ers,East,Atlantic,Utah Jazz,West,Northwest
473790,2021-12-10,2021,False,21,14,95,116,0,Oklahoma City Thunder,West,Northwest,Los Angeles Lakers,West,Pacific
473791,2021-12-10,2021,False,28,20,90,87,1,Toronto Raptors,East,Atlantic,New York Knicks,East,Atlantic
473792,2021-12-10,2021,False,4,26,124,123,1,Charlotte Hornets,East,Southeast,Sacramento Kings,West,Pacific
473793,2021-12-10,2021,False,11,17,114,123,0,Houston Rockets,West,Southwest,Milwaukee Bucks,East,Central
473794,2021-12-10,2021,False,18,6,106,123,0,Minnesota Timberwolves,West,Northwest,Cleveland Cavaliers,East,Central
473795,2021-12-10,2021,False,19,9,109,93,1,New Orleans Pelicans,West,Southwest,Detroit Pistons,East,Central
473796,2021-12-10,2021,False,24,2,111,90,1,Phoenix Suns,West,Pacific,Boston Celtics,East,Atlantic
473797,2021-12-10,2021,False,1,3,105,113,0,Atlanta Hawks,East,Southeast,Brooklyn Nets,East,Atlantic
473798,2021-12-10,2021,False,12,7,106,93,1,Indiana Pacers,East,Central,Dallas Mavericks,West,Southwest
473799,2021-12-11,2021,False,30,29,98,123,0,Washington Wizards,East,Southeast,Utah Jazz,West,Northwest
473800,2021-12-11,2021,False,13,22,106,104,1,LA Clippers,West,Pacific,Orlando Magic,East,Southeast
473801,2021-12-11,2021,False,27,8,112,127,0,San Antonio Spurs,West,Southwest,Denver Nuggets,West,Northwest
473802,2021-12-11,2021,False,23,10,102,93,1,Philadelphia 76ers,East,Atlantic,Golden State Warriors,West,Pacific
473803,2021-12-11,2021,False,16,5,118,92,1,Miami Heat,East,Southeast,Chicago Bulls,East,Central
473804,2021-12-11,2021,False,6,26,117,103,1,Cleveland Cavaliers,East,Central,Sacramento Kings,West,Pacific
473805,2021-12-11,2021,False,15,11,113,106,1,Memphis Grizzlies,West,Southwest,Houston Rockets,West,Southwest
473806,2021-12-12,2021,False,9,3,104,116,0,Detroit Pistons,East,Central,Brooklyn Nets,East,Atlantic
473807,2021-12-12,2021,False,21,7,84,103,0,Oklahoma City Thunder,West,Northwest,Dallas Mavericks,West,Southwest
473808,2021-12-12,2021,False,20,17,97,112,0,New York Knicks,East,Atlantic,Milwaukee Bucks,East,Central
473809,2021-12-12,2021,False,14,22,106,94,1,Los Angeles Lakers,West,Pacific,Orlando Magic,East,Southeast
473810,2021-12-12,2021,False,27,19,112,97,1,San Antonio Spurs,West,Southwest,New Orleans Pelicans,West,Southwest
473811,2021-12-12,2021,False,25,18,111,116,0,Portland Trail Blazers,West,Northwest,Minnesota Timberwolves,West,Northwest
473812,2021-12-13,2021,False,15,23,126,91,1,Memphis Grizzlies,West,Southwest,Philadelphia 76ers,East,Atlantic
473813,2021-12-13,2021,False,13,24,111,95,1,LA Clippers,West,Pacific,Phoenix Suns,West,Pacific
473814,2021-12-13,2021,False,12,10,100,102,0,Indiana Pacers,East,Central,Golden State Warriors,West,Pacific
473815,2021-12-13,2021,False,8,30,113,107,1,Denver Nuggets,West,Northwest,Washington Wizards,East,Southeast
473816,2021-12-13,2021,False,7,4,120,96,1,Dallas Mavericks,West,Southwest,Charlotte Hornets,East,Southeast
473817,2021-12-13,2021,False,28,26,124,101,1,Toronto Raptors,East,Atlantic,Sacramento Kings,West,Pacific
473818,2021-12-13,2021,False,2,17,117,103,1,Boston Celtics,East,Atlantic,Milwaukee Bucks,East,Central
473819,2021-12-13,2021,False,6,16,105,94,1,Cleveland Cavaliers,East,Central,Miami Heat,East,Southeast
473820,2021-12-13,2021,False,1,11,126,132,0,Atlanta Hawks,East,Southeast,Houston Rockets,West,Southwest
473821,2021-12-14,2021,False,5,9,133,87,1,Chicago Bulls,East,Central,Detroit Pistons,East,Central
473822,2021-12-14,2021,False,20,10,96,105,0,New York Knicks,East,Atlantic,Golden State Warriors,West,Pacific
473823,2021-12-14,2021,False,3,28,131,129,1,Brooklyn Nets,East,Atlantic,Toronto Raptors,East,Atlantic
473824,2021-12-14,2021,False,25,24,107,111,0,Portland Trail Blazers,West,Northwest,Phoenix Suns,West,Pacific
473825,2021-12-15,2021,False,27,4,115,131,0,San Antonio Spurs,West,Southwest,Charlotte Hornets,East,Southeast
473826,2021-12-15,2021,False,7,14,104,107,0,Dallas Mavericks,West,Southwest,Los Angeles Lakers,West,Pacific
473827,2021-12-15,2021,False,29,13,124,103,1,Utah Jazz,West,Northwest,LA Clippers,West,Pacific
473828,2021-12-15,2021,False,23,16,96,101,0,Philadelphia 76ers,East,Atlantic,Miami Heat,East,Southeast
473829,2021-12-15,2021,False,6,11,124,89,1,Cleveland Cavaliers,East,Central,Houston Rockets,West,Southwest
473830,2021-12-15,2021,False,17,12,114,99,1,Milwaukee Bucks,East,Central,Indiana Pacers,East,Central
473831,2021-12-15,2021,False,22,1,99,111,0,Orlando Magic,East,Southeast,Atlanta Hawks,East,Southeast
473832,2021-12-15,2021,False,21,19,110,113,0,Oklahoma City Thunder,West,Northwest,New Orleans Pelicans,West,Southwest
473833,2021-12-15,2021,False,8,18,107,124,0,Denver Nuggets,West,Northwest,Minnesota Timberwolves,West,Northwest
473834,2021-12-15,2021,False,25,15,103,113,0,Portland Trail Blazers,West,Northwest,Memphis Grizzlies,West,Southwest
473835,2021-12-15,2021,False,26,30,119,105,1,Sacramento Kings,West,Pacific,Washington Wizards,East,Southeast
473836,2021-12-16,2021,False,12,9,122,113,1,Indiana Pacers,East,Central,Detroit Pistons,East,Central
473837,2021-12-16,2021,False,3,23,114,105,1,Brooklyn Nets,East,Atlantic,Philadelphia 76ers,East,Atlantic
473838,2021-12-16,2021,False,11,20,103,116,0,Houston Rockets,West,Southwest,New York Knicks,East,Atlantic
473839,2021-12-16,2021,False,28,5,127,120,1,Toronto Raptors,East,Atlantic,Chicago Bulls,East,Central
473840,2021-12-16,2021,False,24,30,118,98,1,Phoenix Suns,West,Pacific,Washington Wizards,East,Southeast
473841,2021-12-17,2021,False,29,27,126,128,0,Utah Jazz,West,Northwest,San Antonio Spurs,West,Southwest
473842,2021-12-17,2021,False,25,4,125,116,1,Portland Trail Blazers,West,Northwest,Charlotte Hornets,East,Southeast
473843,2021-12-17,2021,False,1,8,115,133,0,Atlanta Hawks,East,Southeast,Denver Nuggets,West,Northwest
473844,2021-12-17,2021,False,2,10,107,111,0,Boston Celtics,East,Atlantic,Golden State Warriors,West,Pacific
473845,2021-12-17,2021,False,26,15,105,124,0,Sacramento Kings,West,Pacific,Memphis Grizzlies,West,Southwest
473846,2021-12-17,2021,False,18,14,110,92,1,Minnesota Timberwolves,West,Northwest,Los Angeles Lakers,West,Pacific
473847,2021-12-17,2021,False,22,16,105,115,0,Orlando Magic,East,Southeast,Miami Heat,East,Southeast
473848,2021-12-17,2021,False,19,17,116,112,1,New Orleans Pelicans,West,Southwest,Milwaukee Bucks,East,Central
473849,2021-12-18,2021,False,17,6,90,119,0,Milwaukee Bucks,East,Central,Cleveland Cavaliers,East,Central
473850,2021-12-18,2021,False,9,11,107,116,0,Detroit Pistons,East,Central,Houston Rockets,West,Southwest
473851,2021-12-18,2021,False,29,30,103,109,0,Utah Jazz,West,Northwest,Washington Wizards,East,Southeast
473852,2021-12-18,2021,False,21,13,104,103,1,Oklahoma City Thunder,West,Northwest,LA Clippers,West,Pacific
473853,2021-12-18,2021,False,28,10,119,100,1,Toronto Raptors,East,Atlantic,Golden State Warriors,West,Pacific
473854,2021-12-18,2021,False,3,22,93,100,0,Brooklyn Nets,East,Atlantic,Orlando Magic,East,Southeast
473855,2021-12-18,2021,False,2,20,114,107,1,Boston Celtics,East,Atlantic,New York Knicks,East,Atlantic
473856,2021-12-19,2021,False,23,19,117,107,1,Philadelphia 76ers,East,Atlantic,New Orleans Pelicans,West,Southwest
473857,2021-12-19,2021,False,1,6,131,107,1,Atlanta Hawks,East,Southeast,Cleveland Cavaliers,East,Central
473858,2021-12-19,2021,False,5,14,115,110,1,Chicago Bulls,East,Central,Los Angeles Lakers,West,Pacific
473859,2021-12-19,2021,False,3,8,118,124,0,Brooklyn Nets,East,Atlantic,Denver Nuggets,West,Northwest
473860,2021-12-19,2021,False,15,25,100,105,0,Memphis Grizzlies,West,Southwest,Portland Trail Blazers,West,Northwest
473861,2021-12-19,2021,False,26,27,121,114,1,Sacramento Kings,West,Pacific,San Antonio Spurs,West,Southwest
473862,2021-12-19,2021,False,9,16,100,90,1,Detroit Pistons,East,Central,Miami Heat,East,Southeast
473863,2021-12-19,2021,False,24,4,137,106,1,Phoenix Suns,West,Pacific,Charlotte Hornets,East,Southeast
473864,2021-12-19,2021,False,18,7,111,105,1,Minnesota Timberwolves,West,Northwest,Dallas Mavericks,West,Southwest
473865,2021-12-20,2021,False,15,21,99,102,0,Memphis Grizzlies,West,Southwest,Oklahoma City Thunder,West,Northwest
473866,2021-12-20,2021,False,28,22,97,103,0,Toronto Raptors,East,Atlantic,Orlando Magic,East,Southeast
473867,2021-12-20,2021,False,29,4,112,102,1,Utah Jazz,West,Northwest,Charlotte Hornets,East,Southeast
473868,2021-12-20,2021,False,5,11,133,118,1,Chicago Bulls,East,Central,Houston Rockets,West,Southwest
473869,2021-12-20,2021,False,13,27,92,116,0,LA Clippers,West,Pacific,San Antonio Spurs,West,Southwest
473870,2021-12-20,2021,False,10,26,113,98,1,Golden State Warriors,West,Pacific,Sacramento Kings,West,Pacific
473871,2021-12-20,2021,False,2,23,103,108,0,Boston Celtics,East,Atlantic,Philadelphia 76ers,East,Atlantic
473872,2021-12-21,2021,False,3,30,103,117,0,Brooklyn Nets,East,Atlantic,Washington Wizards,East,Southeast
473873,2021-12-21,2021,False,16,12,125,96,1,Miami Heat,East,Southeast,Indiana Pacers,East,Central
473874,2021-12-21,2021,False,19,25,111,97,1,New Orleans Pelicans,West,Southwest,Portland Trail Blazers,West,Northwest
473875,2021-12-21,2021,False,7,18,114,102,1,Dallas Mavericks,West,Southwest,Minnesota Timberwolves,West,Northwest
473876,2021-12-21,2021,False,20,9,105,91,1,New York Knicks,East,Atlantic,Detroit Pistons,East,Central
473877,2021-12-21,2021,False,14,24,90,108,0,Los Angeles Lakers,West,Pacific,Phoenix Suns,West,Pacific
473878,2021-12-22,2021,False,1,22,98,104,0,Atlanta Hawks,East,Southeast,Orlando Magic,East,Southeast
473879,2021-12-22,2021,False,21,8,108,94,1,Oklahoma City Thunder,West,Northwest,Denver Nuggets,West,Northwest
473880,2021-12-22,2021,False,5,28,111,105,1,Chicago Bulls,East,Central,Toronto Raptors,East,Atlantic
473881,2021-12-22,2021,False,2,6,111,101,1,Boston Celtics,East,Atlantic,Cleveland Cavaliers,East,Central
473882,2021-12-22,2021,False,17,11,126,106,1,Milwaukee Bucks,East,Central,Houston Rockets,West,Southwest
473883,2021-12-22,2021,False,26,13,89,105,0,Sacramento Kings,West,Pacific,LA Clippers,West,Pacific
473884,2021-12-23,2021,False,20,30,117,124,0,New York Knicks,East,Atlantic,Washington Wizards,East,Southeast
473885,2021-12-23,2021,False,12,11,118,106,1,Indiana Pacers,East,Central,Houston Rockets,West,Southwest
473886,2021-12-23,2021,False,23,1,96,98,0,Philadelphia 76ers,East,Atlantic,Atlanta Hawks,East,Southeast
473887,2021-12-23,2021,False,7,17,95,102,0,Dallas Mavericks,West,Southwest,Milwaukee Bucks,East,Central
473888,2021-12-23,2021,False,16,9,115,112,1,Miami Heat,East,Southeast,Detroit Pistons,East,Central
473889,2021-12-23,2021,False,22,19,104,110,0,Orlando Magic,East,Southeast,New Orleans Pelicans,West,Southwest
473890,2021-12-23,2021,False,8,4,107,115,0,Denver Nuggets,West,Northwest,Charlotte Hornets,East,Southeast
473891,2021-12-23,2021,False,24,21,113,101,1,Phoenix Suns,West,Pacific,Oklahoma City Thunder,West,Northwest
473892,2021-12-23,2021,False,29,18,128,116,1,Utah Jazz,West,Northwest,Minnesota Timberwolves,West,Northwest
473893,2021-12-23,2021,False,10,15,113,104,1,Golden State Warriors,West,Pacific,Memphis Grizzlies,West,Southwest
473894,2021-12-23,2021,False,25,3,114,108,1,Portland Trail Blazers,West,Northwest,Brooklyn Nets,East,Atlantic
473895,2021-12-23,2021,False,14,27,110,138,0,Los Angeles Lakers,West,Pacific,San Antonio Spurs,West,Southwest
473896,2021-12-25,2021,False,17,2,117,113,1,Milwaukee Bucks,East,Central,Boston Celtics,East,Atlantic
473897,2021-12-25,2021,False,14,3,115,122,0,Los Angeles Lakers,West,Pacific,Brooklyn Nets,East,Atlantic
473898,2021-12-25,2021,False,29,7,120,116,1,Utah Jazz,West,Northwest,Dallas Mavericks,West,Southwest
473899,2021-12-25,2021,False,20,1,101,87,1,New York Knicks,East,Atlantic,Atlanta Hawks,East,Southeast
473900,2021-12-25,2021,False,24,10,107,116,0,Phoenix Suns,West,Pacific,Golden State Warriors,West,Pacific
473901,2021-12-26,2021,False,21,19,117,112,1,Oklahoma City Thunder,West,Northwest,New Orleans Pelicans,West,Southwest
473902,2021-12-26,2021,False,27,9,144,109,1,San Antonio Spurs,West,Southwest,Detroit Pistons,East,Central
473903,2021-12-26,2021,False,6,28,144,99,1,Cleveland Cavaliers,East,Central,Toronto Raptors,East,Atlantic
473904,2021-12-26,2021,False,16,22,93,83,1,Miami Heat,East,Southeast,Orlando Magic,East,Southeast
473905,2021-12-26,2021,False,5,12,113,105,1,Chicago Bulls,East,Central,Indiana Pacers,East,Central
473906,2021-12-26,2021,False,30,23,96,117,0,Washington Wizards,East,Southeast,Philadelphia 76ers,East,Atlantic
473907,2021-12-26,2021,False,13,8,100,103,0,LA Clippers,West,Pacific,Denver Nuggets,West,Northwest
473908,2021-12-26,2021,False,26,15,102,127,0,Sacramento Kings,West,Pacific,Memphis Grizzlies,West,Southwest
473915,2021-12-27,2021,False,25,7,117,132,0,Portland Trail Blazers,West,Northwest,Dallas Mavericks,West,Southwest
473910,2021-12-27,2021,False,4,11,123,99,1,Charlotte Hornets,East,Southeast,Houston Rockets,West,Southwest
473912,2021-12-27,2021,False,13,3,108,124,0,LA Clippers,West,Pacific,Brooklyn Nets,East,Atlantic
473913,2021-12-27,2021,False,24,15,113,114,0,Phoenix Suns,West,Pacific,Memphis Grizzlies,West,Southwest
473911,2021-12-27,2021,False,27,29,104,110,0,San Antonio Spurs,West,Southwest,Utah Jazz,West,Northwest
473909,2021-12-27,2021,False,1,5,118,130,0,Atlanta Hawks,East,Southeast,Chicago Bulls,East,Central
473914,2021-12-27,2021,False,18,2,108,103,1,Minnesota Timberwolves,West,Northwest,Boston Celtics,East,Atlantic
473917,2021-12-28,2021,False,10,8,86,89,0,Golden State Warriors,West,Pacific,Denver Nuggets,West,Northwest
473922,2021-12-28,2021,False,19,6,108,104,1,New Orleans Pelicans,West,Southwest,Cleveland Cavaliers,East,Central
473921,2021-12-28,2021,False,18,20,88,96,0,Minnesota Timberwolves,West,Northwest,New York Knicks,East,Atlantic
473918,2021-12-28,2021,False,26,21,117,111,1,Sacramento Kings,West,Pacific,Oklahoma City Thunder,West,Northwest
473923,2021-12-28,2021,False,11,14,123,132,0,Houston Rockets,West,Southwest,Los Angeles Lakers,West,Pacific
473920,2021-12-28,2021,False,28,23,109,114,0,Toronto Raptors,East,Atlantic,Philadelphia 76ers,East,Atlantic
473919,2021-12-28,2021,False,22,17,110,127,0,Orlando Magic,East,Southeast,Milwaukee Bucks,East,Central
473916,2021-12-28,2021,False,16,30,119,112,1,Miami Heat,East,Southeast,Washington Wizards,East,Southeast
473925,2021-12-29,2021,False,9,20,85,94,0,Detroit Pistons,East,Central,New York Knicks,East,Atlantic
473924,2021-12-29,2021,False,12,4,108,116,0,Indiana Pacers,East,Central,Charlotte Hornets,East,Southeast
473931,2021-12-29,2021,False,15,14,104,99,1,Memphis Grizzlies,West,Southwest,Los Angeles Lakers,West,Pacific
473932,2021-12-29,2021,False,26,7,95,94,1,Sacramento Kings,West,Pacific,Dallas Mavericks,West,Southwest
473928,2021-12-29,2021,False,5,1,131,117,1,Chicago Bulls,East,Central,Atlanta Hawks,East,Southeast
473927,2021-12-29,2021,False,25,29,105,120,0,Portland Trail Blazers,West,Northwest,Utah Jazz,West,Northwest
473930,2021-12-29,2021,False,27,16,95,112,0,San Antonio Spurs,West,Southwest,Miami Heat,East,Southeast
473929,2021-12-29,2021,False,24,21,115,97,1,Phoenix Suns,West,Pacific,Oklahoma City Thunder,West,Northwest
473926,2021-12-29,2021,False,2,13,82,91,0,Boston Celtics,East,Atlantic,LA Clippers,West,Pacific
473935,2021-12-30,2021,False,8,10,131,124,1,Denver Nuggets,West,Northwest,Golden State Warriors,West,Pacific
473933,2021-12-30,2021,False,3,23,102,110,0,Brooklyn Nets,East,Atlantic,Philadelphia 76ers,East,Atlantic
473936,2021-12-30,2021,False,30,6,110,93,1,Washington Wizards,East,Southeast,Cleveland Cavaliers,East,Central
473934,2021-12-30,2021,False,22,17,118,136,0,Orlando Magic,East,Southeast,Milwaukee Bucks,East,Central
473938,2021-12-31,2021,False,29,18,120,108,1,Utah Jazz,West,Northwest,Minnesota Timberwolves,West,Northwest
473937,2021-12-31,2021,False,6,1,118,121,0,Cleveland Cavaliers,East,Central,Atlanta Hawks,East,Southeast
473945,2021-12-31,2021,False,21,20,95,80,1,Oklahoma City Thunder,West,Northwest,New York Knicks,East,Atlantic
473939,2021-12-31,2021,False,26,7,96,112,0,Sacramento Kings,West,Pacific,Dallas Mavericks,West,Southwest
473944,2021-12-31,2021,False,28,13,116,108,1,Toronto Raptors,East,Atlantic,LA Clippers,West,Pacific
473940,2021-12-31,2021,False,11,16,110,120,0,Houston Rockets,West,Southwest,Miami Heat,East,Southeast
473946,2021-12-31,2021,False,14,25,139,106,1,Los Angeles Lakers,West,Pacific,Portland Trail Blazers,West,Northwest
473941,2021-12-31,2021,False,2,24,123,108,1,Boston Celtics,East,Atlantic,Phoenix Suns,West,Pacific
473943,2021-12-31,2021,False,15,27,118,105,1,Memphis Grizzlies,West,Southwest,San Antonio Spurs,West,Southwest
473942,2021-12-31,2021,False,12,5,106,108,0,Indiana Pacers,East,Central,Chicago Bulls,East,Central
473949,2022-01-01,2021,False,3,13,116,120,0,Brooklyn Nets,East,Atlantic,LA Clippers,West,Pacific
473950,2022-01-01,2021,False,30,5,119,120,0,Washington Wizards,East,Southeast,Chicago Bulls,East,Central
473948,2022-01-01,2021,False,17,19,136,113,1,Milwaukee Bucks,East,Central,New Orleans Pelicans,West,Southwest
473951,2022-01-01,2021,False,11,8,111,124,0,Houston Rockets,West,Southwest,Denver Nuggets,West,Northwest
473947,2022-01-01,2021,False,9,27,117,116,1,Detroit Pistons,East,Central,San Antonio Spurs,West,Southwest
473952,2022-01-01,2021,False,29,10,116,123,0,Utah Jazz,West,Northwest,Golden State Warriors,West,Pacific
473953,2022-01-02,2021,False,2,22,116,111,1,Boston Celtics,East,Atlantic,Orlando Magic,East,Southeast
473957,2022-01-02,2021,False,26,16,115,113,1,Sacramento Kings,West,Pacific,Miami Heat,East,Southeast
473954,2022-01-02,2021,False,21,7,86,95,0,Oklahoma City Thunder,West,Northwest,Dallas Mavericks,West,Southwest
473959,2022-01-02,2021,False,6,12,108,104,1,Cleveland Cavaliers,East,Central,Indiana Pacers,East,Central
473955,2022-01-02,2021,False,28,20,120,105,1,Toronto Raptors,East,Atlantic,New York Knicks,East,Atlantic
473956,2022-01-02,2021,False,4,24,99,133,0,Charlotte Hornets,East,Southeast,Phoenix Suns,West,Pacific
473958,2022-01-02,2021,False,14,18,108,103,1,Los Angeles Lakers,West,Pacific,Minnesota Timberwolves,West,Northwest
473964,2022-01-03,2021,False,10,16,115,108,1,Golden State Warriors,West,Pacific,Miami Heat,East,Southeast
473967,2022-01-03,2021,False,17,9,106,115,0,Milwaukee Bucks,East,Central,Detroit Pistons,East,Central
473969,2022-01-03,2021,False,13,18,104,122,0,LA Clippers,West,Pacific,Minnesota Timberwolves,West,Northwest
473962,2022-01-03,2021,False,3,15,104,118,0,Brooklyn Nets,East,Atlantic,Memphis Grizzlies,West,Southwest
473965,2022-01-03,2021,False,5,22,102,98,1,Chicago Bulls,East,Central,Orlando Magic,East,Southeast
473966,2022-01-03,2021,False,30,4,124,121,1,Washington Wizards,East,Southeast,Charlotte Hornets,East,Southeast
473968,2022-01-03,2021,False,25,1,136,131,1,Portland Trail Blazers,West,Northwest,Atlanta Hawks,East,Southeast
473963,2022-01-03,2021,False,23,11,133,113,1,Philadelphia 76ers,East,Atlantic,Houston Rockets,West,Southwest
473961,2022-01-03,2021,False,7,8,103,89,1,Dallas Mavericks,West,Southwest,Denver Nuggets,West,Northwest
473960,2022-01-03,2021,False,19,29,104,115,0,New Orleans Pelicans,West,Southwest,Utah Jazz,West,Northwest
473971,2022-01-04,2021,False,28,27,129,104,1,Toronto Raptors,East,Atlantic,San Antonio Spurs,West,Southwest
473974,2022-01-04,2021,False,20,12,104,94,1,New York Knicks,East,Atlantic,Indiana Pacers,East,Central
473970,2022-01-04,2021,False,6,15,106,110,0,Cleveland Cavaliers,East,Central,Memphis Grizzlies,West,Southwest
473972,2022-01-04,2021,False,19,24,110,123,0,New Orleans Pelicans,West,Southwest,Phoenix Suns,West,Pacific
473973,2022-01-04,2021,False,14,26,122,114,1,Los Angeles Lakers,West,Pacific,Sacramento Kings,West,Pacific
473977,2022-01-05,2021,False,22,23,106,116,0,Orlando Magic,East,Southeast,Philadelphia 76ers,East,Atlantic
473979,2022-01-05,2021,False,18,21,98,90,1,Minnesota Timberwolves,West,Northwest,Oklahoma City Thunder,West,Northwest
473978,2022-01-05,2021,False,30,11,111,114,0,Washington Wizards,East,Southeast,Houston Rockets,West,Southwest
473975,2022-01-05,2021,False,12,3,121,129,0,Indiana Pacers,East,Central,Brooklyn Nets,East,Atlantic
473982,2022-01-05,2021,False,17,28,111,117,0,Milwaukee Bucks,East,Central,Toronto Raptors,East,Atlantic
473984,2022-01-05,2021,False,8,29,109,115,0,Denver Nuggets,West,Northwest,Utah Jazz,West,Northwest
473976,2022-01-05,2021,False,4,9,140,111,1,Charlotte Hornets,East,Southeast,Detroit Pistons,East,Central
473983,2022-01-05,2021,False,25,16,109,115,0,Portland Trail Blazers,West,Northwest,Miami Heat,East,Southeast
473985,2022-01-05,2021,False,26,1,102,108,0,Sacramento Kings,West,Pacific,Atlanta Hawks,East,Southeast
473981,2022-01-05,2021,False,2,27,97,99,0,Boston Celtics,East,Atlantic,San Antonio Spurs,West,Southwest
473980,2022-01-05,2021,False,7,10,99,82,1,Dallas Mavericks,West,Southwest,Golden State Warriors,West,Pacific
473989,2022-01-06,2021,False,19,10,101,96,1,New Orleans Pelicans,West,Southwest,Golden State Warriors,West,Pacific
473987,2022-01-06,2021,False,24,13,106,89,1,Phoenix Suns,West,Pacific,LA Clippers,West,Pacific
473988,2022-01-06,2021,False,15,9,118,88,1,Memphis Grizzlies,West,Southwest,Detroit Pistons,East,Central
473986,2022-01-06,2021,False,20,2,108,105,1,New York Knicks,East,Atlantic,Boston Celtics,East,Atlantic
473993,2022-01-07,2021,False,28,29,122,108,1,Toronto Raptors,East,Atlantic,Utah Jazz,West,Northwest
473994,2022-01-07,2021,False,21,18,105,135,0,Oklahoma City Thunder,West,Northwest,Minnesota Timberwolves,West,Northwest
473991,2022-01-07,2021,False,3,17,109,121,0,Brooklyn Nets,East,Atlantic,Milwaukee Bucks,East,Central
473998,2022-01-07,2021,False,11,7,106,130,0,Houston Rockets,West,Southwest,Dallas Mavericks,West,Southwest
473997,2022-01-07,2021,False,14,1,134,118,1,Los Angeles Lakers,West,Pacific,Atlanta Hawks,East,Southeast
473996,2022-01-07,2021,False,8,26,121,111,1,Denver Nuggets,West,Northwest,Sacramento Kings,West,Pacific
473990,2022-01-07,2021,False,5,30,130,122,1,Chicago Bulls,East,Central,Washington Wizards,East,Southeast
473992,2022-01-07,2021,False,23,27,119,100,1,Philadelphia 76ers,East,Atlantic,San Antonio Spurs,West,Southwest
473995,2022-01-07,2021,False,25,6,101,114,0,Portland Trail Blazers,West,Northwest,Cleveland Cavaliers,East,Central
474003,2022-01-08,2021,False,12,29,125,113,1,Indiana Pacers,East,Central,Utah Jazz,West,Northwest
474001,2022-01-08,2021,False,9,22,97,92,1,Detroit Pistons,East,Central,Orlando Magic,East,Southeast
474000,2022-01-08,2021,False,24,16,100,123,0,Phoenix Suns,West,Pacific,Miami Heat,East,Southeast
473999,2022-01-08,2021,False,13,15,108,123,0,LA Clippers,West,Pacific,Memphis Grizzlies,West,Southwest
474002,2022-01-08,2021,False,2,20,99,75,1,Boston Celtics,East,Atlantic,New York Knicks,East,Atlantic
474004,2022-01-08,2021,False,4,17,114,106,1,Charlotte Hornets,East,Southeast,Milwaukee Bucks,East,Central
474011,2022-01-09,2021,False,25,26,103,88,1,Portland Trail Blazers,West,Northwest,Sacramento Kings,West,Pacific
474014,2022-01-09,2021,False,7,5,113,99,1,Dallas Mavericks,West,Southwest,Chicago Bulls,East,Central
474005,2022-01-09,2021,False,21,8,95,99,0,Oklahoma City Thunder,West,Northwest,Denver Nuggets,West,Northwest
474010,2022-01-09,2021,False,10,6,96,82,1,Golden State Warriors,West,Pacific,Cleveland Cavaliers,East,Central
474007,2022-01-09,2021,False,22,30,100,102,0,Orlando Magic,East,Southeast,Washington Wizards,East,Southeast
474009,2022-01-09,2021,False,13,1,106,93,1,LA Clippers,West,Pacific,Atlanta Hawks,East,Southeast
474008,2022-01-09,2021,False,11,18,123,141,0,Houston Rockets,West,Southwest,Minnesota Timberwolves,West,Northwest
474012,2022-01-09,2021,False,3,27,121,119,1,Brooklyn Nets,East,Atlantic,San Antonio Spurs,West,Southwest
474013,2022-01-09,2021,False,14,15,119,127,0,Los Angeles Lakers,West,Pacific,Memphis Grizzlies,West,Southwest
474006,2022-01-09,2021,False,28,19,105,101,1,Toronto Raptors,East,Atlantic,New Orleans Pelicans,West,Southwest
474019,2022-01-10,2021,False,26,6,108,109,0,Sacramento Kings,West,Pacific,Cleveland Cavaliers,East,Central
474018,2022-01-10,2021,False,20,27,111,96,1,New York Knicks,East,Atlantic,San Antonio Spurs,West,Southwest
474017,2022-01-10,2021,False,4,17,103,99,1,Charlotte Hornets,East,Southeast,Milwaukee Bucks,East,Central
474016,2022-01-10,2021,False,2,12,101,98,1,Boston Celtics,East,Atlantic,Indiana Pacers,East,Central
474015,2022-01-10,2021,False,9,29,126,116,1,Detroit Pistons,East,Central,Utah Jazz,West,Northwest
474020,2022-01-11,2021,False,13,8,87,85,1,LA Clippers,West,Pacific,Denver Nuggets,West,Northwest
474022,2022-01-11,2021,False,19,18,128,125,1,New Orleans Pelicans,West,Southwest,Minnesota Timberwolves,West,Northwest
474023,2022-01-11,2021,False,28,24,95,99,0,Toronto Raptors,East,Atlantic,Phoenix Suns,West,Pacific
474021,2022-01-11,2021,False,15,10,116,108,1,Memphis Grizzlies,West,Southwest,Golden State Warriors,West,Pacific
474024,2022-01-11,2021,False,30,21,122,118,1,Washington Wizards,East,Southeast,Oklahoma City Thunder,West,Northwest
474027,2022-01-12,2021,False,27,11,124,128,0,San Antonio Spurs,West,Southwest,Houston Rockets,West,Southwest
474026,2022-01-12,2021,False,29,6,91,111,0,Utah Jazz,West,Northwest,Cleveland Cavaliers,East,Central
474029,2022-01-12,2021,False,5,3,112,138,0,Chicago Bulls,East,Central,Brooklyn Nets,East,Atlantic
474025,2022-01-12,2021,False,1,16,91,115,0,Atlanta Hawks,East,Southeast,Miami Heat,East,Southeast
474034,2022-01-12,2021,False,26,14,125,116,1,Sacramento Kings,West,Pacific,Los Angeles Lakers,West,Pacific
474032,2022-01-12,2021,False,12,2,100,119,0,Indiana Pacers,East,Central,Boston Celtics,East,Atlantic
474033,2022-01-12,2021,False,20,7,108,85,1,New York Knicks,East,Atlantic,Dallas Mavericks,West,Southwest
474031,2022-01-12,2021,False,30,22,112,106,1,Washington Wizards,East,Southeast,Orlando Magic,East,Southeast
474030,2022-01-12,2021,False,23,4,98,109,0,Philadelphia 76ers,East,Atlantic,Charlotte Hornets,East,Southeast
474028,2022-01-12,2021,False,9,24,108,135,0,Detroit Pistons,East,Central,Phoenix Suns,West,Pacific
474037,2022-01-13,2021,False,8,25,140,108,1,Denver Nuggets,West,Northwest,Portland Trail Blazers,West,Northwest
474035,2022-01-13,2021,False,17,10,118,99,1,Milwaukee Bucks,East,Central,Golden State Warriors,West,Pacific
474036,2022-01-13,2021,False,15,18,116,108,1,Memphis Grizzlies,West,Southwest,Minnesota Timberwolves,West,Northwest
474039,2022-01-13,2021,False,3,21,109,130,0,Brooklyn Nets,East,Atlantic,Oklahoma City Thunder,West,Northwest
474038,2022-01-13,2021,False,19,13,113,89,1,New Orleans Pelicans,West,Southwest,LA Clippers,West,Pacific
474042,2022-01-14,2021,False,16,1,124,118,1,Miami Heat,East,Southeast,Atlanta Hawks,East,Southeast
474043,2022-01-14,2021,False,23,2,111,99,1,Philadelphia 76ers,East,Atlantic,Boston Celtics,East,Atlantic
474044,2022-01-14,2021,False,12,24,94,112,0,Indiana Pacers,East,Central,Phoenix Suns,West,Pacific
474046,2022-01-14,2021,False,15,7,85,112,0,Memphis Grizzlies,West,Southwest,Dallas Mavericks,West,Southwest
474048,2022-01-14,2021,False,26,11,126,114,1,Sacramento Kings,West,Pacific,Houston Rockets,West,Southwest
474040,2022-01-14,2021,False,27,6,109,114,0,San Antonio Spurs,West,Southwest,Cleveland Cavaliers,East,Central
474041,2022-01-14,2021,False,5,10,96,138,0,Chicago Bulls,East,Central,Golden State Warriors,West,Pacific
474045,2022-01-14,2021,False,9,28,103,87,1,Detroit Pistons,East,Central,Toronto Raptors,East,Atlantic
474047,2022-01-14,2021,False,4,22,109,116,0,Charlotte Hornets,East,Southeast,Orlando Magic,East,Southeast
474056,2022-01-15,2021,False,17,28,96,103,0,Milwaukee Bucks,East,Central,Toronto Raptors,East,Atlantic
474054,2022-01-15,2021,False,1,20,108,117,0,Atlanta Hawks,East,Southeast,New York Knicks,East,Atlantic
474057,2022-01-15,2021,False,16,23,98,109,0,Miami Heat,East,Southeast,Philadelphia 76ers,East,Atlantic
474050,2022-01-15,2021,False,7,22,108,92,1,Dallas Mavericks,West,Southwest,Orlando Magic,East,Southeast
474058,2022-01-15,2021,False,27,13,101,94,1,San Antonio Spurs,West,Southwest,LA Clippers,West,Pacific
474053,2022-01-15,2021,False,21,6,102,107,0,Oklahoma City Thunder,West,Northwest,Cleveland Cavaliers,East,Central
474051,2022-01-15,2021,False,2,5,114,112,1,Boston Celtics,East,Atlantic,Chicago Bulls,East,Central
474052,2022-01-15,2021,False,30,25,110,115,0,Washington Wizards,East,Southeast,Portland Trail Blazers,West,Northwest
474049,2022-01-15,2021,False,8,14,133,96,1,Denver Nuggets,West,Northwest,Los Angeles Lakers,West,Pacific
474055,2022-01-15,2021,False,3,19,120,105,1,Brooklyn Nets,East,Atlantic,New Orleans Pelicans,West,Southwest
474060,2022-01-16,2021,False,18,10,119,99,1,Minnesota Timberwolves,West,Northwest,Golden State Warriors,West,Pacific
474059,2022-01-16,2021,False,26,11,112,118,0,Sacramento Kings,West,Pacific,Houston Rockets,West,Southwest
474061,2022-01-16,2021,False,8,29,102,125,0,Denver Nuggets,West,Northwest,Utah Jazz,West,Northwest
474065,2022-01-17,2021,False,2,19,104,92,1,Boston Celtics,East,Atlantic,New Orleans Pelicans,West,Southwest
474068,2022-01-17,2021,False,1,17,121,114,1,Atlanta Hawks,East,Southeast,Milwaukee Bucks,East,Central
474067,2022-01-17,2021,False,15,5,119,106,1,Memphis Grizzlies,West,Southwest,Chicago Bulls,East,Central
474069,2022-01-17,2021,False,16,28,104,99,1,Miami Heat,East,Southeast,Toronto Raptors,East,Atlantic
474072,2022-01-17,2021,False,27,24,107,121,0,San Antonio Spurs,West,Southwest,Phoenix Suns,West,Pacific
474063,2022-01-17,2021,False,13,12,139,133,1,LA Clippers,West,Pacific,Indiana Pacers,East,Central
474062,2022-01-17,2021,False,6,3,114,107,1,Cleveland Cavaliers,East,Central,Brooklyn Nets,East,Atlantic
474066,2022-01-17,2021,False,20,4,87,97,0,New York Knicks,East,Atlantic,Charlotte Hornets,East,Southeast
474071,2022-01-17,2021,False,22,25,88,98,0,Orlando Magic,East,Southeast,Portland Trail Blazers,West,Northwest
474064,2022-01-17,2021,False,30,23,117,98,1,Washington Wizards,East,Southeast,Philadelphia 76ers,East,Atlantic
474070,2022-01-17,2021,False,7,21,104,102,1,Dallas Mavericks,West,Southwest,Oklahoma City Thunder,West,Northwest
474073,2022-01-17,2021,False,14,29,101,95,1,Los Angeles Lakers,West,Pacific,Utah Jazz,West,Northwest
474074,2022-01-18,2021,False,10,9,102,86,1,Golden State Warriors,West,Pacific,Detroit Pistons,East,Central
474075,2022-01-18,2021,False,20,18,110,112,0,New York Knicks,East,Atlantic,Minnesota Timberwolves,West,Northwest
474084,2022-01-19,2021,False,27,21,118,96,1,San Antonio Spurs,West,Southwest,Oklahoma City Thunder,West,Northwest
474081,2022-01-19,2021,False,23,22,123,110,1,Philadelphia 76ers,East,Atlantic,Orlando Magic,East,Southeast
474085,2022-01-19,2021,False,29,11,111,116,0,Utah Jazz,West,Northwest,Houston Rockets,West,Southwest
474080,2022-01-19,2021,False,5,6,117,104,1,Chicago Bulls,East,Central,Cleveland Cavaliers,East,Central
474083,2022-01-19,2021,False,1,18,134,122,1,Atlanta Hawks,East,Southeast,Minnesota Timberwolves,West,Northwest
474086,2022-01-19,2021,False,8,13,130,128,1,Denver Nuggets,West,Northwest,LA Clippers,West,Pacific
474077,2022-01-19,2021,False,16,25,104,92,1,Miami Heat,East,Southeast,Portland Trail Blazers,West,Northwest
474079,2022-01-19,2021,False,2,4,102,111,0,Boston Celtics,East,Atlantic,Charlotte Hornets,East,Southeast
474087,2022-01-19,2021,False,26,9,131,133,0,Sacramento Kings,West,Pacific,Detroit Pistons,East,Central
474078,2022-01-19,2021,False,7,28,102,98,1,Dallas Mavericks,West,Southwest,Toronto Raptors,East,Atlantic
474088,2022-01-19,2021,False,14,12,104,111,0,Los Angeles Lakers,West,Pacific,Indiana Pacers,East,Central
474076,2022-01-19,2021,False,30,3,118,119,0,Washington Wizards,East,Southeast,Brooklyn Nets,East,Atlantic
474082,2022-01-19,2021,False,17,15,126,114,1,Milwaukee Bucks,East,Central,Memphis Grizzlies,West,Southwest
474090,2022-01-20,2021,False,7,24,101,109,0,Dallas Mavericks,West,Southwest,Phoenix Suns,West,Pacific
474089,2022-01-20,2021,False,20,19,91,102,0,New York Knicks,East,Atlantic,New Orleans Pelicans,West,Southwest
474091,2022-01-20,2021,False,10,12,117,121,0,Golden State Warriors,West,Pacific,Indiana Pacers,East,Central
474099,2022-01-21,2021,False,27,3,102,117,0,San Antonio Spurs,West,Southwest,Brooklyn Nets,East,Atlantic
474096,2022-01-21,2021,False,1,16,110,108,1,Atlanta Hawks,East,Southeast,Miami Heat,East,Southeast
474097,2022-01-21,2021,False,2,25,105,109,0,Boston Celtics,East,Atlantic,Portland Trail Blazers,West,Northwest
474098,2022-01-21,2021,False,22,14,105,116,0,Orlando Magic,East,Southeast,Los Angeles Lakers,West,Pacific
474095,2022-01-21,2021,False,23,13,101,102,0,Philadelphia 76ers,East,Atlantic,LA Clippers,West,Pacific
474101,2022-01-21,2021,False,8,15,118,122,0,Denver Nuggets,West,Northwest,Memphis Grizzlies,West,Southwest
474100,2022-01-21,2021,False,29,9,111,101,1,Utah Jazz,West,Northwest,Detroit Pistons,East,Central
474093,2022-01-21,2021,False,4,21,121,98,1,Charlotte Hornets,East,Southeast,Oklahoma City Thunder,West,Northwest
474092,2022-01-21,2021,False,17,5,94,90,1,Milwaukee Bucks,East,Central,Chicago Bulls,East,Central
474102,2022-01-21,2021,False,10,11,105,103,1,Golden State Warriors,West,Pacific,Houston Rockets,West,Southwest
474094,2022-01-21,2021,False,30,28,105,109,0,Washington Wizards,East,Southeast,Toronto Raptors,East,Atlantic
474104,2022-01-22,2021,False,6,21,94,87,1,Cleveland Cavaliers,East,Central,Oklahoma City Thunder,West,Northwest
474103,2022-01-22,2021,False,24,12,113,103,1,Phoenix Suns,West,Pacific,Indiana Pacers,East,Central
474105,2022-01-22,2021,False,17,26,133,127,1,Milwaukee Bucks,East,Central,Sacramento Kings,West,Pacific
474111,2022-01-23,2021,False,28,25,105,114,0,Toronto Raptors,East,Atlantic,Portland Trail Blazers,West,Northwest
474109,2022-01-23,2021,False,7,15,104,91,1,Dallas Mavericks,West,Southwest,Memphis Grizzlies,West,Southwest
474108,2022-01-23,2021,False,20,13,110,102,1,New York Knicks,East,Atlantic,LA Clippers,West,Pacific
474110,2022-01-23,2021,False,4,1,91,113,0,Charlotte Hornets,East,Southeast,Atlanta Hawks,East,Southeast
474113,2022-01-23,2021,False,30,2,87,116,0,Washington Wizards,East,Southeast,Boston Celtics,East,Atlantic
474112,2022-01-23,2021,False,27,23,109,115,0,San Antonio Spurs,West,Southwest,Philadelphia 76ers,East,Atlantic
474114,2022-01-23,2021,False,18,3,136,125,1,Minnesota Timberwolves,West,Northwest,Brooklyn Nets,East,Atlantic
474106,2022-01-23,2021,False,22,5,114,95,1,Orlando Magic,East,Southeast,Chicago Bulls,East,Central
474107,2022-01-23,2021,False,16,14,113,107,1,Miami Heat,East,Southeast,Los Angeles Lakers,West,Pacific
474116,2022-01-23,2021,False,10,29,94,92,1,Golden State Warriors,West,Pacific,Utah Jazz,West,Northwest
474115,2022-01-23,2021,False,8,9,117,111,1,Denver Nuggets,West,Northwest,Detroit Pistons,East,Central
474119,2022-01-24,2021,False,19,12,117,113,1,New Orleans Pelicans,West,Southwest,Indiana Pacers,East,Central
474118,2022-01-24,2021,False,6,20,95,93,1,Cleveland Cavaliers,East,Central,New York Knicks,East,Atlantic
474121,2022-01-24,2021,False,1,5,130,124,1,Atlanta Hawks,East,Southeast,Chicago Bulls,East,Central
474117,2022-01-24,2021,False,11,23,91,111,0,Houston Rockets,West,Southwest,Philadelphia 76ers,East,Atlantic
474120,2022-01-24,2021,False,24,29,115,109,1,Phoenix Suns,West,Pacific,Utah Jazz,West,Northwest
474125,2022-01-25,2021,False,30,13,115,116,0,Washington Wizards,East,Southeast,LA Clippers,West,Pacific
474129,2022-01-25,2021,False,10,7,130,92,1,Golden State Warriors,West,Pacific,Dallas Mavericks,West,Southwest
474123,2022-01-25,2021,False,9,8,105,110,0,Detroit Pistons,East,Central,Denver Nuggets,West,Northwest
474128,2022-01-25,2021,False,25,18,107,109,0,Portland Trail Blazers,West,Northwest,Minnesota Timberwolves,West,Northwest
474126,2022-01-25,2021,False,3,14,96,106,0,Brooklyn Nets,East,Atlantic,Los Angeles Lakers,West,Pacific
474124,2022-01-25,2021,False,2,26,128,75,1,Boston Celtics,East,Atlantic,Sacramento Kings,West,Pacific
474122,2022-01-25,2021,False,28,4,125,113,1,Toronto Raptors,East,Atlantic,Charlotte Hornets,East,Southeast
474127,2022-01-25,2021,False,11,27,104,134,0,Houston Rockets,West,Southwest,San Antonio Spurs,West,Southwest
474136,2022-01-26,2021,False,19,8,105,116,0,New Orleans Pelicans,West,Southwest,Denver Nuggets,West,Northwest
474134,2022-01-26,2021,False,27,15,110,118,0,San Antonio Spurs,West,Southwest,Memphis Grizzlies,West,Southwest
474130,2022-01-26,2021,False,12,4,126,158,0,Indiana Pacers,East,Central,Charlotte Hornets,East,Southeast
474140,2022-01-26,2021,False,25,7,112,132,0,Portland Trail Blazers,West,Northwest,Dallas Mavericks,West,Southwest
474139,2022-01-26,2021,False,29,24,97,105,0,Utah Jazz,West,Northwest,Phoenix Suns,West,Pacific
474138,2022-01-26,2021,False,3,28,97,133,0,Brooklyn Nets,East,Atlantic,Toronto Raptors,East,Atlantic
474131,2022-01-26,2021,False,6,17,115,99,1,Cleveland Cavaliers,East,Central,Milwaukee Bucks,East,Central
474133,2022-01-26,2021,False,22,13,102,111,0,Orlando Magic,East,Southeast,LA Clippers,West,Pacific
474137,2022-01-26,2021,False,16,20,110,96,1,Miami Heat,East,Southeast,New York Knicks,East,Atlantic
474135,2022-01-26,2021,False,21,5,110,111,0,Oklahoma City Thunder,West,Northwest,Chicago Bulls,East,Central
474132,2022-01-26,2021,False,1,26,121,104,1,Atlanta Hawks,East,Southeast,Sacramento Kings,West,Pacific
474141,2022-01-27,2021,False,10,18,124,115,1,Golden State Warriors,West,Pacific,Minnesota Timberwolves,West,Northwest
474142,2022-01-27,2021,False,23,14,105,87,1,Philadelphia 76ers,East,Atlantic,Los Angeles Lakers,West,Pacific
474149,2022-01-28,2021,False,27,5,131,122,1,San Antonio Spurs,West,Southwest,Chicago Bulls,East,Central
474152,2022-01-28,2021,False,24,18,134,124,1,Phoenix Suns,West,Pacific,Minnesota Timberwolves,West,Northwest
474145,2022-01-28,2021,False,1,2,108,92,1,Atlanta Hawks,East,Southeast,Boston Celtics,East,Atlantic
474150,2022-01-28,2021,False,11,25,110,125,0,Houston Rockets,West,Southwest,Portland Trail Blazers,West,Northwest
474146,2022-01-28,2021,False,16,13,121,114,1,Miami Heat,East,Southeast,LA Clippers,West,Pacific
474143,2022-01-28,2021,False,22,9,119,103,1,Orlando Magic,East,Southeast,Detroit Pistons,East,Central
474144,2022-01-28,2021,False,4,14,117,114,1,Charlotte Hornets,East,Southeast,Los Angeles Lakers,West,Pacific
474151,2022-01-28,2021,False,17,20,123,108,1,Milwaukee Bucks,East,Central,New York Knicks,East,Atlantic
474147,2022-01-28,2021,False,21,12,110,113,0,Oklahoma City Thunder,West,Northwest,Indiana Pacers,East,Central
474148,2022-01-28,2021,False,15,29,119,109,1,Memphis Grizzlies,West,Southwest,Utah Jazz,West,Northwest
474155,2022-01-29,2021,False,7,12,132,105,1,Dallas Mavericks,West,Southwest,Indiana Pacers,East,Central
474154,2022-01-29,2021,False,19,2,97,107,0,New Orleans Pelicans,West,Southwest,Boston Celtics,East,Atlantic
474157,2022-01-29,2021,False,16,28,120,124,0,Miami Heat,East,Southeast,Toronto Raptors,East,Atlantic
474158,2022-01-29,2021,False,15,30,115,95,1,Memphis Grizzlies,West,Southwest,Washington Wizards,East,Southeast
474156,2022-01-29,2021,False,10,3,110,106,1,Golden State Warriors,West,Pacific,Brooklyn Nets,East,Atlantic
474153,2022-01-29,2021,False,23,26,103,101,1,Philadelphia 76ers,East,Atlantic,Sacramento Kings,West,Pacific
474162,2022-01-30,2021,False,4,13,90,115,0,Charlotte Hornets,East,Southeast,LA Clippers,West,Pacific
474161,2022-01-30,2021,False,9,6,115,105,1,Detroit Pistons,East,Central,Cleveland Cavaliers,East,Central
474166,2022-01-30,2021,False,24,27,115,110,1,Phoenix Suns,West,Pacific,San Antonio Spurs,West,Southwest
474160,2022-01-30,2021,False,17,8,100,136,0,Milwaukee Bucks,East,Central,Denver Nuggets,West,Northwest
474163,2022-01-30,2021,False,18,29,126,106,1,Minnesota Timberwolves,West,Northwest,Utah Jazz,West,Northwest
474165,2022-01-30,2021,False,1,14,129,121,1,Atlanta Hawks,East,Southeast,Los Angeles Lakers,West,Pacific
474159,2022-01-30,2021,False,5,25,130,116,1,Chicago Bulls,East,Central,Portland Trail Blazers,West,Northwest
474164,2022-01-30,2021,False,22,7,110,108,1,Orlando Magic,East,Southeast,Dallas Mavericks,West,Southwest
474170,2022-01-31,2021,False,2,16,122,92,1,Boston Celtics,East,Atlantic,Miami Heat,East,Southeast
474171,2022-01-31,2021,False,23,15,122,119,1,Philadelphia 76ers,East,Atlantic,Memphis Grizzlies,West,Southwest
474168,2022-01-31,2021,False,12,13,122,116,1,Indiana Pacers,East,Central,LA Clippers,West,Pacific
474172,2022-01-31,2021,False,11,10,108,122,0,Houston Rockets,West,Southwest,Golden State Warriors,West,Pacific
474169,2022-01-31,2021,False,21,25,98,81,1,Oklahoma City Thunder,West,Northwest,Portland Trail Blazers,West,Northwest
474167,2022-01-31,2021,False,6,19,93,90,1,Cleveland Cavaliers,East,Central,New Orleans Pelicans,West,Southwest
474173,2022-01-31,2021,False,20,26,116,96,1,New York Knicks,East,Atlantic,Sacramento Kings,West,Pacific
474180,2022-02-01,2021,False,18,8,130,115,1,Minnesota Timberwolves,West,Northwest,Denver Nuggets,West,Northwest
474175,2022-02-01,2021,False,27,10,120,124,0,San Antonio Spurs,West,Southwest,Golden State Warriors,West,Pacific
474177,2022-02-01,2021,False,17,30,112,98,1,Milwaukee Bucks,East,Central,Washington Wizards,East,Southeast
474174,2022-02-01,2021,False,9,19,101,111,0,Detroit Pistons,East,Central,New Orleans Pelicans,West,Southwest
474178,2022-02-01,2021,False,1,28,100,106,0,Atlanta Hawks,East,Southeast,Toronto Raptors,East,Atlantic
474179,2022-02-01,2021,False,5,22,126,115,1,Chicago Bulls,East,Central,Orlando Magic,East,Southeast
474176,2022-02-01,2021,False,24,3,121,111,1,Phoenix Suns,West,Pacific,Brooklyn Nets,East,Atlantic
474185,2022-02-02,2021,False,11,6,115,104,1,Houston Rockets,West,Southwest,Cleveland Cavaliers,East,Central
474183,2022-02-02,2021,False,23,30,103,106,0,Philadelphia 76ers,East,Atlantic,Washington Wizards,East,Southeast
474184,2022-02-02,2021,False,7,21,114,120,0,Dallas Mavericks,West,Southwest,Oklahoma City Thunder,West,Northwest
474187,2022-02-02,2021,False,2,4,113,107,1,Boston Celtics,East,Atlantic,Charlotte Hornets,East,Southeast
474186,2022-02-02,2021,False,20,15,108,120,0,New York Knicks,East,Atlantic,Memphis Grizzlies,West,Southwest
474188,2022-02-02,2021,False,26,3,112,101,1,Sacramento Kings,West,Pacific,Brooklyn Nets,East,Atlantic
474181,2022-02-02,2021,False,12,22,118,119,0,Indiana Pacers,East,Central,Orlando Magic,East,Southeast
474189,2022-02-02,2021,False,14,25,99,94,1,Los Angeles Lakers,West,Pacific,Portland Trail Blazers,West,Northwest
474182,2022-02-02,2021,False,29,8,108,104,1,Utah Jazz,West,Northwest,Denver Nuggets,West,Northwest
474191,2022-02-03,2021,False,28,16,110,106,1,Toronto Raptors,East,Atlantic,Miami Heat,East,Southeast
474192,2022-02-03,2021,False,10,26,126,114,1,Golden State Warriors,West,Pacific,Sacramento Kings,West,Pacific
474190,2022-02-03,2021,False,1,24,124,115,1,Atlanta Hawks,East,Southeast,Phoenix Suns,West,Pacific
474193,2022-02-03,2021,False,9,18,117,128,0,Detroit Pistons,East,Central,Minnesota Timberwolves,West,Northwest
474194,2022-02-03,2021,False,13,14,111,110,1,LA Clippers,West,Pacific,Los Angeles Lakers,West,Pacific
474202,2022-02-04,2021,False,29,3,125,102,1,Utah Jazz,West,Northwest,Brooklyn Nets,East,Atlantic
474201,2022-02-04,2021,False,28,1,125,114,1,Toronto Raptors,East,Atlantic,Atlanta Hawks,East,Southeast
474203,2022-02-04,2021,False,4,6,101,102,0,Charlotte Hornets,East,Southeast,Cleveland Cavaliers,East,Central
474198,2022-02-04,2021,False,12,5,115,122,0,Indiana Pacers,East,Central,Chicago Bulls,East,Central
474200,2022-02-04,2021,False,9,2,93,102,0,Detroit Pistons,East,Central,Boston Celtics,East,Atlantic
474197,2022-02-04,2021,False,8,19,105,113,0,Denver Nuggets,West,Northwest,New Orleans Pelicans,West,Southwest
474199,2022-02-04,2021,False,27,11,131,106,1,San Antonio Spurs,West,Southwest,Houston Rockets,West,Southwest
474195,2022-02-04,2021,False,7,23,107,98,1,Dallas Mavericks,West,Southwest,Philadelphia 76ers,East,Atlantic
474196,2022-02-04,2021,False,25,21,93,96,0,Portland Trail Blazers,West,Northwest,Oklahoma City Thunder,West,Northwest
474204,2022-02-05,2021,False,30,24,80,95,0,Washington Wizards,East,Southeast,Phoenix Suns,West,Pacific
474209,2022-02-05,2021,False,25,17,108,137,0,Portland Trail Blazers,West,Northwest,Milwaukee Bucks,East,Central
474207,2022-02-05,2021,False,14,20,122,115,1,Los Angeles Lakers,West,Pacific,New York Knicks,East,Atlantic
474205,2022-02-05,2021,False,22,15,115,135,0,Orlando Magic,East,Southeast,Memphis Grizzlies,West,Southwest
474208,2022-02-05,2021,False,26,21,113,103,1,Sacramento Kings,West,Pacific,Oklahoma City Thunder,West,Northwest
474206,2022-02-05,2021,False,4,16,86,104,0,Charlotte Hornets,East,Southeast,Miami Heat,East,Southeast
474215,2022-02-06,2021,False,11,19,107,120,0,Houston Rockets,West,Southwest,New Orleans Pelicans,West,Southwest
474214,2022-02-06,2021,False,7,1,103,94,1,Dallas Mavericks,West,Southwest,Atlanta Hawks,East,Southeast
474212,2022-02-06,2021,False,8,3,124,104,1,Denver Nuggets,West,Northwest,Brooklyn Nets,East,Atlantic
474216,2022-02-06,2021,False,13,17,113,137,0,LA Clippers,West,Pacific,Milwaukee Bucks,East,Central
474213,2022-02-06,2021,False,18,9,118,105,1,Minnesota Timberwolves,West,Northwest,Detroit Pistons,East,Central
474217,2022-02-06,2021,False,22,2,83,116,0,Orlando Magic,East,Southeast,Boston Celtics,East,Atlantic
474211,2022-02-06,2021,False,6,12,98,85,1,Cleveland Cavaliers,East,Central,Indiana Pacers,East,Central
474210,2022-02-06,2021,False,5,23,108,119,0,Chicago Bulls,East,Central,Philadelphia 76ers,East,Atlantic
474220,2022-02-07,2021,False,29,20,113,104,1,Utah Jazz,West,Northwest,New York Knicks,East,Atlantic
474221,2022-02-07,2021,False,4,28,101,116,0,Charlotte Hornets,East,Southeast,Toronto Raptors,East,Atlantic
474218,2022-02-07,2021,False,5,24,124,127,0,Chicago Bulls,East,Central,Phoenix Suns,West,Pacific
474219,2022-02-07,2021,False,21,10,98,110,0,Oklahoma City Thunder,West,Northwest,Golden State Warriors,West,Pacific
474222,2022-02-07,2021,False,30,16,100,121,0,Washington Wizards,East,Southeast,Miami Heat,East,Southeast
474230,2022-02-08,2021,False,14,17,116,131,0,Los Angeles Lakers,West,Pacific,Milwaukee Bucks,East,Central
474229,2022-02-08,2021,False,19,11,110,97,1,New Orleans Pelicans,West,Southwest,Houston Rockets,West,Southwest
474232,2022-02-08,2021,False,8,20,132,115,1,Denver Nuggets,West,Northwest,New York Knicks,East,Atlantic
474225,2022-02-08,2021,False,3,2,91,126,0,Brooklyn Nets,East,Atlantic,Boston Celtics,East,Atlantic
474231,2022-02-08,2021,False,7,9,116,86,1,Dallas Mavericks,West,Southwest,Detroit Pistons,East,Central
474227,2022-02-08,2021,False,26,18,114,134,0,Sacramento Kings,West,Pacific,Minnesota Timberwolves,West,Northwest
474224,2022-02-08,2021,False,1,12,133,112,1,Atlanta Hawks,East,Southeast,Indiana Pacers,East,Central
474226,2022-02-08,2021,False,15,13,135,109,1,Memphis Grizzlies,West,Southwest,LA Clippers,West,Pacific
474228,2022-02-08,2021,False,25,22,95,113,0,Portland Trail Blazers,West,Northwest,Orlando Magic,East,Southeast
474223,2022-02-08,2021,False,23,24,109,114,0,Philadelphia 76ers,East,Atlantic,Phoenix Suns,West,Pacific
474233,2022-02-09,2021,False,4,5,109,121,0,Charlotte Hornets,East,Southeast,Chicago Bulls,East,Central
474237,2022-02-09,2021,False,21,28,98,117,0,Oklahoma City Thunder,West,Northwest,Toronto Raptors,East,Atlantic
474236,2022-02-09,2021,False,25,14,107,105,1,Portland Trail Blazers,West,Northwest,Los Angeles Lakers,West,Pacific
474235,2022-02-09,2021,False,29,10,111,85,1,Utah Jazz,West,Northwest,Golden State Warriors,West,Pacific
474238,2022-02-09,2021,False,26,18,132,119,1,Sacramento Kings,West,Pacific,Minnesota Timberwolves,West,Northwest
474234,2022-02-09,2021,False,6,27,105,92,1,Cleveland Cavaliers,East,Central,San Antonio Spurs,West,Southwest
474241,2022-02-10,2021,False,24,17,131,107,1,Phoenix Suns,West,Pacific,Milwaukee Bucks,East,Central
474245,2022-02-10,2021,False,11,28,120,139,0,Houston Rockets,West,Southwest,Toronto Raptors,East,Atlantic
474240,2022-02-10,2021,False,30,3,113,112,1,Washington Wizards,East,Southeast,Brooklyn Nets,East,Atlantic
474243,2022-02-10,2021,False,10,20,114,116,0,Golden State Warriors,West,Pacific,New York Knicks,East,Atlantic
474239,2022-02-10,2021,False,19,16,97,112,0,New Orleans Pelicans,West,Southwest,Miami Heat,East,Southeast
474242,2022-02-10,2021,False,7,13,112,105,1,Dallas Mavericks,West,Southwest,LA Clippers,West,Pacific
474244,2022-02-10,2021,False,9,15,107,132,0,Detroit Pistons,East,Central,Memphis Grizzlies,West,Southwest
474250,2022-02-11,2021,False,12,6,113,120,0,Indiana Pacers,East,Central,Cleveland Cavaliers,East,Central
474246,2022-02-11,2021,False,5,18,134,122,1,Chicago Bulls,East,Central,Minnesota Timberwolves,West,Northwest
474251,2022-02-11,2021,False,23,21,100,87,1,Philadelphia 76ers,East,Atlantic,Oklahoma City Thunder,West,Northwest
474248,2022-02-11,2021,False,29,22,114,99,1,Utah Jazz,West,Northwest,Orlando Magic,East,Southeast
474247,2022-02-11,2021,False,2,8,108,102,1,Boston Celtics,East,Atlantic,Denver Nuggets,West,Northwest
474249,2022-02-11,2021,False,9,4,119,141,0,Detroit Pistons,East,Central,Charlotte Hornets,East,Southeast
474252,2022-02-11,2021,False,1,27,121,136,0,Atlanta Hawks,East,Southeast,San Antonio Spurs,West,Southwest
474259,2022-02-12,2021,False,28,8,109,110,0,Toronto Raptors,East,Atlantic,Denver Nuggets,West,Northwest
474254,2022-02-12,2021,False,4,15,118,125,0,Charlotte Hornets,East,Southeast,Memphis Grizzlies,West,Southwest
474262,2022-02-12,2021,False,19,27,114,124,0,New Orleans Pelicans,West,Southwest,San Antonio Spurs,West,Southwest
474253,2022-02-12,2021,False,25,20,112,103,1,Portland Trail Blazers,West,Northwest,New York Knicks,East,Atlantic
474256,2022-02-12,2021,False,16,3,115,111,1,Miami Heat,East,Southeast,Brooklyn Nets,East,Atlantic
474260,2022-02-12,2021,False,7,13,97,99,0,Dallas Mavericks,West,Southwest,LA Clippers,West,Pacific
474258,2022-02-12,2021,False,23,6,103,93,1,Philadelphia 76ers,East,Atlantic,Cleveland Cavaliers,East,Central
474257,2022-02-12,2021,False,10,14,117,115,1,Golden State Warriors,West,Pacific,Los Angeles Lakers,West,Pacific
474255,2022-02-12,2021,False,30,26,110,123,0,Washington Wizards,East,Southeast,Sacramento Kings,West,Pacific
474261,2022-02-12,2021,False,5,21,106,101,1,Chicago Bulls,East,Central,Oklahoma City Thunder,West,Northwest
474263,2022-02-12,2021,False,24,22,132,105,1,Phoenix Suns,West,Pacific,Orlando Magic,East,Southeast
474264,2022-02-13,2021,False,2,1,105,95,1,Boston Celtics,East,Atlantic,Atlanta Hawks,East,Southeast
474265,2022-02-13,2021,False,12,18,120,129,0,Indiana Pacers,East,Central,Minnesota Timberwolves,West,Northwest
474274,2022-02-14,2021,False,20,21,123,127,0,New York Knicks,East,Atlantic,Oklahoma City Thunder,West,Northwest
474273,2022-02-14,2021,False,19,28,120,90,1,New Orleans Pelicans,West,Southwest,Toronto Raptors,East,Atlantic
474271,2022-02-14,2021,False,29,11,135,101,1,Utah Jazz,West,Northwest,Houston Rockets,West,Southwest
474272,2022-02-14,2021,False,3,26,109,85,1,Brooklyn Nets,East,Atlantic,Sacramento Kings,West,Pacific
474268,2022-02-14,2021,False,30,9,103,94,1,Washington Wizards,East,Southeast,Detroit Pistons,East,Central
474270,2022-02-14,2021,False,8,22,121,111,1,Denver Nuggets,West,Northwest,Orlando Magic,East,Southeast
474269,2022-02-14,2021,False,5,27,120,109,1,Chicago Bulls,East,Central,San Antonio Spurs,West,Southwest
474266,2022-02-14,2021,False,17,25,107,122,0,Milwaukee Bucks,East,Central,Portland Trail Blazers,West,Northwest
474267,2022-02-14,2021,False,13,10,119,104,1,LA Clippers,West,Pacific,Golden State Warriors,West,Pacific
474278,2022-02-15,2021,False,19,15,109,121,0,New Orleans Pelicans,West,Southwest,Memphis Grizzlies,West,Southwest
474275,2022-02-15,2021,False,1,6,124,116,1,Atlanta Hawks,East,Southeast,Cleveland Cavaliers,East,Central
474280,2022-02-15,2021,False,17,12,128,119,1,Milwaukee Bucks,East,Central,Indiana Pacers,East,Central
474277,2022-02-15,2021,False,16,7,99,107,0,Miami Heat,East,Southeast,Dallas Mavericks,West,Southwest
474276,2022-02-15,2021,False,23,2,87,135,0,Philadelphia 76ers,East,Atlantic,Boston Celtics,East,Atlantic
474279,2022-02-15,2021,False,18,4,126,120,1,Minnesota Timberwolves,West,Northwest,Charlotte Hornets,East,Southeast
474281,2022-02-15,2021,False,24,13,103,96,1,Phoenix Suns,West,Pacific,LA Clippers,West,Pacific
474286,2022-02-16,2021,False,12,30,113,108,1,Indiana Pacers,East,Central,Washington Wizards,East,Southeast
474290,2022-02-16,2021,False,24,11,124,121,1,Phoenix Suns,West,Pacific,Houston Rockets,West,Southwest
474291,2022-02-16,2021,False,10,8,116,117,0,Golden State Warriors,West,Pacific,Denver Nuggets,West,Northwest
474285,2022-02-16,2021,False,15,25,119,123,0,Memphis Grizzlies,West,Southwest,Portland Trail Blazers,West,Northwest
474292,2022-02-16,2021,False,14,29,106,101,1,Los Angeles Lakers,West,Pacific,Utah Jazz,West,Northwest
474283,2022-02-16,2021,False,18,28,91,103,0,Minnesota Timberwolves,West,Northwest,Toronto Raptors,East,Atlantic
474289,2022-02-16,2021,False,21,27,106,114,0,Oklahoma City Thunder,West,Northwest,San Antonio Spurs,West,Southwest
474288,2022-02-16,2021,False,2,9,111,112,0,Boston Celtics,East,Atlantic,Detroit Pistons,East,Central
474282,2022-02-16,2021,False,20,3,106,111,0,New York Knicks,East,Atlantic,Brooklyn Nets,East,Atlantic
474287,2022-02-16,2021,False,22,1,109,130,0,Orlando Magic,East,Southeast,Atlanta Hawks,East,Southeast
474284,2022-02-16,2021,False,5,26,125,118,1,Chicago Bulls,East,Central,Sacramento Kings,West,Pacific
474296,2022-02-17,2021,False,13,11,142,111,1,LA Clippers,West,Pacific,Houston Rockets,West,Southwest
474293,2022-02-17,2021,False,17,23,120,123,0,Milwaukee Bucks,East,Central,Philadelphia 76ers,East,Atlantic
474294,2022-02-17,2021,False,19,7,118,125,0,New Orleans Pelicans,West,Southwest,Dallas Mavericks,West,Southwest
474295,2022-02-17,2021,False,4,16,107,111,0,Charlotte Hornets,East,Southeast,Miami Heat,East,Southeast
474300,2022-02-24,2021,False,9,6,106,103,1,Detroit Pistons,East,Central,Cleveland Cavaliers,East,Central
474302,2022-02-24,2021,False,21,24,104,124,0,Oklahoma City Thunder,West,Northwest,Phoenix Suns,West,Pacific
474297,2022-02-24,2021,False,25,10,95,132,0,Portland Trail Blazers,West,Northwest,Golden State Warriors,West,Pacific
474298,2022-02-24,2021,False,5,1,112,108,1,Chicago Bulls,East,Central,Atlanta Hawks,East,Southeast
474301,2022-02-24,2021,False,3,2,106,129,0,Brooklyn Nets,East,Atlantic,Boston Celtics,East,Atlantic
474299,2022-02-24,2021,False,18,15,119,114,1,Minnesota Timberwolves,West,Northwest,Memphis Grizzlies,West,Southwest
474303,2022-02-24,2021,False,26,8,110,128,0,Sacramento Kings,West,Pacific,Denver Nuggets,West,Northwest
474312,2022-02-25,2021,False,14,13,102,105,0,Los Angeles Lakers,West,Pacific,LA Clippers,West,Pacific
474304,2022-02-25,2021,False,20,16,100,115,0,New York Knicks,East,Atlantic,Miami Heat,East,Southeast
474306,2022-02-25,2021,False,18,23,102,133,0,Minnesota Timberwolves,West,Northwest,Philadelphia 76ers,East,Atlantic
474307,2022-02-25,2021,False,30,27,153,157,0,Washington Wizards,East,Southeast,San Antonio Spurs,West,Southwest
474309,2022-02-25,2021,False,12,21,125,129,0,Indiana Pacers,East,Central,Oklahoma City Thunder,West,Northwest
474308,2022-02-25,2021,False,29,7,114,109,1,Utah Jazz,West,Northwest,Dallas Mavericks,West,Southwest
474305,2022-02-25,2021,False,24,19,102,117,0,Phoenix Suns,West,Pacific,New Orleans Pelicans,West,Southwest
474311,2022-02-25,2021,False,22,11,119,111,1,Orlando Magic,East,Southeast,Houston Rockets,West,Southwest
474310,2022-02-25,2021,False,4,28,125,93,1,Charlotte Hornets,East,Southeast,Toronto Raptors,East,Atlantic
474315,2022-02-26,2021,False,6,30,92,86,1,Cleveland Cavaliers,East,Central,Washington Wizards,East,Southeast
474317,2022-02-26,2021,False,16,27,133,129,1,Miami Heat,East,Southeast,San Antonio Spurs,West,Southwest
474319,2022-02-26,2021,False,5,15,110,116,0,Chicago Bulls,East,Central,Memphis Grizzlies,West,Southwest
474313,2022-02-26,2021,False,1,28,127,100,1,Atlanta Hawks,East,Southeast,Toronto Raptors,East,Atlantic
474314,2022-02-26,2021,False,8,26,115,110,1,Denver Nuggets,West,Northwest,Sacramento Kings,West,Pacific
474316,2022-02-26,2021,False,9,2,104,113,0,Detroit Pistons,East,Central,Boston Celtics,East,Atlantic
474318,2022-02-26,2021,False,17,3,123,126,0,Milwaukee Bucks,East,Central,Brooklyn Nets,East,Atlantic
474321,2022-02-27,2021,False,20,23,109,125,0,New York Knicks,East,Atlantic,Philadelphia 76ers,East,Atlantic
474326,2022-02-27,2021,False,14,19,95,123,0,Los Angeles Lakers,West,Pacific,New Orleans Pelicans,West,Southwest
474327,2022-02-27,2021,False,24,29,114,118,0,Phoenix Suns,West,Pacific,Utah Jazz,West,Northwest
474322,2022-02-27,2021,False,25,8,92,124,0,Portland Trail Blazers,West,Northwest,Denver Nuggets,West,Northwest
474320,2022-02-27,2021,False,12,2,128,107,1,Indiana Pacers,East,Central,Boston Celtics,East,Atlantic
474324,2022-02-27,2021,False,10,7,101,107,0,Golden State Warriors,West,Pacific,Dallas Mavericks,West,Southwest
474325,2022-02-27,2021,False,11,13,98,99,0,Houston Rockets,West,Southwest,LA Clippers,West,Pacific
474323,2022-02-27,2021,False,4,9,126,127,0,Charlotte Hornets,East,Southeast,Detroit Pistons,East,Central
474329,2022-02-28,2021,False,16,5,112,99,1,Miami Heat,East,Southeast,Chicago Bulls,East,Central
474332,2022-02-28,2021,False,22,12,119,103,1,Orlando Magic,East,Southeast,Indiana Pacers,East,Central
474328,2022-02-28,2021,False,17,4,130,106,1,Milwaukee Bucks,East,Central,Charlotte Hornets,East,Southeast
474330,2022-02-28,2021,False,6,18,122,127,0,Cleveland Cavaliers,East,Central,Minnesota Timberwolves,West,Northwest
474333,2022-02-28,2021,False,21,26,110,131,0,Oklahoma City Thunder,West,Northwest,Sacramento Kings,West,Pacific
474331,2022-02-28,2021,False,15,27,118,105,1,Memphis Grizzlies,West,Southwest,San Antonio Spurs,West,Southwest
474338,2022-03-01,2021,False,14,7,104,109,0,Los Angeles Lakers,West,Pacific,Dallas Mavericks,West,Southwest
474334,2022-03-01,2021,False,30,9,116,113,1,Washington Wizards,East,Southeast,Detroit Pistons,East,Central
474335,2022-03-01,2021,False,11,13,100,113,0,Houston Rockets,West,Southwest,LA Clippers,West,Pacific
474336,2022-03-01,2021,False,2,1,107,98,1,Boston Celtics,East,Atlantic,Atlanta Hawks,East,Southeast
474337,2022-03-01,2021,False,28,3,109,108,1,Toronto Raptors,East,Atlantic,Brooklyn Nets,East,Atlantic
474339,2022-03-01,2021,False,18,10,129,114,1,Minnesota Timberwolves,West,Northwest,Golden State Warriors,West,Pacific
474343,2022-03-02,2021,False,23,20,123,108,1,Philadelphia 76ers,East,Atlantic,New York Knicks,East,Atlantic
474346,2022-03-02,2021,False,24,25,120,90,1,Phoenix Suns,West,Pacific,Portland Trail Blazers,West,Northwest
474341,2022-03-02,2021,False,11,29,127,132,0,Houston Rockets,West,Southwest,Utah Jazz,West,Northwest
474342,2022-03-02,2021,False,17,16,120,119,1,Milwaukee Bucks,East,Central,Miami Heat,East,Southeast
474344,2022-03-02,2021,False,22,12,114,122,0,Orlando Magic,East,Southeast,Indiana Pacers,East,Central
474340,2022-03-02,2021,False,19,26,125,95,1,New Orleans Pelicans,West,Southwest,Sacramento Kings,West,Pacific
474345,2022-03-02,2021,False,6,4,98,119,0,Cleveland Cavaliers,East,Central,Charlotte Hornets,East,Southeast
474347,2022-03-02,2021,False,8,21,107,119,0,Denver Nuggets,West,Northwest,Oklahoma City Thunder,West,Northwest
474349,2022-03-03,2021,False,2,15,120,107,1,Boston Celtics,East,Atlantic,Memphis Grizzlies,West,Southwest
474353,2022-03-03,2021,False,13,14,132,111,1,LA Clippers,West,Pacific,Los Angeles Lakers,West,Pacific
474351,2022-03-03,2021,False,3,16,107,113,0,Brooklyn Nets,East,Atlantic,Miami Heat,East,Southeast
474350,2022-03-03,2021,False,7,10,122,113,1,Dallas Mavericks,West,Southwest,Golden State Warriors,West,Pacific
474348,2022-03-03,2021,False,28,9,106,108,0,Toronto Raptors,East,Atlantic,Detroit Pistons,East,Central
474352,2022-03-03,2021,False,27,26,112,115,0,San Antonio Spurs,West,Southwest,Sacramento Kings,West,Pacific
474357,2022-03-04,2021,False,9,12,111,106,1,Detroit Pistons,East,Central,Indiana Pacers,East,Central
474356,2022-03-04,2021,False,8,11,116,101,1,Denver Nuggets,West,Northwest,Houston Rockets,West,Southwest
474361,2022-03-04,2021,False,23,6,125,119,1,Philadelphia 76ers,East,Atlantic,Cleveland Cavaliers,East,Central
474360,2022-03-04,2021,False,5,17,112,118,0,Chicago Bulls,East,Central,Milwaukee Bucks,East,Central
474354,2022-03-04,2021,False,19,29,124,90,1,New Orleans Pelicans,West,Southwest,Utah Jazz,West,Northwest
474355,2022-03-04,2021,False,21,18,101,138,0,Oklahoma City Thunder,West,Northwest,Minnesota Timberwolves,West,Northwest
474359,2022-03-04,2021,False,24,20,115,114,1,Phoenix Suns,West,Pacific,New York Knicks,East,Atlantic
474358,2022-03-04,2021,False,30,1,114,117,0,Washington Wizards,East,Southeast,Atlanta Hawks,East,Southeast
474365,2022-03-05,2021,False,15,22,124,96,1,Memphis Grizzlies,West,Southwest,Orlando Magic,East,Southeast
474366,2022-03-05,2021,False,4,27,123,117,1,Charlotte Hornets,East,Southeast,San Antonio Spurs,West,Southwest
474363,2022-03-05,2021,False,16,23,99,82,1,Miami Heat,East,Southeast,Philadelphia 76ers,East,Atlantic
474364,2022-03-05,2021,False,7,26,114,113,1,Dallas Mavericks,West,Southwest,Sacramento Kings,West,Pacific
474367,2022-03-05,2021,False,14,10,124,116,1,Los Angeles Lakers,West,Pacific,Golden State Warriors,West,Pacific
474362,2022-03-05,2021,False,18,25,135,121,1,Minnesota Timberwolves,West,Northwest,Portland Trail Blazers,West,Northwest
474371,2022-03-06,2021,False,2,3,126,120,1,Boston Celtics,East,Atlantic,Brooklyn Nets,East,Atlantic
474369,2022-03-06,2021,False,8,19,138,130,1,Denver Nuggets,West,Northwest,New Orleans Pelicans,West,Southwest
474372,2022-03-06,2021,False,17,24,132,122,1,Milwaukee Bucks,East,Central,Phoenix Suns,West,Pacific
474373,2022-03-06,2021,False,30,12,133,123,1,Washington Wizards,East,Southeast,Indiana Pacers,East,Central
474375,2022-03-06,2021,False,13,20,93,116,0,LA Clippers,West,Pacific,New York Knicks,East,Atlantic
474374,2022-03-06,2021,False,6,28,104,96,1,Cleveland Cavaliers,East,Central,Toronto Raptors,East,Atlantic
474370,2022-03-06,2021,False,11,15,123,112,1,Houston Rockets,West,Southwest,Memphis Grizzlies,West,Southwest
474368,2022-03-06,2021,False,21,29,103,116,0,Oklahoma City Thunder,West,Northwest,Utah Jazz,West,Northwest
474380,2022-03-07,2021,False,7,29,111,103,1,Dallas Mavericks,West,Southwest,Utah Jazz,West,Northwest
474378,2022-03-07,2021,False,16,11,123,106,1,Miami Heat,East,Southeast,Houston Rockets,West,Southwest
474381,2022-03-07,2021,False,26,20,115,131,0,Sacramento Kings,West,Pacific,New York Knicks,East,Atlantic
474377,2022-03-07,2021,False,23,5,121,106,1,Philadelphia 76ers,East,Atlantic,Chicago Bulls,East,Central
474379,2022-03-07,2021,False,18,25,124,81,1,Minnesota Timberwolves,West,Northwest,Portland Trail Blazers,West,Northwest
474382,2022-03-07,2021,False,27,14,117,110,1,San Antonio Spurs,West,Southwest,Los Angeles Lakers,West,Pacific
474376,2022-03-07,2021,False,9,1,113,110,1,Detroit Pistons,East,Central,Atlanta Hawks,East,Southeast
474386,2022-03-08,2021,False,22,24,99,102,0,Orlando Magic,East,Southeast,Phoenix Suns,West,Pacific
474385,2022-03-08,2021,False,15,19,132,111,1,Memphis Grizzlies,West,Southwest,New Orleans Pelicans,West,Southwest
474384,2022-03-08,2021,False,12,6,124,127,0,Indiana Pacers,East,Central,Cleveland Cavaliers,East,Central
474387,2022-03-08,2021,False,21,17,115,142,0,Oklahoma City Thunder,West,Northwest,Milwaukee Bucks,East,Central
474383,2022-03-08,2021,False,4,3,121,132,0,Charlotte Hornets,East,Southeast,Brooklyn Nets,East,Atlantic
474388,2022-03-08,2021,False,10,13,112,97,1,Golden State Warriors,West,Pacific,LA Clippers,West,Pacific
474391,2022-03-09,2021,False,18,21,132,102,1,Minnesota Timberwolves,West,Northwest,Oklahoma City Thunder,West,Northwest
474393,2022-03-09,2021,False,11,14,139,130,1,Houston Rockets,West,Southwest,Los Angeles Lakers,West,Pacific
474394,2022-03-09,2021,False,16,24,90,111,0,Miami Heat,East,Southeast,Phoenix Suns,West,Pacific
474390,2022-03-09,2021,False,19,22,102,108,0,New Orleans Pelicans,West,Southwest,Orlando Magic,East,Southeast
474397,2022-03-09,2021,False,27,28,104,119,0,San Antonio Spurs,West,Southwest,Toronto Raptors,East,Atlantic
474389,2022-03-09,2021,False,17,1,124,115,1,Milwaukee Bucks,East,Central,Atlanta Hawks,East,Southeast
474395,2022-03-09,2021,False,4,2,101,115,0,Charlotte Hornets,East,Southeast,Boston Celtics,East,Atlantic
474396,2022-03-09,2021,False,7,20,77,107,0,Dallas Mavericks,West,Southwest,New York Knicks,East,Atlantic
474399,2022-03-09,2021,False,26,8,100,106,0,Sacramento Kings,West,Pacific,Denver Nuggets,West,Northwest
474392,2022-03-09,2021,False,9,5,108,114,0,Detroit Pistons,East,Central,Chicago Bulls,East,Central
474400,2022-03-09,2021,False,13,30,115,109,1,LA Clippers,West,Pacific,Washington Wizards,East,Southeast
474398,2022-03-09,2021,False,29,25,123,85,1,Utah Jazz,West,Northwest,Portland Trail Blazers,West,Northwest
474402,2022-03-10,2021,False,8,10,102,113,0,Denver Nuggets,West,Northwest,Golden State Warriors,West,Pacific
474401,2022-03-10,2021,False,23,3,100,129,0,Philadelphia 76ers,East,Atlantic,Brooklyn Nets,East,Atlantic
474406,2022-03-11,2021,False,16,6,117,105,1,Miami Heat,East,Southeast,Cleveland Cavaliers,East,Central
474407,2022-03-11,2021,False,19,4,120,142,0,New Orleans Pelicans,West,Southwest,Charlotte Hornets,East,Southeast
474411,2022-03-11,2021,False,14,30,122,109,1,Los Angeles Lakers,West,Pacific,Washington Wizards,East,Southeast
474412,2022-03-11,2021,False,24,28,112,117,0,Phoenix Suns,West,Pacific,Toronto Raptors,East,Atlantic
474410,2022-03-11,2021,False,27,29,104,102,1,San Antonio Spurs,West,Southwest,Utah Jazz,West,Northwest
474405,2022-03-11,2021,False,22,18,118,110,1,Orlando Magic,East,Southeast,Minnesota Timberwolves,West,Northwest
474403,2022-03-11,2021,False,15,20,118,114,1,Memphis Grizzlies,West,Southwest,New York Knicks,East,Atlantic
474409,2022-03-11,2021,False,2,9,114,103,1,Boston Celtics,East,Atlantic,Detroit Pistons,East,Central
474404,2022-03-11,2021,False,11,7,100,113,0,Houston Rockets,West,Southwest,Dallas Mavericks,West,Southwest
474408,2022-03-11,2021,False,1,13,112,106,1,Atlanta Hawks,East,Southeast,LA Clippers,West,Pacific
474415,2022-03-12,2021,False,5,6,101,91,1,Chicago Bulls,East,Central,Cleveland Cavaliers,East,Central
474413,2022-03-12,2021,False,16,18,104,113,0,Miami Heat,East,Southeast,Minnesota Timberwolves,West,Northwest
474417,2022-03-12,2021,False,10,17,122,109,1,Golden State Warriors,West,Pacific,Milwaukee Bucks,East,Central
474418,2022-03-12,2021,False,27,12,108,119,0,San Antonio Spurs,West,Southwest,Indiana Pacers,East,Central
474414,2022-03-12,2021,False,29,26,134,125,1,Utah Jazz,West,Northwest,Sacramento Kings,West,Pacific
474419,2022-03-12,2021,False,25,30,127,118,1,Portland Trail Blazers,West,Northwest,Washington Wizards,East,Southeast
474416,2022-03-12,2021,False,8,28,115,127,0,Denver Nuggets,West,Northwest,Toronto Raptors,East,Atlantic
474425,2022-03-13,2021,False,9,13,102,106,0,Detroit Pistons,East,Central,LA Clippers,West,Pacific
474421,2022-03-13,2021,False,2,7,92,95,0,Boston Celtics,East,Atlantic,Dallas Mavericks,West,Southwest
474426,2022-03-13,2021,False,21,15,118,125,0,Oklahoma City Thunder,West,Northwest,Memphis Grizzlies,West,Southwest
474422,2022-03-13,2021,False,3,20,110,107,1,Brooklyn Nets,East,Atlantic,New York Knicks,East,Atlantic
474420,2022-03-13,2021,False,1,12,131,128,1,Atlanta Hawks,East,Southeast,Indiana Pacers,East,Central
474423,2022-03-13,2021,False,19,11,130,105,1,New Orleans Pelicans,West,Southwest,Houston Rockets,West,Southwest
474424,2022-03-13,2021,False,22,23,114,116,0,Orlando Magic,East,Southeast,Philadelphia 76ers,East,Atlantic
474427,2022-03-13,2021,False,24,14,140,111,1,Phoenix Suns,West,Pacific,Los Angeles Lakers,West,Pacific
474429,2022-03-14,2021,False,27,18,139,149,0,San Antonio Spurs,West,Southwest,Minnesota Timberwolves,West,Northwest
474433,2022-03-14,2021,False,26,5,112,103,1,Sacramento Kings,West,Pacific,Chicago Bulls,East,Central
474435,2022-03-14,2021,False,10,30,126,112,1,Golden State Warriors,West,Pacific,Washington Wizards,East,Southeast
474428,2022-03-14,2021,False,6,13,120,111,1,Cleveland Cavaliers,East,Central,LA Clippers,West,Pacific
474436,2022-03-14,2021,False,14,28,103,114,0,Los Angeles Lakers,West,Pacific,Toronto Raptors,East,Atlantic
474434,2022-03-14,2021,False,1,25,122,113,1,Atlanta Hawks,East,Southeast,Portland Trail Blazers,West,Northwest
474431,2022-03-14,2021,False,29,17,111,117,0,Utah Jazz,West,Northwest,Milwaukee Bucks,East,Central
474430,2022-03-14,2021,False,23,8,110,114,0,Philadelphia 76ers,East,Atlantic,Denver Nuggets,West,Northwest
474432,2022-03-14,2021,False,21,4,116,134,0,Oklahoma City Thunder,West,Northwest,Charlotte Hornets,East,Southeast
474440,2022-03-15,2021,False,16,9,105,98,1,Miami Heat,East,Southeast,Detroit Pistons,East,Central
474439,2022-03-15,2021,False,19,24,115,131,0,New Orleans Pelicans,West,Southwest,Phoenix Suns,West,Pacific
474438,2022-03-15,2021,False,12,15,102,135,0,Indiana Pacers,East,Central,Memphis Grizzlies,West,Southwest
474437,2022-03-15,2021,False,22,3,108,150,0,Orlando Magic,East,Southeast,Brooklyn Nets,East,Atlantic
474441,2022-03-16,2021,False,18,14,124,104,1,Minnesota Timberwolves,West,Northwest,Los Angeles Lakers,West,Pacific
474448,2022-03-16,2021,False,27,21,122,120,1,San Antonio Spurs,West,Southwest,Oklahoma City Thunder,West,Northwest
474446,2022-03-16,2021,False,6,23,114,118,0,Cleveland Cavaliers,East,Central,Philadelphia 76ers,East,Atlantic
474451,2022-03-16,2021,False,26,17,126,135,0,Sacramento Kings,West,Pacific,Milwaukee Bucks,East,Central
474444,2022-03-16,2021,False,4,1,116,106,1,Charlotte Hornets,East,Southeast,Atlanta Hawks,East,Southeast
474452,2022-03-16,2021,False,13,28,100,103,0,LA Clippers,West,Pacific,Toronto Raptors,East,Atlantic
474450,2022-03-16,2021,False,10,2,88,110,0,Golden State Warriors,West,Pacific,Boston Celtics,East,Atlantic
474449,2022-03-16,2021,False,29,5,125,110,1,Utah Jazz,West,Northwest,Chicago Bulls,East,Central
474447,2022-03-16,2021,False,30,8,109,127,0,Washington Wizards,East,Southeast,Denver Nuggets,West,Northwest
474445,2022-03-16,2021,False,11,24,112,129,0,Houston Rockets,West,Southwest,Phoenix Suns,West,Pacific
474442,2022-03-16,2021,False,20,25,128,98,1,New York Knicks,East,Atlantic,Portland Trail Blazers,West,Northwest
474443,2022-03-16,2021,False,3,7,111,113,0,Brooklyn Nets,East,Atlantic,Dallas Mavericks,West,Southwest
474453,2022-03-17,2021,False,22,9,120,134,0,Orlando Magic,East,Southeast,Detroit Pistons,East,Central
474460,2022-03-18,2021,False,3,25,128,123,1,Brooklyn Nets,East,Atlantic,Portland Trail Blazers,West,Northwest
474462,2022-03-18,2021,False,29,13,121,92,1,Utah Jazz,West,Northwest,LA Clippers,West,Pacific
474461,2022-03-18,2021,False,11,12,118,121,0,Houston Rockets,West,Southwest,Indiana Pacers,East,Central
474463,2022-03-18,2021,False,27,19,91,124,0,San Antonio Spurs,West,Southwest,New Orleans Pelicans,West,Southwest
474458,2022-03-18,2021,False,1,15,120,105,1,Atlanta Hawks,East,Southeast,Memphis Grizzlies,West,Southwest
474454,2022-03-18,2021,False,23,7,111,101,1,Philadelphia 76ers,East,Atlantic,Dallas Mavericks,West,Southwest
474459,2022-03-18,2021,False,28,14,123,128,0,Toronto Raptors,East,Atlantic,Los Angeles Lakers,West,Pacific
474455,2022-03-18,2021,False,6,8,119,116,1,Cleveland Cavaliers,East,Central,Denver Nuggets,West,Northwest
474457,2022-03-18,2021,False,20,30,100,97,1,New York Knicks,East,Atlantic,Washington Wizards,East,Southeast
474464,2022-03-18,2021,False,24,5,129,102,1,Phoenix Suns,West,Pacific,Chicago Bulls,East,Central
474456,2022-03-18,2021,False,16,21,120,108,1,Miami Heat,East,Southeast,Oklahoma City Thunder,West,Northwest
474465,2022-03-18,2021,False,26,2,97,126,0,Sacramento Kings,West,Pacific,Boston Celtics,East,Atlantic
474466,2022-03-19,2021,False,4,7,129,108,1,Charlotte Hornets,East,Southeast,Dallas Mavericks,West,Southwest
474469,2022-03-19,2021,False,30,14,127,119,1,Washington Wizards,East,Southeast,Los Angeles Lakers,West,Pacific
474468,2022-03-19,2021,False,6,9,113,109,1,Cleveland Cavaliers,East,Central,Detroit Pistons,East,Central
474467,2022-03-19,2021,False,18,17,138,119,1,Minnesota Timberwolves,West,Northwest,Milwaukee Bucks,East,Central
474471,2022-03-20,2021,False,26,24,124,127,0,Sacramento Kings,West,Pacific,Phoenix Suns,West,Pacific
474473,2022-03-20,2021,False,22,21,90,85,1,Orlando Magic,East,Southeast,Oklahoma City Thunder,West,Northwest
474478,2022-03-20,2021,False,10,27,108,110,0,Golden State Warriors,West,Pacific,San Antonio Spurs,West,Southwest
474472,2022-03-20,2021,False,23,28,88,93,0,Philadelphia 76ers,East,Atlantic,Toronto Raptors,East,Atlantic
474470,2022-03-20,2021,False,1,19,112,117,0,Atlanta Hawks,East,Southeast,New Orleans Pelicans,West,Southwest
474476,2022-03-20,2021,False,11,15,98,122,0,Houston Rockets,West,Southwest,Memphis Grizzlies,West,Southwest
474474,2022-03-20,2021,False,12,25,129,98,1,Indiana Pacers,East,Central,Portland Trail Blazers,West,Northwest
474475,2022-03-20,2021,False,20,29,93,108,0,New York Knicks,East,Atlantic,Utah Jazz,West,Northwest
474477,2022-03-20,2021,False,8,2,104,124,0,Denver Nuggets,West,Northwest,Boston Celtics,East,Atlantic
474484,2022-03-21,2021,False,4,19,106,103,1,Charlotte Hornets,East,Southeast,New Orleans Pelicans,West,Southwest
474479,2022-03-21,2021,False,23,16,113,106,1,Philadelphia 76ers,East,Atlantic,Miami Heat,East,Southeast
474482,2022-03-21,2021,False,6,14,120,131,0,Cleveland Cavaliers,East,Central,Los Angeles Lakers,West,Pacific
474486,2022-03-21,2021,False,9,25,115,119,0,Detroit Pistons,East,Central,Portland Trail Blazers,West,Northwest
474480,2022-03-21,2021,False,7,18,110,108,1,Dallas Mavericks,West,Southwest,Minnesota Timberwolves,West,Northwest
474485,2022-03-21,2021,False,3,29,114,106,1,Brooklyn Nets,East,Atlantic,Utah Jazz,West,Northwest
474481,2022-03-21,2021,False,11,30,115,97,1,Houston Rockets,West,Southwest,Washington Wizards,East,Southeast
474483,2022-03-21,2021,False,5,28,113,99,1,Chicago Bulls,East,Central,Toronto Raptors,East,Atlantic
474487,2022-03-21,2021,False,21,2,123,132,0,Oklahoma City Thunder,West,Northwest,Boston Celtics,East,Atlantic
474491,2022-03-22,2021,False,17,5,126,98,1,Milwaukee Bucks,East,Central,Chicago Bulls,East,Central
474489,2022-03-22,2021,False,20,1,111,117,0,New York Knicks,East,Atlantic,Atlanta Hawks,East,Southeast
474490,2022-03-22,2021,False,8,13,127,115,1,Denver Nuggets,West,Northwest,LA Clippers,West,Pacific
474488,2022-03-22,2021,False,22,10,94,90,1,Orlando Magic,East,Southeast,Golden State Warriors,West,Pacific
474498,2022-03-23,2021,False,15,3,132,120,1,Memphis Grizzlies,West,Southwest,Brooklyn Nets,East,Atlantic
474492,2022-03-23,2021,False,9,1,122,101,1,Detroit Pistons,East,Central,Atlanta Hawks,East,Southeast
474499,2022-03-23,2021,False,14,23,121,126,0,Los Angeles Lakers,West,Pacific,Philadelphia 76ers,East,Atlantic
474500,2022-03-23,2021,False,16,10,104,118,0,Miami Heat,East,Southeast,Golden State Warriors,West,Pacific
474502,2022-03-23,2021,False,25,27,96,133,0,Portland Trail Blazers,West,Northwest,San Antonio Spurs,West,Southwest
474494,2022-03-23,2021,False,4,20,106,121,0,Charlotte Hornets,East,Southeast,New York Knicks,East,Atlantic
474497,2022-03-23,2021,False,7,11,110,91,1,Dallas Mavericks,West,Southwest,Houston Rockets,West,Southwest
474493,2022-03-23,2021,False,12,26,109,110,0,Indiana Pacers,East,Central,Sacramento Kings,West,Pacific
474495,2022-03-23,2021,False,2,29,125,97,1,Boston Celtics,East,Atlantic,Utah Jazz,West,Northwest
474501,2022-03-23,2021,False,21,22,118,102,1,Oklahoma City Thunder,West,Northwest,Orlando Magic,East,Southeast
474496,2022-03-23,2021,False,18,24,116,125,0,Minnesota Timberwolves,West,Northwest,Phoenix Suns,West,Pacific
474507,2022-03-24,2021,False,8,24,130,140,0,Denver Nuggets,West,Northwest,Phoenix Suns,West,Pacific
474506,2022-03-24,2021,False,17,30,114,102,1,Milwaukee Bucks,East,Central,Washington Wizards,East,Southeast
474503,2022-03-24,2021,False,28,6,117,104,1,Toronto Raptors,East,Atlantic,Cleveland Cavaliers,East,Central
474505,2022-03-24,2021,False,19,5,126,109,1,New Orleans Pelicans,West,Southwest,Chicago Bulls,East,Central
474504,2022-03-24,2021,False,15,12,133,103,1,Memphis Grizzlies,West,Southwest,Indiana Pacers,East,Central
474509,2022-03-25,2021,False,9,30,97,100,0,Detroit Pistons,East,Central,Washington Wizards,East,Southeast
474513,2022-03-25,2021,False,13,23,97,122,0,LA Clippers,West,Pacific,Philadelphia 76ers,East,Atlantic
474511,2022-03-25,2021,False,1,10,121,110,1,Atlanta Hawks,East,Southeast,Golden State Warriors,West,Pacific
474510,2022-03-25,2021,False,16,20,103,111,0,Miami Heat,East,Southeast,New York Knicks,East,Atlantic
474508,2022-03-25,2021,False,4,29,107,101,1,Charlotte Hornets,East,Southeast,Utah Jazz,West,Northwest
474512,2022-03-25,2021,False,18,7,116,95,1,Minnesota Timberwolves,West,Northwest,Dallas Mavericks,West,Southwest
474514,2022-03-25,2021,False,25,11,106,125,0,Portland Trail Blazers,West,Northwest,Houston Rockets,West,Southwest
474517,2022-03-26,2021,False,28,12,131,91,1,Toronto Raptors,East,Atlantic,Indiana Pacers,East,Central
474518,2022-03-26,2021,False,6,5,94,98,0,Cleveland Cavaliers,East,Central,Chicago Bulls,East,Central
474515,2022-03-26,2021,False,22,26,110,114,0,Orlando Magic,East,Southeast,Sacramento Kings,West,Pacific
474516,2022-03-26,2021,False,19,27,103,107,0,New Orleans Pelicans,West,Southwest,San Antonio Spurs,West,Southwest
474522,2022-03-26,2021,False,15,17,127,102,1,Memphis Grizzlies,West,Southwest,Milwaukee Bucks,East,Central
474520,2022-03-26,2021,False,16,3,95,110,0,Miami Heat,East,Southeast,Brooklyn Nets,East,Atlantic
474521,2022-03-26,2021,False,25,11,98,115,0,Portland Trail Blazers,West,Northwest,Houston Rockets,West,Southwest
474519,2022-03-26,2021,False,8,21,113,107,1,Denver Nuggets,West,Northwest,Oklahoma City Thunder,West,Northwest
474526,2022-03-27,2021,False,3,4,110,119,0,Brooklyn Nets,East,Atlantic,Charlotte Hornets,East,Southeast
474528,2022-03-27,2021,False,19,14,116,108,1,New Orleans Pelicans,West,Southwest,Los Angeles Lakers,West,Pacific
474523,2022-03-27,2021,False,7,29,114,100,1,Dallas Mavericks,West,Southwest,Utah Jazz,West,Northwest
474524,2022-03-27,2021,False,9,20,102,104,0,Detroit Pistons,East,Central,New York Knicks,East,Atlantic
474527,2022-03-27,2021,False,2,18,134,112,1,Boston Celtics,East,Atlantic,Minnesota Timberwolves,West,Northwest
474525,2022-03-27,2021,False,24,23,114,104,1,Phoenix Suns,West,Pacific,Philadelphia 76ers,East,Atlantic
474529,2022-03-27,2021,False,30,10,123,115,1,Washington Wizards,East,Southeast,Golden State Warriors,West,Pacific
474537,2022-03-28,2021,False,6,22,107,101,1,Cleveland Cavaliers,East,Central,Orlando Magic,East,Southeast
474532,2022-03-28,2021,False,4,8,109,113,0,Charlotte Hornets,East,Southeast,Denver Nuggets,West,Northwest
474538,2022-03-28,2021,False,25,21,131,134,0,Portland Trail Blazers,West,Northwest,Oklahoma City Thunder,West,Northwest
474533,2022-03-28,2021,False,20,5,109,104,1,New York Knicks,East,Atlantic,Chicago Bulls,East,Central
474535,2022-03-28,2021,False,16,26,123,100,1,Miami Heat,East,Southeast,Sacramento Kings,West,Pacific
474531,2022-03-28,2021,False,11,27,120,123,0,Houston Rockets,West,Southwest,San Antonio Spurs,West,Southwest
474534,2022-03-28,2021,False,15,10,123,95,1,Memphis Grizzlies,West,Southwest,Golden State Warriors,West,Pacific
474530,2022-03-28,2021,False,12,1,123,132,0,Indiana Pacers,East,Central,Atlanta Hawks,East,Southeast
474536,2022-03-28,2021,False,28,2,115,112,1,Toronto Raptors,East,Atlantic,Boston Celtics,East,Atlantic
474540,2022-03-29,2021,False,23,17,116,118,0,Philadelphia 76ers,East,Atlantic,Milwaukee Bucks,East,Central
474541,2022-03-29,2021,False,7,14,128,110,1,Dallas Mavericks,West,Southwest,Los Angeles Lakers,West,Pacific
474539,2022-03-29,2021,False,30,5,94,107,0,Washington Wizards,East,Southeast,Chicago Bulls,East,Central
474542,2022-03-29,2021,False,3,9,130,123,1,Brooklyn Nets,East,Atlantic,Detroit Pistons,East,Central
474543,2022-03-29,2021,False,13,29,121,115,1,LA Clippers,West,Pacific,Utah Jazz,West,Northwest
474549,2022-03-30,2021,False,2,16,98,106,0,Boston Celtics,East,Atlantic,Miami Heat,East,Southeast
474551,2022-03-30,2021,False,21,1,118,136,0,Oklahoma City Thunder,West,Northwest,Atlanta Hawks,East,Southeast
474546,2022-03-30,2021,False,20,4,114,125,0,New York Knicks,East,Atlantic,Charlotte Hornets,East,Southeast
474552,2022-03-30,2021,False,27,15,111,112,0,San Antonio Spurs,West,Southwest,Memphis Grizzlies,West,Southwest
474554,2022-03-30,2021,False,25,19,107,117,0,Portland Trail Blazers,West,Northwest,New Orleans Pelicans,West,Southwest
474545,2022-03-30,2021,False,11,26,118,121,0,Houston Rockets,West,Southwest,Sacramento Kings,West,Pacific
474548,2022-03-30,2021,False,30,22,127,110,1,Washington Wizards,East,Southeast,Orlando Magic,East,Southeast
474544,2022-03-30,2021,False,28,18,125,102,1,Toronto Raptors,East,Atlantic,Minnesota Timberwolves,West,Northwest
474553,2022-03-30,2021,False,10,24,103,107,0,Golden State Warriors,West,Pacific,Phoenix Suns,West,Pacific
474550,2022-03-30,2021,False,12,8,118,125,0,Indiana Pacers,East,Central,Denver Nuggets,West,Northwest
474547,2022-03-30,2021,False,6,7,112,120,0,Cleveland Cavaliers,East,Central,Dallas Mavericks,West,Southwest
474558,2022-03-31,2021,False,3,17,119,120,0,Brooklyn Nets,East,Atlantic,Milwaukee Bucks,East,Central
474556,2022-03-31,2021,False,9,23,102,94,1,Detroit Pistons,East,Central,Philadelphia 76ers,East,Atlantic
474555,2022-03-31,2021,False,29,14,122,109,1,Utah Jazz,West,Northwest,Los Angeles Lakers,West,Pacific
474557,2022-03-31,2021,False,5,13,135,130,1,Chicago Bulls,East,Central,LA Clippers,West,Pacific
474562,2022-04-01,2021,False,11,26,117,122,0,Houston Rockets,West,Southwest,Sacramento Kings,West,Pacific
474565,2022-04-01,2021,False,15,24,122,114,1,Memphis Grizzlies,West,Southwest,Phoenix Suns,West,Pacific
474568,2022-04-01,2021,False,14,19,111,114,0,Los Angeles Lakers,West,Pacific,New Orleans Pelicans,West,Southwest
474566,2022-04-01,2021,False,27,25,130,111,1,San Antonio Spurs,West,Southwest,Portland Trail Blazers,West,Northwest
474563,2022-04-01,2021,False,21,9,101,110,0,Oklahoma City Thunder,West,Northwest,Detroit Pistons,East,Central
474560,2022-04-01,2021,False,2,12,128,123,1,Boston Celtics,East,Atlantic,Indiana Pacers,East,Central
474564,2022-04-01,2021,False,22,28,89,102,0,Orlando Magic,East,Southeast,Toronto Raptors,East,Atlantic
474567,2022-04-01,2021,False,8,18,130,136,0,Denver Nuggets,West,Northwest,Minnesota Timberwolves,West,Northwest
474559,2022-04-01,2021,False,30,7,135,103,1,Washington Wizards,East,Southeast,Dallas Mavericks,West,Southwest
474561,2022-04-01,2021,False,17,13,119,153,0,Milwaukee Bucks,East,Central,LA Clippers,West,Pacific
474572,2022-04-02,2021,False,23,4,144,114,1,Philadelphia 76ers,East,Atlantic,Charlotte Hornets,East,Southeast
474571,2022-04-02,2021,False,20,6,101,119,0,New York Knicks,East,Atlantic,Cleveland Cavaliers,East,Central
474570,2022-04-02,2021,False,10,29,111,107,1,Golden State Warriors,West,Pacific,Utah Jazz,West,Northwest
474569,2022-04-02,2021,False,5,16,109,127,0,Chicago Bulls,East,Central,Miami Heat,East,Southeast
474573,2022-04-02,2021,False,1,3,122,115,1,Atlanta Hawks,East,Southeast,Brooklyn Nets,East,Atlantic
474584,2022-04-03,2021,False,26,10,90,109,0,Sacramento Kings,West,Pacific,Golden State Warriors,West,Pacific
474577,2022-04-03,2021,False,2,30,144,102,1,Boston Celtics,East,Atlantic,Washington Wizards,East,Southeast
474583,2022-04-03,2021,False,27,25,113,92,1,San Antonio Spurs,West,Southwest,Portland Trail Blazers,West,Northwest
474574,2022-04-03,2021,False,6,23,108,112,0,Cleveland Cavaliers,East,Central,Philadelphia 76ers,East,Atlantic
474580,2022-04-03,2021,False,28,16,109,114,0,Toronto Raptors,East,Atlantic,Miami Heat,East,Southeast
474578,2022-04-03,2021,False,12,9,117,121,0,Indiana Pacers,East,Central,Detroit Pistons,East,Central
474581,2022-04-03,2021,False,11,18,132,139,0,Houston Rockets,West,Southwest,Minnesota Timberwolves,West,Northwest
474585,2022-04-03,2021,False,13,19,119,100,1,LA Clippers,West,Pacific,New Orleans Pelicans,West,Southwest
474576,2022-04-03,2021,False,22,20,88,118,0,Orlando Magic,East,Southeast,New York Knicks,East,Atlantic
474579,2022-04-03,2021,False,14,8,118,129,0,Los Angeles Lakers,West,Pacific,Denver Nuggets,West,Northwest
474582,2022-04-03,2021,False,21,24,117,96,1,Oklahoma City Thunder,West,Northwest,Phoenix Suns,West,Pacific
474575,2022-04-03,2021,False,17,7,112,118,0,Milwaukee Bucks,East,Central,Dallas Mavericks,West,Southwest
474595,2022-04-05,2021,False,21,25,98,94,1,Oklahoma City Thunder,West,Northwest,Portland Trail Blazers,West,Northwest
474588,2022-04-05,2021,False,3,11,118,105,1,Brooklyn Nets,East,Atlantic,Houston Rockets,West,Southwest
474592,2022-04-05,2021,False,29,15,121,115,1,Utah Jazz,West,Northwest,Memphis Grizzlies,West,Southwest
474589,2022-04-05,2021,False,28,1,118,108,1,Toronto Raptors,East,Atlantic,Atlanta Hawks,East,Southeast
474591,2022-04-05,2021,False,5,17,106,127,0,Chicago Bulls,East,Central,Milwaukee Bucks,East,Central
474587,2022-04-05,2021,False,16,4,144,115,1,Miami Heat,East,Southeast,Charlotte Hornets,East,Southeast
474586,2022-04-05,2021,False,12,23,122,131,0,Indiana Pacers,East,Central,Philadelphia 76ers,East,Atlantic
474597,2022-04-05,2021,False,24,14,121,110,1,Phoenix Suns,West,Pacific,Los Angeles Lakers,West,Pacific
474594,2022-04-05,2021,False,8,27,97,116,0,Denver Nuggets,West,Northwest,San Antonio Spurs,West,Southwest
474596,2022-04-05,2021,False,26,19,109,123,0,Sacramento Kings,West,Pacific,New Orleans Pelicans,West,Southwest
474590,2022-04-05,2021,False,22,6,120,115,1,Orlando Magic,East,Southeast,Cleveland Cavaliers,East,Central
474593,2022-04-05,2021,False,18,30,114,132,0,Minnesota Timberwolves,West,Northwest,Washington Wizards,East,Southeast
474603,2022-04-06,2021,False,1,30,118,103,1,Atlanta Hawks,East,Southeast,Washington Wizards,East,Southeast
474601,2022-04-06,2021,False,5,2,94,117,0,Chicago Bulls,East,Central,Boston Celtics,East,Atlantic
474602,2022-04-06,2021,False,29,21,137,101,1,Utah Jazz,West,Northwest,Oklahoma City Thunder,West,Northwest
474598,2022-04-06,2021,False,20,3,98,110,0,New York Knicks,East,Atlantic,Brooklyn Nets,East,Atlantic
474599,2022-04-06,2021,False,9,7,113,131,0,Detroit Pistons,East,Central,Dallas Mavericks,West,Southwest
474600,2022-04-06,2021,False,13,24,113,109,1,LA Clippers,West,Pacific,Phoenix Suns,West,Pacific
474605,2022-04-07,2021,False,18,27,127,121,1,Minnesota Timberwolves,West,Northwest,San Antonio Spurs,West,Southwest
474607,2022-04-07,2021,False,28,23,119,114,1,Toronto Raptors,East,Atlantic,Philadelphia 76ers,East,Atlantic
474604,2022-04-07,2021,False,19,25,127,94,1,New Orleans Pelicans,West,Southwest,Portland Trail Blazers,West,Northwest
474608,2022-04-07,2021,False,17,2,127,121,1,Milwaukee Bucks,East,Central,Boston Celtics,East,Atlantic
474609,2022-04-07,2021,False,4,22,128,101,1,Charlotte Hornets,East,Southeast,Orlando Magic,East,Southeast
474606,2022-04-07,2021,False,10,14,128,112,1,Golden State Warriors,West,Pacific,Los Angeles Lakers,West,Pacific
474610,2022-04-07,2021,False,8,15,122,109,1,Denver Nuggets,West,Northwest,Memphis Grizzlies,West,Southwest
474617,2022-04-08,2021,False,5,4,117,133,0,Chicago Bulls,East,Central,Charlotte Hornets,East,Southeast
474615,2022-04-08,2021,False,16,1,113,109,1,Miami Heat,East,Southeast,Atlanta Hawks,East,Southeast
474618,2022-04-08,2021,False,3,6,118,107,1,Brooklyn Nets,East,Atlantic,Cleveland Cavaliers,East,Central
474614,2022-04-08,2021,False,7,25,128,78,1,Dallas Mavericks,West,Southwest,Portland Trail Blazers,West,Northwest
474611,2022-04-08,2021,False,28,11,117,115,1,Toronto Raptors,East,Atlantic,Houston Rockets,West,Southwest
474613,2022-04-08,2021,False,14,21,120,101,1,Los Angeles Lakers,West,Pacific,Oklahoma City Thunder,West,Northwest
474616,2022-04-08,2021,False,9,17,101,131,0,Detroit Pistons,East,Central,Milwaukee Bucks,East,Central
474612,2022-04-08,2021,False,29,24,105,111,0,Utah Jazz,West,Northwest,Phoenix Suns,West,Pacific
474619,2022-04-08,2021,False,30,20,92,114,0,Washington Wizards,East,Southeast,New York Knicks,East,Atlantic
474620,2022-04-09,2021,False,23,12,133,120,1,Philadelphia 76ers,East,Atlantic,Indiana Pacers,East,Central
474621,2022-04-09,2021,False,15,19,141,114,1,Memphis Grizzlies,West,Southwest,New Orleans Pelicans,West,Southwest
474622,2022-04-09,2021,False,27,10,94,100,0,San Antonio Spurs,West,Southwest,Golden State Warriors,West,Pacific
474623,2022-04-09,2021,False,13,26,117,98,1,LA Clippers,West,Pacific,Sacramento Kings,West,Pacific
474634,2022-04-10,2021,False,20,28,105,94,1,New York Knicks,East,Atlantic,Toronto Raptors,East,Atlantic
474627,2022-04-10,2021,False,8,14,141,146,0,Denver Nuggets,West,Northwest,Los Angeles Lakers,West,Pacific
474625,2022-04-10,2021,False,6,17,133,115,1,Cleveland Cavaliers,East,Central,Milwaukee Bucks,East,Central
474632,2022-04-10,2021,False,19,10,107,128,0,New Orleans Pelicans,West,Southwest,Golden State Warriors,West,Pacific
474638,2022-04-10,2021,False,24,26,109,116,0,Phoenix Suns,West,Pacific,Sacramento Kings,West,Pacific
474637,2022-04-10,2021,False,25,29,80,111,0,Portland Trail Blazers,West,Northwest,Utah Jazz,West,Northwest
474635,2022-04-10,2021,False,22,16,125,111,1,Orlando Magic,East,Southeast,Miami Heat,East,Southeast
474624,2022-04-10,2021,False,3,12,134,126,1,Brooklyn Nets,East,Atlantic,Indiana Pacers,East,Central
474631,2022-04-10,2021,False,15,2,110,139,0,Memphis Grizzlies,West,Southwest,Boston Celtics,East,Atlantic
474630,2022-04-10,2021,False,13,21,138,88,1,LA Clippers,West,Pacific,Oklahoma City Thunder,West,Northwest
474629,2022-04-10,2021,False,11,1,114,130,0,Houston Rockets,West,Southwest,Atlanta Hawks,East,Southeast
474628,2022-04-10,2021,False,7,27,130,120,1,Dallas Mavericks,West,Southwest,San Antonio Spurs,West,Southwest
474633,2022-04-10,2021,False,18,5,120,124,0,Minnesota Timberwolves,West,Northwest,Chicago Bulls,East,Central
474626,2022-04-10,2021,False,4,30,124,108,1,Charlotte Hornets,East,Southeast,Washington Wizards,East,Southeast
474636,2022-04-10,2021,False,23,9,118,106,1,Philadelphia 76ers,East,Atlantic,Detroit Pistons,East,Central
830510,2022-04-12,2021,True,3,6,115,108,1,Brooklyn Nets,East,Atlantic,Cleveland Cavaliers,East,Central
830509,2022-04-12,2021,True,18,13,109,104,1,Minnesota Timberwolves,West,Northwest,LA Clippers,West,Pacific
830799,2022-04-13,2021,True,19,27,113,103,1,New Orleans Pelicans,West,Southwest,San Antonio Spurs,West,Southwest
830800,2022-04-13,2021,True,1,4,132,103,1,Atlanta Hawks,East,Southeast,Charlotte Hornets,East,Southeast
831662,2022-04-15,2021,True,6,1,101,107,0,Cleveland Cavaliers,East,Central,Atlanta Hawks,East,Southeast
831661,2022-04-15,2021,True,13,19,101,105,0,LA Clippers,West,Pacific,New Orleans Pelicans,West,Southwest
831951,2022-04-16,2021,True,15,18,117,130,0,Memphis Grizzlies,West,Southwest,Minnesota Timberwolves,West,Northwest
831954,2022-04-16,2021,True,10,8,123,107,1,Golden State Warriors,West,Pacific,Denver Nuggets,West,Northwest
831953,2022-04-16,2021,True,23,28,131,111,1,Philadelphia 76ers,East,Atlantic,Toronto Raptors,East,Atlantic
831952,2022-04-16,2021,True,7,29,93,99,0,Dallas Mavericks,West,Southwest,Utah Jazz,West,Northwest
832818,2022-04-17,2021,True,24,19,110,99,1,Phoenix Suns,West,Pacific,New Orleans Pelicans,West,Southwest
832817,2022-04-17,2021,True,2,3,115,114,1,Boston Celtics,East,Atlantic,Brooklyn Nets,East,Atlantic
832820,2022-04-17,2021,True,16,1,115,91,1,Miami Heat,East,Southeast,Atlanta Hawks,East,Southeast
832819,2022-04-17,2021,True,17,5,93,86,1,Milwaukee Bucks,East,Central,Chicago Bulls,East,Central
833970,2022-04-18,2021,True,23,28,112,97,1,Philadelphia 76ers,East,Atlantic,Toronto Raptors,East,Atlantic
833969,2022-04-18,2021,True,10,8,126,106,1,Golden State Warriors,West,Pacific,Denver Nuggets,West,Northwest
833971,2022-04-18,2021,True,7,29,110,104,1,Dallas Mavericks,West,Southwest,Utah Jazz,West,Northwest
834976,2022-04-19,2021,True,16,1,115,105,1,Miami Heat,East,Southeast,Atlanta Hawks,East,Southeast
834977,2022-04-19,2021,True,15,18,124,96,1,Memphis Grizzlies,West,Southwest,Minnesota Timberwolves,West,Northwest
834978,2022-04-19,2021,True,24,19,114,125,0,Phoenix Suns,West,Pacific,New Orleans Pelicans,West,Southwest
835842,2022-04-20,2021,True,17,5,110,114,0,Milwaukee Bucks,East,Central,Chicago Bulls,East,Central
835841,2022-04-20,2021,True,28,23,101,104,0,Toronto Raptors,East,Atlantic,Philadelphia 76ers,East,Atlantic
835840,2022-04-20,2021,True,2,3,114,107,1,Boston Celtics,East,Atlantic,Brooklyn Nets,East,Atlantic
836706,2022-04-21,2021,True,29,7,118,126,0,Utah Jazz,West,Northwest,Dallas Mavericks,West,Southwest
836704,2022-04-21,2021,True,18,15,95,104,0,Minnesota Timberwolves,West,Northwest,Memphis Grizzlies,West,Southwest
836705,2022-04-21,2021,True,8,10,113,118,0,Denver Nuggets,West,Northwest,Golden State Warriors,West,Pacific
837570,2022-04-22,2021,True,5,17,81,111,0,Chicago Bulls,East,Central,Milwaukee Bucks,East,Central
837569,2022-04-22,2021,True,1,16,111,110,1,Atlanta Hawks,East,Southeast,Miami Heat,East,Southeast
837568,2022-04-22,2021,True,19,24,111,114,0,New Orleans Pelicans,West,Southwest,Phoenix Suns,West,Pacific
838433,2022-04-23,2021,True,29,7,100,99,1,Utah Jazz,West,Northwest,Dallas Mavericks,West,Southwest
838432,2022-04-23,2021,True,3,2,103,109,0,Brooklyn Nets,East,Atlantic,Boston Celtics,East,Atlantic
838434,2022-04-23,2021,True,28,23,110,102,1,Toronto Raptors,East,Atlantic,Philadelphia 76ers,East,Atlantic
838435,2022-04-23,2021,True,18,15,119,118,1,Minnesota Timberwolves,West,Northwest,Memphis Grizzlies,West,Southwest
839442,2022-04-24,2021,True,8,10,126,121,1,Denver Nuggets,West,Northwest,Golden State Warriors,West,Pacific
839441,2022-04-24,2021,True,19,24,118,103,1,New Orleans Pelicans,West,Southwest,Phoenix Suns,West,Pacific
839444,2022-04-24,2021,True,1,16,86,110,0,Atlanta Hawks,East,Southeast,Miami Heat,East,Southeast
839443,2022-04-24,2021,True,5,17,95,119,0,Chicago Bulls,East,Central,Milwaukee Bucks,East,Central
840595,2022-04-25,2021,True,7,29,102,77,1,Dallas Mavericks,West,Southwest,Utah Jazz,West,Northwest
840593,2022-04-25,2021,True,23,28,88,103,0,Philadelphia 76ers,East,Atlantic,Toronto Raptors,East,Atlantic
840594,2022-04-25,2021,True,3,2,112,116,0,Brooklyn Nets,East,Atlantic,Boston Celtics,East,Atlantic
841600,2022-04-26,2021,True,24,19,112,97,1,Phoenix Suns,West,Pacific,New Orleans Pelicans,West,Southwest
841602,2022-04-26,2021,True,15,18,111,109,1,Memphis Grizzlies,West,Southwest,Minnesota Timberwolves,West,Northwest
841601,2022-04-26,2021,True,16,1,97,94,1,Miami Heat,East,Southeast,Atlanta Hawks,East,Southeast
842465,2022-04-27,2021,True,17,5,116,100,1,Milwaukee Bucks,East,Central,Chicago Bulls,East,Central
842464,2022-04-27,2021,True,10,8,102,98,1,Golden State Warriors,West,Pacific,Denver Nuggets,West,Northwest
843185,2022-04-28,2021,True,29,7,96,98,0,Utah Jazz,West,Northwest,Dallas Mavericks,West,Southwest
843183,2022-04-28,2021,True,19,24,109,115,0,New Orleans Pelicans,West,Southwest,Phoenix Suns,West,Pacific
843184,2022-04-28,2021,True,28,23,97,132,0,Toronto Raptors,East,Atlantic,Philadelphia 76ers,East,Atlantic
843904,2022-04-29,2021,True,18,15,106,114,0,Minnesota Timberwolves,West,Northwest,Memphis Grizzlies,West,Southwest
844653,2022-05-01,2021,True,15,10,116,117,0,Memphis Grizzlies,West,Southwest,Golden State Warriors,West,Pacific
844654,2022-05-01,2021,True,2,17,89,101,0,Boston Celtics,East,Atlantic,Milwaukee Bucks,East,Central
844944,2022-05-02,2021,True,16,23,106,92,1,Miami Heat,East,Southeast,Philadelphia 76ers,East,Atlantic
844943,2022-05-02,2021,True,24,7,121,114,1,Phoenix Suns,West,Pacific,Dallas Mavericks,West,Southwest
845519,2022-05-03,2021,True,15,10,106,101,1,Memphis Grizzlies,West,Southwest,Golden State Warriors,West,Pacific
845520,2022-05-03,2021,True,2,17,109,86,1,Boston Celtics,East,Atlantic,Milwaukee Bucks,East,Central
846095,2022-05-04,2021,True,24,7,129,109,1,Phoenix Suns,West,Pacific,Dallas Mavericks,West,Southwest
846096,2022-05-04,2021,True,16,23,119,103,1,Miami Heat,East,Southeast,Philadelphia 76ers,East,Atlantic
846956,2022-05-06,2021,True,23,16,99,79,1,Philadelphia 76ers,East,Atlantic,Miami Heat,East,Southeast
846955,2022-05-06,2021,True,7,24,103,94,1,Dallas Mavericks,West,Southwest,Phoenix Suns,West,Pacific
847245,2022-05-07,2021,True,10,15,142,112,1,Golden State Warriors,West,Pacific,Memphis Grizzlies,West,Southwest
847246,2022-05-07,2021,True,17,2,103,101,1,Milwaukee Bucks,East,Central,Boston Celtics,East,Atlantic
847821,2022-05-08,2021,True,7,24,111,101,1,Dallas Mavericks,West,Southwest,Phoenix Suns,West,Pacific
847822,2022-05-08,2021,True,23,16,116,108,1,Philadelphia 76ers,East,Atlantic,Miami Heat,East,Southeast
848398,2022-05-09,2021,True,10,15,101,98,1,Golden State Warriors,West,Pacific,Memphis Grizzlies,West,Southwest
848397,2022-05-09,2021,True,17,2,108,116,0,Milwaukee Bucks,East,Central,Boston Celtics,East,Atlantic
848973,2022-05-10,2021,True,24,7,110,80,1,Phoenix Suns,West,Pacific,Dallas Mavericks,West,Southwest
848974,2022-05-10,2021,True,16,23,120,85,1,Miami Heat,East,Southeast,Philadelphia 76ers,East,Atlantic
849550,2022-05-11,2021,True,2,17,107,110,0,Boston Celtics,East,Atlantic,Milwaukee Bucks,East,Central
849549,2022-05-11,2021,True,15,10,134,95,1,Memphis Grizzlies,West,Southwest,Golden State Warriors,West,Pacific
850125,2022-05-12,2021,True,7,24,113,86,1,Dallas Mavericks,West,Southwest,Phoenix Suns,West,Pacific
850126,2022-05-12,2021,True,23,16,90,99,0,Philadelphia 76ers,East,Atlantic,Miami Heat,East,Southeast
850702,2022-05-13,2021,True,17,2,95,108,0,Milwaukee Bucks,East,Central,Boston Celtics,East,Atlantic
850701,2022-05-13,2021,True,10,15,110,96,1,Golden State Warriors,West,Pacific,Memphis Grizzlies,West,Southwest
851563,2022-05-15,2021,True,2,17,109,81,1,Boston Celtics,East,Atlantic,Milwaukee Bucks,East,Central
851564,2022-05-15,2021,True,24,7,90,123,0,Phoenix Suns,West,Pacific,Dallas Mavericks,West,Southwest
852139,2022-05-17,2021,True,16,2,118,107,1,Miami Heat,East,Southeast,Boston Celtics,East,Atlantic
852284,2022-05-18,2021,True,10,7,112,87,1,Golden State Warriors,West,Pacific,Dallas Mavericks,West,Southwest
852572,2022-05-19,2021,True,16,2,102,127,0,Miami Heat,East,Southeast,Boston Celtics,East,Atlantic
852860,2022-05-20,2021,True,10,7,126,117,1,Golden State Warriors,West,Pacific,Dallas Mavericks,West,Southwest
853148,2022-05-21,2021,True,2,16,103,109,0,Boston Celtics,East,Atlantic,Miami Heat,East,Southeast
853436,2022-05-22,2021,True,7,10,100,109,0,Dallas Mavericks,West,Southwest,Golden State Warriors,West,Pacific
853724,2022-05-23,2021,True,2,16,102,82,1,Boston Celtics,East,Atlantic,Miami Heat,East,Southeast
854012,2022-05-24,2021,True,7,10,119,109,1,Dallas Mavericks,West,Southwest,Golden State Warriors,West,Pacific
854300,2022-05-25,2021,True,16,2,80,93,0,Miami Heat,East,Southeast,Boston Celtics,East,Atlantic
854588,2022-05-26,2021,True,10,7,120,110,1,Golden State Warriors,West,Pacific,Dallas Mavericks,West,Southwest
854876,2022-05-27,2021,True,2,16,103,111,0,Boston Celtics,East,Atlantic,Miami Heat,East,Southeast
855307,2022-05-29,2021,True,16,2,96,100,0,Miami Heat,East,Southeast,Boston Celtics,East,Atlantic
855595,2022-06-02,2021,True,10,2,108,120,0,Golden State Warriors,West,Pacific,Boston Celtics,East,Atlantic
855883,2022-06-05,2021,True,10,2,107,88,1,Golden State Warriors,West,Pacific,Boston Celtics,East,Atlantic
856171,2022-06-08,2021,True,2,10,116,100,1,Boston Celtics,East,Atlantic,Golden State Warriors,West,Pacific
856459,2022-06-10,2021,True,2,10,97,107,0,Boston Celtics,East,Atlantic,Golden State Warriors,West,Pacific
856779,2022-06-13,2021,True,10,2,104,94,1,Golden State Warriors,West,Pacific,Boston Celtics,East,Atlantic
857067,2022-06-16,2021,True,2,10,90,103,0,Boston Celtics,East,Atlantic,Golden State Warriors,West,Pacific
857355,2022-10-18,2022,False,2,23,126,117,1,Boston Celtics,East,Atlantic,Philadelphia 76ers,East,Atlantic
857356,2022-10-18,2022,False,10,14,123,109,1,Golden State Warriors,West,Pacific,Los Angeles Lakers,West,Pacific
857362,2022-10-19,2022,False,28,6,108,105,1,Toronto Raptors,East,Atlantic,Cleveland Cavaliers,East,Central
857358,2022-10-19,2022,False,9,22,113,109,1,Detroit Pistons,East,Central,Orlando Magic,East,Southeast
857357,2022-10-19,2022,False,12,30,107,114,0,Indiana Pacers,East,Central,Washington Wizards,East,Southeast
857364,2022-10-19,2022,False,18,21,115,108,1,Minnesota Timberwolves,West,Northwest,Oklahoma City Thunder,West,Northwest
857367,2022-10-19,2022,False,29,8,123,102,1,Utah Jazz,West,Northwest,Denver Nuggets,West,Northwest
857365,2022-10-19,2022,False,24,7,107,105,1,Phoenix Suns,West,Pacific,Dallas Mavericks,West,Southwest
857368,2022-10-19,2022,False,26,25,108,115,0,Sacramento Kings,West,Pacific,Portland Trail Blazers,West,Northwest
857361,2022-10-19,2022,False,16,5,108,116,0,Miami Heat,East,Southeast,Chicago Bulls,East,Central
857366,2022-10-19,2022,False,27,4,102,129,0,San Antonio Spurs,West,Southwest,Charlotte Hornets,East,Southeast
857363,2022-10-19,2022,False,15,20,115,112,1,Memphis Grizzlies,West,Southwest,New York Knicks,East,Atlantic
857359,2022-10-19,2022,False,3,19,108,130,0,Brooklyn Nets,East,Atlantic,New Orleans Pelicans,West,Southwest
857360,2022-10-19,2022,False,1,11,117,107,1,Atlanta Hawks,East,Southeast,Houston Rockets,West,Southwest
857370,2022-10-20,2022,False,23,17,88,90,0,Philadelphia 76ers,East,Atlantic,Milwaukee Bucks,East,Central
857369,2022-10-20,2022,False,14,13,97,103,0,Los Angeles Lakers,West,Pacific,LA Clippers,West,Pacific
857379,2022-10-21,2022,False,4,19,112,124,0,Charlotte Hornets,East,Southeast,New Orleans Pelicans,West,Southwest
857374,2022-10-21,2022,False,30,5,102,100,1,Washington Wizards,East,Southeast,Chicago Bulls,East,Central
857380,2022-10-21,2022,False,1,22,108,98,1,Atlanta Hawks,East,Southeast,Orlando Magic,East,Southeast
857373,2022-10-21,2022,False,12,27,134,137,0,Indiana Pacers,East,Central,San Antonio Spurs,West,Southwest
857378,2022-10-21,2022,False,18,29,126,132,0,Minnesota Timberwolves,West,Northwest,Utah Jazz,West,Northwest
857381,2022-10-21,2022,False,25,24,113,111,1,Portland Trail Blazers,West,Northwest,Phoenix Suns,West,Pacific
857375,2022-10-21,2022,False,16,2,104,111,0,Miami Heat,East,Southeast,Boston Celtics,East,Atlantic
857377,2022-10-21,2022,False,10,8,123,128,0,Golden State Warriors,West,Pacific,Denver Nuggets,West,Northwest
857371,2022-10-21,2022,False,3,28,109,105,1,Brooklyn Nets,East,Atlantic,Toronto Raptors,East,Atlantic
857376,2022-10-21,2022,False,11,15,122,129,0,Houston Rockets,West,Southwest,Memphis Grizzlies,West,Southwest
857372,2022-10-21,2022,False,20,9,130,106,1,New York Knicks,East,Atlantic,Detroit Pistons,East,Central
857387,2022-10-22,2022,False,26,13,109,111,0,Sacramento Kings,West,Pacific,LA Clippers,West,Pacific
857389,2022-10-22,2022,False,17,11,125,105,1,Milwaukee Bucks,East,Central,Houston Rockets,West,Southwest
857386,2022-10-22,2022,False,12,9,124,115,1,Indiana Pacers,East,Central,Detroit Pistons,East,Central
857382,2022-10-22,2022,False,23,27,105,114,0,Philadelphia 76ers,East,Atlantic,San Antonio Spurs,West,Southwest
857388,2022-10-22,2022,False,8,21,122,117,1,Denver Nuggets,West,Northwest,Oklahoma City Thunder,West,Northwest
857385,2022-10-22,2022,False,22,2,120,126,0,Orlando Magic,East,Southeast,Boston Celtics,East,Atlantic
857384,2022-10-22,2022,False,16,28,112,109,1,Miami Heat,East,Southeast,Toronto Raptors,East,Atlantic
857383,2022-10-22,2022,False,5,6,96,128,0,Chicago Bulls,East,Central,Cleveland Cavaliers,East,Central
857390,2022-10-22,2022,False,7,15,137,96,1,Dallas Mavericks,West,Southwest,Memphis Grizzlies,West,Southwest
857395,2022-10-23,2022,False,13,24,95,112,0,LA Clippers,West,Pacific,Phoenix Suns,West,Pacific
857396,2022-10-23,2022,False,21,18,106,116,0,Oklahoma City Thunder,West,Northwest,Minnesota Timberwolves,West,Northwest
857397,2022-10-23,2022,False,10,26,130,125,1,Golden State Warriors,West,Pacific,Sacramento Kings,West,Pacific
857394,2022-10-23,2022,False,19,29,121,122,0,New Orleans Pelicans,West,Southwest,Utah Jazz,West,Northwest
857393,2022-10-23,2022,False,6,30,117,107,1,Cleveland Cavaliers,East,Central,Washington Wizards,East,Southeast
857392,2022-10-23,2022,False,1,4,109,126,0,Atlanta Hawks,East,Southeast,Charlotte Hornets,East,Southeast
857391,2022-10-23,2022,False,14,25,104,106,0,Los Angeles Lakers,West,Pacific,Portland Trail Blazers,West,Northwest
857404,2022-10-24,2022,False,15,3,134,124,1,Memphis Grizzlies,West,Southwest,Brooklyn Nets,East,Atlantic
857402,2022-10-24,2022,False,5,2,120,102,1,Chicago Bulls,East,Central,Boston Celtics,East,Atlantic
857405,2022-10-24,2022,False,25,8,135,110,1,Portland Trail Blazers,West,Northwest,Denver Nuggets,West,Northwest
857398,2022-10-24,2022,False,11,29,114,108,1,Houston Rockets,West,Southwest,Utah Jazz,West,Northwest
857401,2022-10-24,2022,False,18,27,106,115,0,Minnesota Timberwolves,West,Northwest,San Antonio Spurs,West,Southwest
857403,2022-10-24,2022,False,23,12,120,106,1,Philadelphia 76ers,East,Atlantic,Indiana Pacers,East,Central
857399,2022-10-24,2022,False,16,28,90,98,0,Miami Heat,East,Southeast,Toronto Raptors,East,Atlantic
857400,2022-10-24,2022,False,20,22,115,102,1,New York Knicks,East,Atlantic,Orlando Magic,East,Southeast
857406,2022-10-25,2022,False,21,13,108,94,1,Oklahoma City Thunder,West,Northwest,LA Clippers,West,Pacific
857408,2022-10-25,2022,False,24,10,134,105,1,Phoenix Suns,West,Pacific,Golden State Warriors,West,Pacific
857407,2022-10-25,2022,False,30,9,120,99,1,Washington Wizards,East,Southeast,Detroit Pistons,East,Central
857409,2022-10-25,2022,False,19,7,113,111,1,New Orleans Pelicans,West,Southwest,Dallas Mavericks,West,Southwest
857413,2022-10-26,2022,False,6,22,103,92,1,Cleveland Cavaliers,East,Central,Orlando Magic,East,Southeast
857419,2022-10-26,2022,False,9,1,113,118,0,Detroit Pistons,East,Central,Atlanta Hawks,East,Southeast
857417,2022-10-26,2022,False,17,3,110,99,1,Milwaukee Bucks,East,Central,Brooklyn Nets,East,Atlantic
857415,2022-10-26,2022,False,5,12,124,109,1,Chicago Bulls,East,Central,Indiana Pacers,East,Central
857414,2022-10-26,2022,False,20,4,134,131,1,New York Knicks,East,Atlantic,Charlotte Hornets,East,Southeast
857412,2022-10-26,2022,False,28,23,119,109,1,Toronto Raptors,East,Atlantic,Philadelphia 76ers,East,Atlantic
857416,2022-10-26,2022,False,18,27,134,122,1,Minnesota Timberwolves,West,Northwest,San Antonio Spurs,West,Southwest
857410,2022-10-26,2022,False,25,16,98,119,0,Portland Trail Blazers,West,Northwest,Miami Heat,East,Southeast
857418,2022-10-26,2022,False,29,11,109,101,1,Utah Jazz,West,Northwest,Houston Rockets,West,Southwest
857411,2022-10-26,2022,False,8,14,110,99,1,Denver Nuggets,West,Northwest,Los Angeles Lakers,West,Pacific
857423,2022-10-27,2022,False,21,13,118,110,1,Oklahoma City Thunder,West,Northwest,LA Clippers,West,Pacific
857422,2022-10-27,2022,False,10,16,123,110,1,Golden State Warriors,West,Pacific,Miami Heat,East,Southeast
857420,2022-10-27,2022,False,3,7,125,129,0,Brooklyn Nets,East,Atlantic,Dallas Mavericks,West,Southwest
857421,2022-10-27,2022,False,26,15,110,125,0,Sacramento Kings,West,Pacific,Memphis Grizzlies,West,Southwest
857431,2022-10-28,2022,False,8,29,117,101,1,Denver Nuggets,West,Northwest,Utah Jazz,West,Northwest
857430,2022-10-28,2022,False,9,1,112,136,0,Detroit Pistons,East,Central,Atlanta Hawks,East,Southeast
857434,2022-10-28,2022,False,25,11,125,111,1,Portland Trail Blazers,West,Northwest,Houston Rockets,West,Southwest
857429,2022-10-28,2022,False,18,14,111,102,1,Minnesota Timberwolves,West,Northwest,Los Angeles Lakers,West,Pacific
857428,2022-10-28,2022,False,2,6,123,132,0,Boston Celtics,East,Atlantic,Cleveland Cavaliers,East,Central
857425,2022-10-28,2022,False,27,5,129,124,1,San Antonio Spurs,West,Southwest,Chicago Bulls,East,Central
857426,2022-10-28,2022,False,28,23,90,112,0,Toronto Raptors,East,Atlantic,Philadelphia 76ers,East,Atlantic
857427,2022-10-28,2022,False,30,12,117,127,0,Washington Wizards,East,Southeast,Indiana Pacers,East,Central
857424,2022-10-28,2022,False,24,19,124,111,1,Phoenix Suns,West,Pacific,New Orleans Pelicans,West,Southwest
857432,2022-10-28,2022,False,22,4,113,93,1,Orlando Magic,East,Southeast,Charlotte Hornets,East,Southeast
857433,2022-10-28,2022,False,17,20,119,108,1,Milwaukee Bucks,East,Central,New York Knicks,East,Atlantic
857441,2022-10-29,2022,False,3,12,116,125,0,Brooklyn Nets,East,Atlantic,Indiana Pacers,East,Central
857435,2022-10-29,2022,False,26,16,119,113,1,Sacramento Kings,West,Pacific,Miami Heat,East,Southeast
857438,2022-10-29,2022,False,17,1,123,115,1,Milwaukee Bucks,East,Central,Atlanta Hawks,East,Southeast
857437,2022-10-29,2022,False,4,10,120,113,1,Charlotte Hornets,East,Southeast,Golden State Warriors,West,Pacific
857440,2022-10-29,2022,False,7,21,111,117,0,Dallas Mavericks,West,Southwest,Oklahoma City Thunder,West,Northwest
857436,2022-10-29,2022,False,5,23,109,114,0,Chicago Bulls,East,Central,Philadelphia 76ers,East,Atlantic
857439,2022-10-29,2022,False,29,15,124,123,1,Utah Jazz,West,Northwest,Memphis Grizzlies,West,Southwest
857447,2022-10-30,2022,False,14,8,121,110,1,Los Angeles Lakers,West,Pacific,Denver Nuggets,West,Northwest
857443,2022-10-30,2022,False,24,11,124,109,1,Phoenix Suns,West,Pacific,Houston Rockets,West,Southwest
857448,2022-10-30,2022,False,2,30,112,94,1,Boston Celtics,East,Atlantic,Washington Wizards,East,Southeast
857446,2022-10-30,2022,False,7,22,114,105,1,Dallas Mavericks,West,Southwest,Orlando Magic,East,Southeast
857445,2022-10-30,2022,False,6,20,121,108,1,Cleveland Cavaliers,East,Central,New York Knicks,East,Atlantic
857449,2022-10-30,2022,False,27,18,107,98,1,San Antonio Spurs,West,Southwest,Minnesota Timberwolves,West,Northwest
857444,2022-10-30,2022,False,9,10,128,114,1,Detroit Pistons,East,Central,Golden State Warriors,West,Pacific
857442,2022-10-30,2022,False,13,19,91,112,0,LA Clippers,West,Pacific,New Orleans Pelicans,West,Southwest
857454,2022-10-31,2022,False,4,26,108,115,0,Charlotte Hornets,East,Southeast,Sacramento Kings,West,Pacific
857455,2022-10-31,2022,False,28,1,139,109,1,Toronto Raptors,East,Atlantic,Atlanta Hawks,East,Southeast
857453,2022-10-31,2022,False,17,9,110,108,1,Milwaukee Bucks,East,Central,Detroit Pistons,East,Central
857450,2022-10-31,2022,False,13,11,95,93,1,LA Clippers,West,Pacific,Houston Rockets,West,Southwest
857456,2022-10-31,2022,False,29,15,121,105,1,Utah Jazz,West,Northwest,Memphis Grizzlies,West,Southwest
857452,2022-10-31,2022,False,30,23,111,118,0,Washington Wizards,East,Southeast,Philadelphia 76ers,East,Atlantic
857451,2022-10-31,2022,False,3,12,116,109,1,Brooklyn Nets,East,Atlantic,Indiana Pacers,East,Central
857459,2022-11-01,2022,False,16,10,116,109,1,Miami Heat,East,Southeast,Golden State Warriors,West,Pacific
857457,2022-11-01,2022,False,21,22,116,108,1,Oklahoma City Thunder,West,Northwest,Orlando Magic,East,Southeast
857458,2022-11-01,2022,False,3,5,99,108,0,Brooklyn Nets,East,Atlantic,Chicago Bulls,East,Central
857460,2022-11-01,2022,False,24,18,116,107,1,Phoenix Suns,West,Pacific,Minnesota Timberwolves,West,Northwest
857463,2022-11-02,2022,False,16,26,110,107,1,Miami Heat,East,Southeast,Sacramento Kings,West,Pacific
857467,2022-11-02,2022,False,23,30,111,121,0,Philadelphia 76ers,East,Atlantic,Washington Wizards,East,Southeast
857466,2022-11-02,2022,False,7,29,103,100,1,Dallas Mavericks,West,Southwest,Utah Jazz,West,Northwest
857461,2022-11-02,2022,False,17,9,116,91,1,Milwaukee Bucks,East,Central,Detroit Pistons,East,Central
857470,2022-11-02,2022,False,20,1,99,112,0,New York Knicks,East,Atlantic,Atlanta Hawks,East,Southeast
857462,2022-11-02,2022,False,25,15,106,111,0,Portland Trail Blazers,West,Northwest,Memphis Grizzlies,West,Southwest
857464,2022-11-02,2022,False,5,4,106,88,1,Chicago Bulls,East,Central,Charlotte Hornets,East,Southeast
857471,2022-11-02,2022,False,14,19,120,117,1,Los Angeles Lakers,West,Pacific,New Orleans Pelicans,West,Southwest
857468,2022-11-02,2022,False,11,13,101,109,0,Houston Rockets,West,Southwest,LA Clippers,West,Pacific
857465,2022-11-02,2022,False,6,2,114,113,1,Cleveland Cavaliers,East,Central,Boston Celtics,East,Atlantic
857469,2022-11-02,2022,False,27,28,100,143,0,San Antonio Spurs,West,Southwest,Toronto Raptors,East,Atlantic
857473,2022-11-03,2022,False,21,8,110,122,0,Oklahoma City Thunder,West,Northwest,Denver Nuggets,West,Northwest
857472,2022-11-03,2022,False,22,10,130,129,1,Orlando Magic,East,Southeast,Golden State Warriors,West,Pacific
857475,2022-11-04,2022,False,18,17,102,115,0,Minnesota Timberwolves,West,Northwest,Milwaukee Bucks,East,Central
857480,2022-11-04,2022,False,27,13,106,113,0,San Antonio Spurs,West,Southwest,LA Clippers,West,Pacific
857483,2022-11-04,2022,False,23,20,104,106,0,Philadelphia 76ers,East,Atlantic,New York Knicks,East,Atlantic
857479,2022-11-04,2022,False,2,5,123,119,1,Boston Celtics,East,Atlantic,Chicago Bulls,East,Central
857478,2022-11-04,2022,False,15,4,130,99,1,Memphis Grizzlies,West,Southwest,Charlotte Hornets,East,Southeast
857474,2022-11-04,2022,False,12,16,101,99,1,Indiana Pacers,East,Central,Miami Heat,East,Southeast
857476,2022-11-04,2022,False,30,3,86,128,0,Washington Wizards,East,Southeast,Brooklyn Nets,East,Atlantic
857481,2022-11-04,2022,False,9,6,88,112,0,Detroit Pistons,East,Central,Cleveland Cavaliers,East,Central
857482,2022-11-04,2022,False,19,10,114,105,1,New Orleans Pelicans,West,Southwest,Golden State Warriors,West,Pacific
857485,2022-11-04,2022,False,14,29,116,130,0,Los Angeles Lakers,West,Pacific,Utah Jazz,West,Northwest
857484,2022-11-04,2022,False,24,25,106,108,0,Phoenix Suns,West,Pacific,Portland Trail Blazers,West,Northwest
857477,2022-11-04,2022,False,7,28,111,110,1,Dallas Mavericks,West,Southwest,Toronto Raptors,East,Atlantic
857491,2022-11-05,2022,False,18,11,129,117,1,Minnesota Timberwolves,West,Northwest,Houston Rockets,West,Southwest
857490,2022-11-05,2022,False,24,25,102,82,1,Phoenix Suns,West,Pacific,Portland Trail Blazers,West,Northwest
857486,2022-11-05,2022,False,22,26,123,126,0,Orlando Magic,East,Southeast,Sacramento Kings,West,Pacific
857488,2022-11-05,2022,False,17,21,108,94,1,Milwaukee Bucks,East,Central,Oklahoma City Thunder,West,Northwest
857487,2022-11-05,2022,False,4,3,94,98,0,Charlotte Hornets,East,Southeast,Brooklyn Nets,East,Atlantic
857489,2022-11-05,2022,False,8,27,126,101,1,Denver Nuggets,West,Northwest,San Antonio Spurs,West,Southwest
857493,2022-11-05,2022,False,20,2,118,133,0,New York Knicks,East,Atlantic,Boston Celtics,East,Atlantic
857492,2022-11-05,2022,False,1,19,124,121,1,Atlanta Hawks,East,Southeast,New Orleans Pelicans,West,Southwest
857497,2022-11-06,2022,False,15,30,103,97,1,Memphis Grizzlies,West,Southwest,Washington Wizards,East,Southeast
857495,2022-11-06,2022,False,28,5,113,104,1,Toronto Raptors,East,Atlantic,Chicago Bulls,East,Central
857496,2022-11-06,2022,False,13,29,102,110,0,LA Clippers,West,Pacific,Utah Jazz,West,Northwest
857494,2022-11-06,2022,False,14,6,100,114,0,Los Angeles Lakers,West,Pacific,Cleveland Cavaliers,East,Central
857504,2022-11-07,2022,False,18,20,107,120,0,Minnesota Timberwolves,West,Northwest,New York Knicks,East,Atlantic
857509,2022-11-07,2022,False,7,3,96,94,1,Dallas Mavericks,West,Southwest,Brooklyn Nets,East,Atlantic
857501,2022-11-07,2022,False,12,19,129,122,1,Indiana Pacers,East,Central,New Orleans Pelicans,West,Southwest
857507,2022-11-07,2022,False,9,21,112,103,1,Detroit Pistons,East,Central,Oklahoma City Thunder,West,Northwest
857512,2022-11-07,2022,False,13,6,119,117,1,LA Clippers,West,Pacific,Cleveland Cavaliers,East,Central
857506,2022-11-07,2022,False,15,2,106,109,0,Memphis Grizzlies,West,Southwest,Boston Celtics,East,Atlantic
857500,2022-11-07,2022,False,23,24,100,88,1,Philadelphia 76ers,East,Atlantic,Phoenix Suns,West,Pacific
857498,2022-11-07,2022,False,5,28,111,97,1,Chicago Bulls,East,Central,Toronto Raptors,East,Atlantic
857499,2022-11-07,2022,False,16,25,107,110,0,Miami Heat,East,Southeast,Portland Trail Blazers,West,Northwest
857511,2022-11-07,2022,False,10,26,116,113,1,Golden State Warriors,West,Pacific,Sacramento Kings,West,Pacific
857502,2022-11-07,2022,False,4,30,100,108,0,Charlotte Hornets,East,Southeast,Washington Wizards,East,Southeast
857503,2022-11-07,2022,False,1,17,117,98,1,Atlanta Hawks,East,Southeast,Milwaukee Bucks,East,Central
857508,2022-11-07,2022,False,27,8,109,115,0,San Antonio Spurs,West,Southwest,Denver Nuggets,West,Northwest
857510,2022-11-07,2022,False,29,14,139,116,1,Utah Jazz,West,Northwest,Los Angeles Lakers,West,Pacific
857505,2022-11-07,2022,False,22,11,127,134,0,Orlando Magic,East,Southeast,Houston Rockets,West,Southwest
857521,2022-11-09,2022,False,5,19,111,115,0,Chicago Bulls,East,Central,New Orleans Pelicans,West,Southwest
857523,2022-11-09,2022,False,27,15,122,124,0,San Antonio Spurs,West,Southwest,Memphis Grizzlies,West,Southwest
857522,2022-11-09,2022,False,21,17,132,136,0,Oklahoma City Thunder,West,Northwest,Milwaukee Bucks,East,Central
857525,2022-11-09,2022,False,26,6,127,120,1,Sacramento Kings,West,Pacific,Cleveland Cavaliers,East,Central
857519,2022-11-09,2022,False,18,24,117,129,0,Minnesota Timberwolves,West,Northwest,Phoenix Suns,West,Pacific
857513,2022-11-09,2022,False,2,9,128,112,1,Boston Celtics,East,Atlantic,Detroit Pistons,East,Central
857516,2022-11-09,2022,False,1,29,119,125,0,Atlanta Hawks,East,Southeast,Utah Jazz,West,Northwest
857514,2022-11-09,2022,False,22,7,94,87,1,Orlando Magic,East,Southeast,Dallas Mavericks,West,Southwest
857515,2022-11-09,2022,False,4,25,95,105,0,Charlotte Hornets,East,Southeast,Portland Trail Blazers,West,Northwest
857524,2022-11-09,2022,False,13,14,114,101,1,LA Clippers,West,Pacific,Los Angeles Lakers,West,Pacific
857518,2022-11-09,2022,False,28,11,116,109,1,Toronto Raptors,East,Atlantic,Houston Rockets,West,Southwest
857517,2022-11-09,2022,False,12,8,119,122,0,Indiana Pacers,East,Central,Denver Nuggets,West,Northwest
857520,2022-11-09,2022,False,3,20,112,85,1,Brooklyn Nets,East,Atlantic,New York Knicks,East,Atlantic
857528,2022-11-10,2022,False,1,23,104,95,1,Atlanta Hawks,East,Southeast,Philadelphia 76ers,East,Atlantic
857527,2022-11-10,2022,False,30,7,113,105,1,Washington Wizards,East,Southeast,Dallas Mavericks,West,Southwest
857529,2022-11-10,2022,False,19,25,95,106,0,New Orleans Pelicans,West,Southwest,Portland Trail Blazers,West,Northwest
857526,2022-11-10,2022,False,16,4,117,112,1,Miami Heat,East,Southeast,Charlotte Hornets,East,Southeast
857530,2022-11-11,2022,False,21,28,132,113,1,Oklahoma City Thunder,West,Northwest,Toronto Raptors,East,Atlantic
857537,2022-11-11,2022,False,27,17,111,93,1,San Antonio Spurs,West,Southwest,Milwaukee Bucks,East,Central
857532,2022-11-11,2022,False,22,24,114,97,1,Orlando Magic,East,Southeast,Phoenix Suns,West,Pacific
857534,2022-11-11,2022,False,15,18,114,103,1,Memphis Grizzlies,West,Southwest,Minnesota Timberwolves,West,Northwest
857536,2022-11-11,2022,False,20,9,121,112,1,New York Knicks,East,Atlantic,Detroit Pistons,East,Central
857531,2022-11-11,2022,False,10,6,106,101,1,Golden State Warriors,West,Pacific,Cleveland Cavaliers,East,Central
857533,2022-11-11,2022,False,2,8,131,112,1,Boston Celtics,East,Atlantic,Denver Nuggets,West,Northwest
857535,2022-11-11,2022,False,14,26,114,120,0,Los Angeles Lakers,West,Pacific,Sacramento Kings,West,Pacific
857539,2022-11-12,2022,False,30,29,121,112,1,Washington Wizards,East,Southeast,Utah Jazz,West,Northwest
857545,2022-11-12,2022,False,7,25,117,112,1,Dallas Mavericks,West,Southwest,Portland Trail Blazers,West,Northwest
857542,2022-11-12,2022,False,19,11,119,106,1,New Orleans Pelicans,West,Southwest,Houston Rockets,West,Southwest
857538,2022-11-12,2022,False,13,3,95,110,0,LA Clippers,West,Pacific,Brooklyn Nets,East,Atlantic
857544,2022-11-12,2022,False,12,28,118,104,1,Indiana Pacers,East,Central,Toronto Raptors,East,Atlantic
857541,2022-11-12,2022,False,16,4,132,115,1,Miami Heat,East,Southeast,Charlotte Hornets,East,Southeast
857543,2022-11-12,2022,False,23,1,121,109,1,Philadelphia 76ers,East,Atlantic,Atlanta Hawks,East,Southeast
857540,2022-11-12,2022,False,9,2,108,117,0,Detroit Pistons,East,Central,Boston Celtics,East,Atlantic
857548,2022-11-13,2022,False,20,21,135,145,0,New York Knicks,East,Atlantic,Oklahoma City Thunder,West,Northwest
857549,2022-11-13,2022,False,6,18,124,129,0,Cleveland Cavaliers,East,Central,Minnesota Timberwolves,West,Northwest
857552,2022-11-13,2022,False,14,3,116,103,1,Los Angeles Lakers,West,Pacific,Brooklyn Nets,East,Atlantic
857551,2022-11-13,2022,False,23,29,105,98,1,Philadelphia 76ers,East,Atlantic,Utah Jazz,West,Northwest
857550,2022-11-13,2022,False,26,10,122,115,1,Sacramento Kings,West,Pacific,Golden State Warriors,West,Pacific
857546,2022-11-13,2022,False,30,15,102,92,1,Washington Wizards,East,Southeast,Memphis Grizzlies,West,Southwest
857547,2022-11-13,2022,False,5,8,103,126,0,Chicago Bulls,East,Central,Denver Nuggets,West,Northwest
857553,2022-11-14,2022,False,11,13,106,122,0,Houston Rockets,West,Southwest,LA Clippers,West,Pacific
857557,2022-11-14,2022,False,9,28,111,115,0,Detroit Pistons,East,Central,Toronto Raptors,East,Atlantic
857558,2022-11-14,2022,False,17,1,106,121,0,Milwaukee Bucks,East,Central,Atlanta Hawks,East,Southeast
857554,2022-11-14,2022,False,10,27,132,95,1,Golden State Warriors,West,Pacific,San Antonio Spurs,West,Southwest
857556,2022-11-14,2022,False,16,24,113,112,1,Miami Heat,East,Southeast,Phoenix Suns,West,Pacific
857555,2022-11-14,2022,False,2,21,126,122,1,Boston Celtics,East,Atlantic,Oklahoma City Thunder,West,Northwest
857559,2022-11-14,2022,False,22,4,105,112,0,Orlando Magic,East,Southeast,Charlotte Hornets,East,Southeast
857564,2022-11-15,2022,False,7,13,103,101,1,Dallas Mavericks,West,Southwest,LA Clippers,West,Pacific
857563,2022-11-15,2022,False,25,27,117,110,1,Portland Trail Blazers,West,Northwest,San Antonio Spurs,West,Southwest
857562,2022-11-15,2022,False,29,20,111,118,0,Utah Jazz,West,Northwest,New York Knicks,East,Atlantic
857560,2022-11-15,2022,False,26,3,153,121,1,Sacramento Kings,West,Pacific,Brooklyn Nets,East,Atlantic
857561,2022-11-15,2022,False,19,15,113,102,1,New Orleans Pelicans,West,Southwest,Memphis Grizzlies,West,Southwest
857568,2022-11-16,2022,False,17,6,113,98,1,Milwaukee Bucks,East,Central,Cleveland Cavaliers,East,Central
857572,2022-11-16,2022,False,8,20,103,106,0,Denver Nuggets,West,Northwest,New York Knicks,East,Atlantic
857573,2022-11-16,2022,False,7,11,92,101,0,Dallas Mavericks,West,Southwest,Houston Rockets,West,Southwest
857567,2022-11-16,2022,False,4,12,113,125,0,Charlotte Hornets,East,Southeast,Indiana Pacers,East,Central
857570,2022-11-16,2022,False,1,2,101,126,0,Atlanta Hawks,East,Southeast,Boston Celtics,East,Atlantic
857571,2022-11-16,2022,False,30,21,120,121,0,Washington Wizards,East,Southeast,Oklahoma City Thunder,West,Northwest
857569,2022-11-16,2022,False,22,18,108,126,0,Orlando Magic,East,Southeast,Minnesota Timberwolves,West,Northwest
857565,2022-11-16,2022,False,19,5,124,110,1,New Orleans Pelicans,West,Southwest,Chicago Bulls,East,Central
857574,2022-11-16,2022,False,24,10,130,119,1,Phoenix Suns,West,Pacific,Golden State Warriors,West,Pacific
857566,2022-11-16,2022,False,28,16,112,104,1,Toronto Raptors,East,Atlantic,Miami Heat,East,Southeast
857575,2022-11-17,2022,False,13,9,96,91,1,LA Clippers,West,Pacific,Detroit Pistons,East,Central
857577,2022-11-17,2022,False,25,3,107,109,0,Portland Trail Blazers,West,Northwest,Brooklyn Nets,East,Atlantic
857576,2022-11-17,2022,False,26,27,130,112,1,Sacramento Kings,West,Pacific,San Antonio Spurs,West,Southwest
857586,2022-11-18,2022,False,10,20,111,101,1,Golden State Warriors,West,Pacific,New York Knicks,East,Atlantic
857581,2022-11-18,2022,False,5,22,107,108,0,Chicago Bulls,East,Central,Orlando Magic,East,Southeast
857580,2022-11-18,2022,False,23,17,110,102,1,Philadelphia 76ers,East,Atlantic,Milwaukee Bucks,East,Central
857579,2022-11-18,2022,False,19,2,109,117,0,New Orleans Pelicans,West,Southwest,Boston Celtics,East,Atlantic
857588,2022-11-18,2022,False,14,9,128,121,1,Los Angeles Lakers,West,Pacific,Detroit Pistons,East,Central
857582,2022-11-18,2022,False,7,8,127,99,1,Dallas Mavericks,West,Southwest,Denver Nuggets,West,Northwest
857583,2022-11-18,2022,False,15,21,121,110,1,Memphis Grizzlies,West,Southwest,Oklahoma City Thunder,West,Northwest
857584,2022-11-18,2022,False,6,4,132,122,1,Cleveland Cavaliers,East,Central,Charlotte Hornets,East,Southeast
857587,2022-11-18,2022,False,11,12,91,99,0,Houston Rockets,West,Southwest,Indiana Pacers,East,Central
857585,2022-11-18,2022,False,30,16,107,106,1,Washington Wizards,East,Southeast,Miami Heat,East,Southeast
857578,2022-11-18,2022,False,29,24,134,133,1,Utah Jazz,West,Northwest,Phoenix Suns,West,Pacific
857593,2022-11-19,2022,False,23,18,109,112,0,Philadelphia 76ers,East,Atlantic,Minnesota Timberwolves,West,Northwest
857591,2022-11-19,2022,False,12,22,114,113,1,Indiana Pacers,East,Central,Orlando Magic,East,Southeast
857590,2022-11-19,2022,False,25,29,113,118,0,Portland Trail Blazers,West,Northwest,Utah Jazz,West,Northwest
857589,2022-11-19,2022,False,1,28,124,122,1,Atlanta Hawks,East,Southeast,Toronto Raptors,East,Atlantic
857592,2022-11-19,2022,False,13,27,119,97,1,LA Clippers,West,Pacific,San Antonio Spurs,West,Southwest
857596,2022-11-20,2022,False,7,8,97,98,0,Dallas Mavericks,West,Southwest,Denver Nuggets,West,Northwest
857595,2022-11-20,2022,False,26,9,137,129,1,Sacramento Kings,West,Pacific,Detroit Pistons,East,Central
857598,2022-11-20,2022,False,24,20,116,95,1,Phoenix Suns,West,Pacific,New York Knicks,East,Atlantic
857600,2022-11-20,2022,False,11,10,120,127,0,Houston Rockets,West,Southwest,Golden State Warriors,West,Pacific
857601,2022-11-20,2022,False,14,27,123,92,1,Los Angeles Lakers,West,Pacific,San Antonio Spurs,West,Southwest
857594,2022-11-20,2022,False,6,16,113,87,1,Cleveland Cavaliers,East,Central,Miami Heat,East,Southeast
857599,2022-11-20,2022,False,30,4,106,102,1,Washington Wizards,East,Southeast,Charlotte Hornets,East,Southeast
857597,2022-11-20,2022,False,3,15,127,115,1,Brooklyn Nets,East,Atlantic,Memphis Grizzlies,West,Southwest
857607,2022-11-21,2022,False,17,25,119,111,1,Milwaukee Bucks,East,Central,Portland Trail Blazers,West,Northwest
857602,2022-11-21,2022,False,13,29,121,114,1,LA Clippers,West,Pacific,Utah Jazz,West,Northwest
857609,2022-11-21,2022,False,19,10,128,83,1,New Orleans Pelicans,West,Southwest,Golden State Warriors,West,Pacific
857604,2022-11-21,2022,False,18,16,105,101,1,Minnesota Timberwolves,West,Northwest,Miami Heat,East,Southeast
857606,2022-11-21,2022,False,12,22,123,102,1,Indiana Pacers,East,Central,Orlando Magic,East,Southeast
857603,2022-11-21,2022,False,6,1,114,102,1,Cleveland Cavaliers,East,Central,Atlanta Hawks,East,Southeast
857608,2022-11-21,2022,False,21,20,119,129,0,Oklahoma City Thunder,West,Northwest,New York Knicks,East,Atlantic
857605,2022-11-21,2022,False,5,2,121,107,1,Chicago Bulls,East,Central,Boston Celtics,East,Atlantic
857612,2022-11-22,2022,False,23,3,115,106,1,Philadelphia 76ers,East,Atlantic,Brooklyn Nets,East,Atlantic
857610,2022-11-22,2022,False,24,14,115,105,1,Phoenix Suns,West,Pacific,Los Angeles Lakers,West,Pacific
857611,2022-11-22,2022,False,8,9,108,110,0,Denver Nuggets,West,Northwest,Detroit Pistons,East,Central
857613,2022-11-22,2022,False,15,26,109,113,0,Memphis Grizzlies,West,Southwest,Sacramento Kings,West,Pacific
857624,2022-11-23,2022,False,29,9,116,125,0,Utah Jazz,West,Northwest,Detroit Pistons,East,Central
857618,2022-11-23,2022,False,6,25,114,96,1,Cleveland Cavaliers,East,Central,Portland Trail Blazers,West,Northwest
857622,2022-11-23,2022,False,28,3,98,112,0,Toronto Raptors,East,Atlantic,Brooklyn Nets,East,Atlantic
857620,2022-11-23,2022,False,2,7,125,112,1,Boston Celtics,East,Atlantic,Dallas Mavericks,West,Southwest
857617,2022-11-23,2022,False,12,18,101,115,0,Indiana Pacers,East,Central,Minnesota Timberwolves,West,Northwest
857623,2022-11-23,2022,False,27,19,110,129,0,San Antonio Spurs,West,Southwest,New Orleans Pelicans,West,Southwest
857621,2022-11-23,2022,False,16,30,113,105,1,Miami Heat,East,Southeast,Washington Wizards,East,Southeast
857614,2022-11-23,2022,False,21,8,126,131,0,Oklahoma City Thunder,West,Northwest,Denver Nuggets,West,Northwest
857616,2022-11-23,2022,False,4,23,107,101,1,Charlotte Hornets,East,Southeast,Philadelphia 76ers,East,Atlantic
857619,2022-11-23,2022,False,1,26,115,106,1,Atlanta Hawks,East,Southeast,Sacramento Kings,West,Pacific
857625,2022-11-23,2022,False,10,13,124,107,1,Golden State Warriors,West,Pacific,LA Clippers,West,Pacific
857615,2022-11-23,2022,False,17,5,113,118,0,Milwaukee Bucks,East,Central,Chicago Bulls,East,Central
857627,2022-11-25,2022,False,4,18,110,108,1,Charlotte Hornets,East,Southeast,Minnesota Timberwolves,West,Northwest
857639,2022-11-25,2022,False,13,8,104,114,0,LA Clippers,West,Pacific,Denver Nuggets,West,Northwest
857638,2022-11-25,2022,False,27,14,94,105,0,San Antonio Spurs,West,Southwest,Los Angeles Lakers,West,Pacific
857631,2022-11-25,2022,False,20,25,129,132,0,New York Knicks,East,Atlantic,Portland Trail Blazers,West,Northwest
857636,2022-11-25,2022,False,24,9,108,102,1,Phoenix Suns,West,Pacific,Detroit Pistons,East,Central
857628,2022-11-25,2022,False,16,30,110,107,1,Miami Heat,East,Southeast,Washington Wizards,East,Southeast
857630,2022-11-25,2022,False,17,6,117,102,1,Milwaukee Bucks,East,Central,Cleveland Cavaliers,East,Central
857634,2022-11-25,2022,False,2,26,122,104,1,Boston Celtics,East,Atlantic,Sacramento Kings,West,Pacific
857629,2022-11-25,2022,False,12,3,128,117,1,Indiana Pacers,East,Central,Brooklyn Nets,East,Atlantic
857635,2022-11-25,2022,False,21,5,123,119,1,Oklahoma City Thunder,West,Northwest,Chicago Bulls,East,Central
857633,2022-11-25,2022,False,15,19,132,111,1,Memphis Grizzlies,West,Southwest,New Orleans Pelicans,West,Southwest
857637,2022-11-25,2022,False,10,29,129,118,1,Golden State Warriors,West,Pacific,Utah Jazz,West,Northwest
857632,2022-11-25,2022,False,11,1,128,122,1,Houston Rockets,West,Southwest,Atlanta Hawks,East,Southeast
857626,2022-11-25,2022,False,22,23,99,107,0,Orlando Magic,East,Southeast,Philadelphia 76ers,East,Atlantic
857640,2022-11-26,2022,False,24,29,113,112,1,Phoenix Suns,West,Pacific,Utah Jazz,West,Northwest
857641,2022-11-26,2022,False,11,21,118,105,1,Houston Rockets,West,Southwest,Oklahoma City Thunder,West,Northwest
857643,2022-11-26,2022,False,28,7,105,100,1,Toronto Raptors,East,Atlantic,Dallas Mavericks,West,Southwest
857642,2022-11-26,2022,False,27,14,138,143,0,San Antonio Spurs,West,Southwest,Los Angeles Lakers,West,Pacific
857646,2022-11-27,2022,False,3,25,111,97,1,Brooklyn Nets,East,Atlantic,Portland Trail Blazers,West,Northwest
857647,2022-11-27,2022,False,20,15,123,127,0,New York Knicks,East,Atlantic,Memphis Grizzlies,West,Southwest
857644,2022-11-27,2022,False,1,16,98,106,0,Atlanta Hawks,East,Southeast,Miami Heat,East,Southeast
857651,2022-11-27,2022,False,17,7,124,115,1,Milwaukee Bucks,East,Central,Dallas Mavericks,West,Southwest
857645,2022-11-27,2022,False,13,12,114,100,1,LA Clippers,West,Pacific,Indiana Pacers,East,Central
857650,2022-11-27,2022,False,18,10,114,137,0,Minnesota Timberwolves,West,Northwest,Golden State Warriors,West,Pacific
857649,2022-11-27,2022,False,22,23,103,133,0,Orlando Magic,East,Southeast,Philadelphia 76ers,East,Atlantic
857652,2022-11-27,2022,False,9,6,94,102,0,Detroit Pistons,East,Central,Cleveland Cavaliers,East,Central
857648,2022-11-27,2022,False,2,30,130,121,1,Boston Celtics,East,Atlantic,Washington Wizards,East,Southeast
857656,2022-11-28,2022,False,28,6,100,88,1,Toronto Raptors,East,Atlantic,Cleveland Cavaliers,East,Central
857661,2022-11-28,2022,False,19,21,105,101,1,New Orleans Pelicans,West,Southwest,Oklahoma City Thunder,West,Northwest
857654,2022-11-28,2022,False,23,1,104,101,1,Philadelphia 76ers,East,Atlantic,Atlanta Hawks,East,Southeast
857655,2022-11-28,2022,False,30,18,142,127,1,Washington Wizards,East,Southeast,Minnesota Timberwolves,West,Northwest
857660,2022-11-28,2022,False,14,12,115,116,0,Los Angeles Lakers,West,Pacific,Indiana Pacers,East,Central
857658,2022-11-28,2022,False,26,24,117,122,0,Sacramento Kings,West,Pacific,Phoenix Suns,West,Pacific
857659,2022-11-28,2022,False,29,5,107,114,0,Utah Jazz,West,Northwest,Chicago Bulls,East,Central
857662,2022-11-28,2022,False,8,11,129,113,1,Denver Nuggets,West,Northwest,Houston Rockets,West,Southwest
857657,2022-11-28,2022,False,3,22,109,102,1,Brooklyn Nets,East,Atlantic,Orlando Magic,East,Southeast
857653,2022-11-28,2022,False,2,4,140,105,1,Boston Celtics,East,Atlantic,Charlotte Hornets,East,Southeast
857664,2022-11-29,2022,False,7,10,116,113,1,Dallas Mavericks,West,Southwest,Golden State Warriors,West,Pacific
857663,2022-11-29,2022,False,25,13,112,118,0,Portland Trail Blazers,West,Northwest,LA Clippers,West,Pacific
857665,2022-11-29,2022,False,9,20,110,140,0,Detroit Pistons,East,Central,New York Knicks,East,Atlantic
857678,2022-11-30,2022,False,14,25,128,109,1,Los Angeles Lakers,West,Pacific,Portland Trail Blazers,West,Northwest
857669,2022-11-30,2022,False,6,23,113,85,1,Cleveland Cavaliers,East,Central,Philadelphia 76ers,East,Atlantic
857666,2022-11-30,2022,False,3,30,113,107,1,Brooklyn Nets,East,Atlantic,Washington Wizards,East,Southeast
857673,2022-11-30,2022,False,19,28,126,108,1,New Orleans Pelicans,West,Southwest,Toronto Raptors,East,Atlantic
857670,2022-11-30,2022,False,20,17,103,109,0,New York Knicks,East,Atlantic,Milwaukee Bucks,East,Central
857676,2022-11-30,2022,False,26,12,137,114,1,Sacramento Kings,West,Pacific,Indiana Pacers,East,Central
857668,2022-11-30,2022,False,22,1,108,125,0,Orlando Magic,East,Southeast,Atlanta Hawks,East,Southeast
857672,2022-11-30,2022,False,24,5,132,113,1,Phoenix Suns,West,Pacific,Chicago Bulls,East,Central
857667,2022-11-30,2022,False,2,16,134,121,1,Boston Celtics,East,Atlantic,Miami Heat,East,Southeast
857671,2022-11-30,2022,False,21,27,119,111,1,Oklahoma City Thunder,West,Northwest,San Antonio Spurs,West,Southwest
857677,2022-11-30,2022,False,29,13,125,112,1,Utah Jazz,West,Northwest,LA Clippers,West,Pacific
857675,2022-11-30,2022,False,8,11,120,100,1,Denver Nuggets,West,Northwest,Houston Rockets,West,Southwest
857674,2022-11-30,2022,False,18,15,109,101,1,Minnesota Timberwolves,West,Northwest,Memphis Grizzlies,West,Southwest
857679,2022-12-01,2022,False,9,7,131,125,1,Detroit Pistons,East,Central,Dallas Mavericks,West,Southwest
857681,2022-12-02,2022,False,1,8,117,109,1,Atlanta Hawks,East,Southeast,Denver Nuggets,West,Northwest
857682,2022-12-02,2022,False,24,11,121,122,0,Phoenix Suns,West,Pacific,Houston Rockets,West,Southwest
857688,2022-12-02,2022,False,15,23,117,109,1,Memphis Grizzlies,West,Southwest,Philadelphia 76ers,East,Atlantic
857685,2022-12-02,2022,False,3,28,114,105,1,Brooklyn Nets,East,Atlantic,Toronto Raptors,East,Atlantic
857689,2022-12-02,2022,False,6,22,107,96,1,Cleveland Cavaliers,East,Central,Orlando Magic,East,Southeast
857690,2022-12-02,2022,False,10,5,119,111,1,Golden State Warriors,West,Pacific,Chicago Bulls,East,Central
857683,2022-12-02,2022,False,17,14,129,133,0,Milwaukee Bucks,East,Central,Los Angeles Lakers,West,Pacific
857684,2022-12-02,2022,False,27,19,99,117,0,San Antonio Spurs,West,Southwest,New Orleans Pelicans,West,Southwest
857680,2022-12-02,2022,False,2,16,116,120,0,Boston Celtics,East,Atlantic,Miami Heat,East,Southeast
857686,2022-12-02,2022,False,4,30,117,116,1,Charlotte Hornets,East,Southeast,Washington Wizards,East,Southeast
857687,2022-12-02,2022,False,29,12,139,119,1,Utah Jazz,West,Northwest,Indiana Pacers,East,Central
857695,2022-12-03,2022,False,18,21,128,135,0,Minnesota Timberwolves,West,Northwest,Oklahoma City Thunder,West,Northwest
857693,2022-12-03,2022,False,13,26,96,123,0,LA Clippers,West,Pacific,Sacramento Kings,West,Pacific
857692,2022-12-03,2022,False,29,25,111,116,0,Utah Jazz,West,Northwest,Portland Trail Blazers,West,Northwest
857697,2022-12-03,2022,False,10,11,120,101,1,Golden State Warriors,West,Pacific,Houston Rockets,West,Southwest
857696,2022-12-03,2022,False,28,22,121,108,1,Toronto Raptors,East,Atlantic,Orlando Magic,East,Southeast
857694,2022-12-03,2022,False,4,17,96,105,0,Charlotte Hornets,East,Southeast,Milwaukee Bucks,East,Central
857691,2022-12-03,2022,False,20,7,100,121,0,New York Knicks,East,Atlantic,Dallas Mavericks,West,Southwest
857701,2022-12-04,2022,False,30,14,119,130,0,Washington Wizards,East,Southeast,Los Angeles Lakers,West,Pacific
857698,2022-12-04,2022,False,26,5,110,101,1,Sacramento Kings,West,Pacific,Chicago Bulls,East,Central
857702,2022-12-04,2022,False,3,2,92,103,0,Brooklyn Nets,East,Atlantic,Boston Celtics,East,Atlantic
857704,2022-12-04,2022,False,20,6,92,81,1,New York Knicks,East,Atlantic,Cleveland Cavaliers,East,Central
857703,2022-12-04,2022,False,9,15,112,122,0,Detroit Pistons,East,Central,Memphis Grizzlies,West,Southwest
857705,2022-12-04,2022,False,25,12,116,100,1,Portland Trail Blazers,West,Northwest,Indiana Pacers,East,Central
857699,2022-12-04,2022,False,27,24,95,133,0,San Antonio Spurs,West,Southwest,Phoenix Suns,West,Pacific
857700,2022-12-04,2022,False,19,8,121,106,1,New Orleans Pelicans,West,Southwest,Denver Nuggets,West,Northwest
857712,2022-12-05,2022,False,1,21,114,121,0,Atlanta Hawks,East,Southeast,Oklahoma City Thunder,West,Northwest
857708,2022-12-05,2022,False,15,16,101,93,1,Memphis Grizzlies,West,Southwest,Miami Heat,East,Southeast
857706,2022-12-05,2022,False,4,13,117,119,0,Charlotte Hornets,East,Southeast,LA Clippers,West,Pacific
857710,2022-12-05,2022,False,11,23,132,123,1,Houston Rockets,West,Southwest,Philadelphia 76ers,East,Atlantic
857707,2022-12-05,2022,False,10,12,104,112,0,Golden State Warriors,West,Pacific,Indiana Pacers,East,Central
857713,2022-12-05,2022,False,7,24,130,111,1,Dallas Mavericks,West,Southwest,Phoenix Suns,West,Pacific
857709,2022-12-05,2022,False,28,2,110,116,0,Toronto Raptors,East,Atlantic,Boston Celtics,East,Atlantic
857711,2022-12-05,2022,False,22,17,102,109,0,Orlando Magic,East,Southeast,Milwaukee Bucks,East,Central
857714,2022-12-06,2022,False,16,9,96,116,0,Miami Heat,East,Southeast,Detroit Pistons,East,Central
857715,2022-12-06,2022,False,8,7,115,116,0,Denver Nuggets,West,Northwest,Dallas Mavericks,West,Southwest
857716,2022-12-06,2022,False,6,14,116,102,1,Cleveland Cavaliers,East,Central,Los Angeles Lakers,West,Pacific
857720,2022-12-07,2022,False,19,9,104,98,1,New Orleans Pelicans,West,Southwest,Detroit Pistons,East,Central
857727,2022-12-07,2022,False,24,2,98,125,0,Phoenix Suns,West,Pacific,Boston Celtics,East,Atlantic
857718,2022-12-07,2022,False,29,10,124,123,1,Utah Jazz,West,Northwest,Golden State Warriors,West,Pacific
857724,2022-12-07,2022,False,18,12,121,115,1,Minnesota Timberwolves,West,Northwest,Indiana Pacers,East,Central
857723,2022-12-07,2022,False,15,21,123,102,1,Memphis Grizzlies,West,Southwest,Oklahoma City Thunder,West,Northwest
857719,2022-12-07,2022,False,28,14,126,113,1,Toronto Raptors,East,Atlantic,Los Angeles Lakers,West,Pacific
857722,2022-12-07,2022,False,3,4,122,116,1,Brooklyn Nets,East,Atlantic,Charlotte Hornets,East,Southeast
857717,2022-12-07,2022,False,17,26,126,113,1,Milwaukee Bucks,East,Central,Sacramento Kings,West,Pacific
857721,2022-12-07,2022,False,20,1,113,89,1,New York Knicks,East,Atlantic,Atlanta Hawks,East,Southeast
857725,2022-12-07,2022,False,22,13,116,111,1,Orlando Magic,East,Southeast,LA Clippers,West,Pacific
857726,2022-12-07,2022,False,5,30,115,111,1,Chicago Bulls,East,Central,Washington Wizards,East,Southeast
857729,2022-12-08,2022,False,27,11,118,109,1,San Antonio Spurs,West,Southwest,Houston Rockets,West,Southwest
857730,2022-12-08,2022,False,25,8,120,121,0,Portland Trail Blazers,West,Northwest,Denver Nuggets,West,Northwest
857728,2022-12-08,2022,False,16,13,115,110,1,Miami Heat,East,Southeast,LA Clippers,West,Pacific
857735,2022-12-09,2022,False,15,9,114,103,1,Memphis Grizzlies,West,Southwest,Detroit Pistons,East,Central
857732,2022-12-09,2022,False,7,17,105,106,0,Dallas Mavericks,West,Southwest,Milwaukee Bucks,East,Central
857731,2022-12-09,2022,False,22,28,113,109,1,Orlando Magic,East,Southeast,Toronto Raptors,East,Atlantic
857738,2022-12-09,2022,False,19,24,128,117,1,New Orleans Pelicans,West,Southwest,Phoenix Suns,West,Pacific
857733,2022-12-09,2022,False,4,20,102,121,0,Charlotte Hornets,East,Southeast,New York Knicks,East,Atlantic
857739,2022-12-09,2022,False,6,26,95,106,0,Cleveland Cavaliers,East,Central,Sacramento Kings,West,Pacific
857734,2022-12-09,2022,False,3,1,120,116,1,Brooklyn Nets,East,Atlantic,Atlanta Hawks,East,Southeast
857740,2022-12-09,2022,False,29,18,108,118,0,Utah Jazz,West,Northwest,Minnesota Timberwolves,West,Northwest
857737,2022-12-09,2022,False,12,30,121,111,1,Indiana Pacers,East,Central,Washington Wizards,East,Southeast
857736,2022-12-09,2022,False,23,14,133,122,1,Philadelphia 76ers,East,Atlantic,Los Angeles Lakers,West,Pacific
857742,2022-12-10,2022,False,5,7,144,115,1,Chicago Bulls,East,Central,Dallas Mavericks,West,Southwest
857747,2022-12-10,2022,False,8,29,115,110,1,Denver Nuggets,West,Northwest,Utah Jazz,West,Northwest
857746,2022-12-10,2022,False,12,3,133,136,0,Indiana Pacers,East,Central,Brooklyn Nets,East,Atlantic
857743,2022-12-10,2022,False,30,13,107,114,0,Washington Wizards,East,Southeast,LA Clippers,West,Pacific
857748,2022-12-10,2022,False,25,18,124,118,1,Portland Trail Blazers,West,Northwest,Minnesota Timberwolves,West,Northwest
857741,2022-12-10,2022,False,16,27,111,115,0,Miami Heat,East,Southeast,San Antonio Spurs,West,Southwest
857744,2022-12-10,2022,False,10,2,123,107,1,Golden State Warriors,West,Pacific,Boston Celtics,East,Atlantic
857745,2022-12-10,2022,False,6,21,110,102,1,Cleveland Cavaliers,East,Central,Oklahoma City Thunder,West,Northwest
857755,2022-12-11,2022,False,11,17,97,92,1,Houston Rockets,West,Southwest,Milwaukee Bucks,East,Central
857752,2022-12-11,2022,False,22,28,111,99,1,Orlando Magic,East,Southeast,Toronto Raptors,East,Atlantic
857750,2022-12-11,2022,False,23,4,131,113,1,Philadelphia 76ers,East,Atlantic,Charlotte Hornets,East,Southeast
857749,2022-12-11,2022,False,9,14,117,124,0,Detroit Pistons,East,Central,Los Angeles Lakers,West,Pacific
857753,2022-12-11,2022,False,19,24,129,124,1,New Orleans Pelicans,West,Southwest,Phoenix Suns,West,Pacific
857751,2022-12-11,2022,False,1,5,123,122,1,Atlanta Hawks,East,Southeast,Chicago Bulls,East,Central
857754,2022-12-11,2022,False,20,26,112,99,1,New York Knicks,East,Atlantic,Sacramento Kings,West,Pacific
857762,2022-12-12,2022,False,7,21,121,114,1,Dallas Mavericks,West,Southwest,Oklahoma City Thunder,West,Northwest
857757,2022-12-12,2022,False,30,3,100,112,0,Washington Wizards,East,Southeast,Brooklyn Nets,East,Atlantic
857756,2022-12-12,2022,False,25,18,133,112,1,Portland Trail Blazers,West,Northwest,Minnesota Timberwolves,West,Northwest
857758,2022-12-12,2022,False,15,1,128,103,1,Memphis Grizzlies,West,Southwest,Atlanta Hawks,East,Southeast
857761,2022-12-12,2022,False,13,2,113,93,1,LA Clippers,West,Pacific,Boston Celtics,East,Atlantic
857759,2022-12-12,2022,False,27,6,112,111,1,San Antonio Spurs,West,Southwest,Cleveland Cavaliers,East,Central
857760,2022-12-12,2022,False,12,16,82,87,0,Indiana Pacers,East,Central,Miami Heat,East,Southeast
857766,2022-12-13,2022,False,11,24,111,97,1,Houston Rockets,West,Southwest,Phoenix Suns,West,Pacific
857765,2022-12-13,2022,False,14,2,118,122,0,Los Angeles Lakers,West,Pacific,Boston Celtics,East,Atlantic
857764,2022-12-13,2022,False,29,19,121,100,1,Utah Jazz,West,Northwest,New Orleans Pelicans,West,Southwest
857763,2022-12-13,2022,False,17,10,128,111,1,Milwaukee Bucks,East,Central,Golden State Warriors,West,Pacific
857767,2022-12-13,2022,False,23,26,123,103,1,Philadelphia 76ers,East,Atlantic,Sacramento Kings,West,Pacific
857770,2022-12-14,2022,False,22,1,135,124,1,Orlando Magic,East,Southeast,Atlanta Hawks,East,Southeast
857775,2022-12-14,2022,False,7,6,90,105,0,Dallas Mavericks,West,Southwest,Cleveland Cavaliers,East,Central
857768,2022-12-14,2022,False,8,30,141,128,1,Denver Nuggets,West,Northwest,Washington Wizards,East,Southeast
857772,2022-12-14,2022,False,21,16,108,110,0,Oklahoma City Thunder,West,Northwest,Miami Heat,East,Southeast
857771,2022-12-14,2022,False,12,10,125,119,1,Indiana Pacers,East,Central,Golden State Warriors,West,Pacific
857774,2022-12-14,2022,False,5,20,120,128,0,Chicago Bulls,East,Central,New York Knicks,East,Atlantic
857776,2022-12-14,2022,False,4,9,134,141,0,Charlotte Hornets,East,Southeast,Detroit Pistons,East,Central
857773,2022-12-14,2022,False,28,26,123,124,0,Toronto Raptors,East,Atlantic,Sacramento Kings,West,Pacific
857769,2022-12-14,2022,False,13,18,99,88,1,LA Clippers,West,Pacific,Minnesota Timberwolves,West,Northwest
857777,2022-12-14,2022,False,27,25,112,128,0,San Antonio Spurs,West,Southwest,Portland Trail Blazers,West,Northwest
857778,2022-12-15,2022,False,11,16,108,111,0,Houston Rockets,West,Southwest,Miami Heat,East,Southeast
857781,2022-12-15,2022,False,13,24,95,111,0,LA Clippers,West,Pacific,Phoenix Suns,West,Pacific
857780,2022-12-15,2022,False,15,17,142,101,1,Memphis Grizzlies,West,Southwest,Milwaukee Bucks,East,Central
857779,2022-12-15,2022,False,29,19,132,129,1,Utah Jazz,West,Northwest,New Orleans Pelicans,West,Southwest
857787,2022-12-16,2022,False,21,18,110,112,0,Oklahoma City Thunder,West,Northwest,Minnesota Timberwolves,West,Northwest
857783,2022-12-16,2022,False,14,8,126,108,1,Los Angeles Lakers,West,Pacific,Denver Nuggets,West,Northwest
857790,2022-12-16,2022,False,6,12,118,112,1,Cleveland Cavaliers,East,Central,Indiana Pacers,East,Central
857784,2022-12-16,2022,False,4,1,106,125,0,Charlotte Hornets,East,Southeast,Atlanta Hawks,East,Southeast
857786,2022-12-16,2022,False,2,22,109,117,0,Boston Celtics,East,Atlantic,Orlando Magic,East,Southeast
857791,2022-12-16,2022,False,7,25,130,110,1,Dallas Mavericks,West,Southwest,Portland Trail Blazers,West,Northwest
857788,2022-12-16,2022,False,9,26,113,122,0,Detroit Pistons,East,Central,Sacramento Kings,West,Pacific
857789,2022-12-16,2022,False,23,10,118,106,1,Philadelphia 76ers,East,Atlantic,Golden State Warriors,West,Pacific
857782,2022-12-16,2022,False,5,20,91,114,0,Chicago Bulls,East,Central,New York Knicks,East,Atlantic
857785,2022-12-16,2022,False,28,3,116,119,0,Toronto Raptors,East,Atlantic,Brooklyn Nets,East,Atlantic
857796,2022-12-17,2022,False,17,29,123,97,1,Milwaukee Bucks,East,Central,Utah Jazz,West,Northwest
857793,2022-12-17,2022,False,13,30,102,93,1,LA Clippers,West,Pacific,Washington Wizards,East,Southeast
857794,2022-12-17,2022,False,6,7,100,99,1,Cleveland Cavaliers,East,Central,Dallas Mavericks,West,Southwest
857792,2022-12-17,2022,False,27,16,101,111,0,San Antonio Spurs,West,Southwest,Miami Heat,East,Southeast
857795,2022-12-17,2022,False,11,25,95,107,0,Houston Rockets,West,Southwest,Portland Trail Blazers,West,Northwest
857798,2022-12-17,2022,False,21,15,115,109,1,Oklahoma City Thunder,West,Northwest,Memphis Grizzlies,West,Southwest
857797,2022-12-17,2022,False,24,19,118,114,1,Phoenix Suns,West,Pacific,New Orleans Pelicans,West,Southwest
857802,2022-12-18,2022,False,28,10,110,126,0,Toronto Raptors,East,Atlantic,Golden State Warriors,West,Pacific
857799,2022-12-18,2022,False,8,4,119,115,1,Denver Nuggets,West,Northwest,Charlotte Hornets,East,Southeast
857805,2022-12-18,2022,False,9,3,121,124,0,Detroit Pistons,East,Central,Brooklyn Nets,East,Atlantic
857803,2022-12-18,2022,False,14,30,119,117,1,Los Angeles Lakers,West,Pacific,Washington Wizards,East,Southeast
857804,2022-12-18,2022,False,12,20,106,109,0,Indiana Pacers,East,Central,New York Knicks,East,Atlantic
857801,2022-12-18,2022,False,2,22,92,95,0,Boston Celtics,East,Atlantic,Orlando Magic,East,Southeast
857800,2022-12-18,2022,False,18,5,150,126,1,Minnesota Timberwolves,West,Northwest,Chicago Bulls,East,Central
857809,2022-12-19,2022,False,19,17,119,128,0,New Orleans Pelicans,West,Southwest,Milwaukee Bucks,East,Central
857808,2022-12-19,2022,False,11,27,105,124,0,Houston Rockets,West,Southwest,San Antonio Spurs,West,Southwest
857806,2022-12-19,2022,False,26,4,119,125,0,Sacramento Kings,West,Pacific,Charlotte Hornets,East,Southeast
857812,2022-12-19,2022,False,21,25,123,121,1,Oklahoma City Thunder,West,Northwest,Portland Trail Blazers,West,Northwest
857811,2022-12-19,2022,False,24,14,130,104,1,Phoenix Suns,West,Pacific,Los Angeles Lakers,West,Pacific
857814,2022-12-19,2022,False,23,28,104,101,1,Philadelphia 76ers,East,Atlantic,Toronto Raptors,East,Atlantic
857813,2022-12-19,2022,False,18,7,116,106,1,Minnesota Timberwolves,West,Northwest,Dallas Mavericks,West,Southwest
857810,2022-12-19,2022,False,1,22,126,125,1,Atlanta Hawks,East,Southeast,Orlando Magic,East,Southeast
857807,2022-12-19,2022,False,6,29,122,99,1,Cleveland Cavaliers,East,Central,Utah Jazz,West,Northwest
857815,2022-12-20,2022,False,20,10,132,94,1,New York Knicks,East,Atlantic,Golden State Warriors,West,Pacific
857817,2022-12-20,2022,False,8,15,105,91,1,Denver Nuggets,West,Northwest,Memphis Grizzlies,West,Southwest
857819,2022-12-20,2022,False,24,30,110,113,0,Phoenix Suns,West,Pacific,Washington Wizards,East,Southeast
857816,2022-12-20,2022,False,9,29,111,126,0,Detroit Pistons,East,Central,Utah Jazz,West,Northwest
857818,2022-12-20,2022,False,16,5,103,113,0,Miami Heat,East,Southeast,Chicago Bulls,East,Central
857824,2022-12-21,2022,False,1,5,108,110,0,Atlanta Hawks,East,Southeast,Chicago Bulls,East,Central
857821,2022-12-21,2022,False,26,14,134,120,1,Sacramento Kings,West,Pacific,Los Angeles Lakers,West,Pacific
857825,2022-12-21,2022,False,11,22,110,116,0,Houston Rockets,West,Southwest,Orlando Magic,East,Southeast
857829,2022-12-21,2022,False,20,28,106,113,0,New York Knicks,East,Atlantic,Toronto Raptors,East,Atlantic
857822,2022-12-21,2022,False,6,17,114,106,1,Cleveland Cavaliers,East,Central,Milwaukee Bucks,East,Central
857830,2022-12-21,2022,False,13,4,126,105,1,LA Clippers,West,Pacific,Charlotte Hornets,East,Southeast
857820,2022-12-21,2022,False,21,25,101,98,1,Oklahoma City Thunder,West,Northwest,Portland Trail Blazers,West,Northwest
857826,2022-12-21,2022,False,18,7,99,104,0,Minnesota Timberwolves,West,Northwest,Dallas Mavericks,West,Southwest
857828,2022-12-21,2022,False,3,10,143,113,1,Brooklyn Nets,East,Atlantic,Golden State Warriors,West,Pacific
857823,2022-12-21,2022,False,23,9,113,93,1,Philadelphia 76ers,East,Atlantic,Detroit Pistons,East,Central
857827,2022-12-21,2022,False,2,12,112,117,0,Boston Celtics,East,Atlantic,Indiana Pacers,East,Central
857832,2022-12-22,2022,False,29,30,120,112,1,Utah Jazz,West,Northwest,Washington Wizards,East,Southeast
857831,2022-12-22,2022,False,19,27,126,117,1,New Orleans Pelicans,West,Southwest,San Antonio Spurs,West,Southwest
857845,2022-12-23,2022,False,26,30,111,125,0,Sacramento Kings,West,Pacific,Washington Wizards,East,Southeast
857846,2022-12-23,2022,False,14,4,130,134,0,Los Angeles Lakers,West,Pacific,Charlotte Hornets,East,Southeast
857835,2022-12-23,2022,False,2,18,121,109,1,Boston Celtics,East,Atlantic,Minnesota Timberwolves,West,Northwest
857839,2022-12-23,2022,False,6,28,107,118,0,Cleveland Cavaliers,East,Central,Toronto Raptors,East,Atlantic
857843,2022-12-23,2022,False,8,25,120,107,1,Denver Nuggets,West,Northwest,Portland Trail Blazers,West,Northwest
857841,2022-12-23,2022,False,3,17,118,100,1,Brooklyn Nets,East,Atlantic,Milwaukee Bucks,East,Central
857836,2022-12-23,2022,False,22,27,133,113,1,Orlando Magic,East,Southeast,San Antonio Spurs,West,Southwest
857838,2022-12-23,2022,False,11,7,106,112,0,Houston Rockets,West,Southwest,Dallas Mavericks,West,Southwest
857842,2022-12-23,2022,False,1,9,130,105,1,Atlanta Hawks,East,Southeast,Detroit Pistons,East,Central
857833,2022-12-23,2022,False,23,13,119,114,1,Philadelphia 76ers,East,Atlantic,LA Clippers,West,Pacific
857834,2022-12-23,2022,False,21,19,125,128,0,Oklahoma City Thunder,West,Northwest,New Orleans Pelicans,West,Southwest
857837,2022-12-23,2022,False,20,5,117,118,0,New York Knicks,East,Atlantic,Chicago Bulls,East,Central
857840,2022-12-23,2022,False,16,12,108,111,0,Miami Heat,East,Southeast,Indiana Pacers,East,Central
857844,2022-12-23,2022,False,24,15,100,125,0,Phoenix Suns,West,Pacific,Memphis Grizzlies,West,Southwest
857847,2022-12-25,2022,False,2,17,139,118,1,Boston Celtics,East,Atlantic,Milwaukee Bucks,East,Central
857848,2022-12-25,2022,False,10,15,123,109,1,Golden State Warriors,West,Pacific,Memphis Grizzlies,West,Southwest
857850,2022-12-25,2022,False,20,23,112,119,0,New York Knicks,East,Atlantic,Philadelphia 76ers,East,Atlantic
857851,2022-12-25,2022,False,7,14,124,115,1,Dallas Mavericks,West,Southwest,Los Angeles Lakers,West,Pacific
857849,2022-12-25,2022,False,8,24,128,125,1,Denver Nuggets,West,Northwest,Phoenix Suns,West,Pacific
857853,2022-12-26,2022,False,19,12,113,93,1,New Orleans Pelicans,West,Southwest,Indiana Pacers,East,Central
857854,2022-12-26,2022,False,25,4,124,113,1,Portland Trail Blazers,West,Northwest,Charlotte Hornets,East,Southeast
857856,2022-12-26,2022,False,27,29,126,122,1,San Antonio Spurs,West,Southwest,Utah Jazz,West,Northwest
857855,2022-12-26,2022,False,9,13,131,142,0,Detroit Pistons,East,Central,LA Clippers,West,Pacific
857857,2022-12-26,2022,False,6,3,117,125,0,Cleveland Cavaliers,East,Central,Brooklyn Nets,East,Atlantic
857858,2022-12-26,2022,False,16,18,113,110,1,Miami Heat,East,Southeast,Minnesota Timberwolves,West,Northwest
857852,2022-12-26,2022,False,5,11,118,133,0,Chicago Bulls,East,Central,Houston Rockets,West,Southwest
857859,2022-12-27,2022,False,22,14,110,129,0,Orlando Magic,East,Southeast,Los Angeles Lakers,West,Pacific
857860,2022-12-27,2022,False,2,11,126,102,1,Boston Celtics,East,Atlantic,Houston Rockets,West,Southwest
857868,2022-12-27,2022,False,10,4,110,105,1,Golden State Warriors,West,Pacific,Charlotte Hornets,East,Southeast
857864,2022-12-27,2022,False,21,27,130,114,1,Oklahoma City Thunder,West,Northwest,San Antonio Spurs,West,Southwest
857861,2022-12-27,2022,False,12,1,129,114,1,Indiana Pacers,East,Central,Atlanta Hawks,East,Southeast
857867,2022-12-27,2022,False,7,20,126,121,1,Dallas Mavericks,West,Southwest,New York Knicks,East,Atlantic
857863,2022-12-27,2022,False,28,13,113,124,0,Toronto Raptors,East,Atlantic,LA Clippers,West,Pacific
857862,2022-12-27,2022,False,30,23,116,111,1,Washington Wizards,East,Southeast,Philadelphia 76ers,East,Atlantic
857865,2022-12-27,2022,False,15,24,108,125,0,Memphis Grizzlies,West,Southwest,Phoenix Suns,West,Pacific
857866,2022-12-27,2022,False,26,8,106,113,0,Sacramento Kings,West,Pacific,Denver Nuggets,West,Northwest
857873,2022-12-28,2022,False,9,22,121,101,1,Detroit Pistons,East,Central,Orlando Magic,East,Southeast
857876,2022-12-28,2022,False,10,29,112,107,1,Golden State Warriors,West,Pacific,Utah Jazz,West,Northwest
857875,2022-12-28,2022,False,1,3,107,108,0,Atlanta Hawks,East,Southeast,Brooklyn Nets,East,Atlantic
857871,2022-12-28,2022,False,30,24,127,102,1,Washington Wizards,East,Southeast,Phoenix Suns,West,Pacific
857869,2022-12-28,2022,False,19,18,119,118,1,New Orleans Pelicans,West,Southwest,Minnesota Timberwolves,West,Northwest
857870,2022-12-28,2022,False,5,17,119,113,1,Chicago Bulls,East,Central,Milwaukee Bucks,East,Central
857874,2022-12-28,2022,False,26,8,127,126,1,Sacramento Kings,West,Pacific,Denver Nuggets,West,Northwest
857872,2022-12-28,2022,False,16,14,112,98,1,Miami Heat,East,Southeast,Los Angeles Lakers,West,Pacific
857878,2022-12-29,2022,False,7,11,129,114,1,Dallas Mavericks,West,Southwest,Houston Rockets,West,Southwest
857880,2022-12-29,2022,False,12,6,135,126,1,Indiana Pacers,East,Central,Cleveland Cavaliers,East,Central
857882,2022-12-29,2022,False,27,20,122,115,1,San Antonio Spurs,West,Southwest,New York Knicks,East,Atlantic
857877,2022-12-29,2022,False,28,15,106,119,0,Toronto Raptors,East,Atlantic,Memphis Grizzlies,West,Southwest
857879,2022-12-29,2022,False,4,21,121,113,1,Charlotte Hornets,East,Southeast,Oklahoma City Thunder,West,Northwest
857881,2022-12-29,2022,False,2,13,116,110,1,Boston Celtics,East,Atlantic,LA Clippers,West,Pacific
857887,2022-12-30,2022,False,5,9,132,118,1,Chicago Bulls,East,Central,Detroit Pistons,East,Central
857891,2022-12-30,2022,False,26,29,126,125,1,Sacramento Kings,West,Pacific,Utah Jazz,West,Northwest
857884,2022-12-30,2022,False,8,16,124,119,1,Denver Nuggets,West,Northwest,Miami Heat,East,Southeast
857889,2022-12-30,2022,False,1,14,121,130,0,Atlanta Hawks,East,Southeast,Los Angeles Lakers,West,Pacific
857885,2022-12-30,2022,False,19,23,127,116,1,New Orleans Pelicans,West,Southwest,Philadelphia 76ers,East,Atlantic
857886,2022-12-30,2022,False,17,18,123,114,1,Milwaukee Bucks,East,Central,Minnesota Timberwolves,West,Northwest
857888,2022-12-30,2022,False,28,24,113,104,1,Toronto Raptors,East,Atlantic,Phoenix Suns,West,Pacific
857890,2022-12-30,2022,False,22,30,100,119,0,Orlando Magic,East,Southeast,Washington Wizards,East,Southeast
857883,2022-12-30,2022,False,10,25,118,112,1,Golden State Warriors,West,Pacific,Portland Trail Blazers,West,Northwest
857894,2022-12-31,2022,False,4,3,106,123,0,Charlotte Hornets,East,Southeast,Brooklyn Nets,East,Atlantic
857899,2022-12-31,2022,False,15,19,116,101,1,Memphis Grizzlies,West,Southwest,New Orleans Pelicans,West,Southwest
857893,2022-12-31,2022,False,5,6,102,103,0,Chicago Bulls,East,Central,Cleveland Cavaliers,East,Central
857896,2022-12-31,2022,False,21,23,96,115,0,Oklahoma City Thunder,West,Northwest,Philadelphia 76ers,East,Atlantic
857898,2022-12-31,2022,False,18,9,104,116,0,Minnesota Timberwolves,West,Northwest,Detroit Pistons,East,Central
857897,2022-12-31,2022,False,11,20,88,108,0,Houston Rockets,West,Southwest,New York Knicks,East,Atlantic
857892,2022-12-31,2022,False,12,13,131,130,1,Indiana Pacers,East,Central,LA Clippers,West,Pacific
857895,2022-12-31,2022,False,29,16,123,126,0,Utah Jazz,West,Northwest,Miami Heat,East,Southeast
857900,2022-12-31,2022,False,27,7,125,126,0,San Antonio Spurs,West,Southwest,Dallas Mavericks,West,Southwest
857902,2023-01-01,2022,False,15,26,118,108,1,Memphis Grizzlies,West,Southwest,Sacramento Kings,West,Pacific
857903,2023-01-01,2022,False,8,2,123,111,1,Denver Nuggets,West,Northwest,Boston Celtics,East,Atlantic
857901,2023-01-01,2022,False,17,30,95,118,0,Milwaukee Bucks,East,Central,Washington Wizards,East,Southeast
857913,2023-01-02,2022,False,3,27,139,103,1,Brooklyn Nets,East,Atlantic,San Antonio Spurs,West,Southwest
857912,2023-01-02,2022,False,25,9,135,106,1,Portland Trail Blazers,West,Northwest,Detroit Pistons,East,Central
857906,2023-01-02,2022,False,12,28,122,114,1,Indiana Pacers,East,Central,Toronto Raptors,East,Atlantic
857909,2023-01-02,2022,False,20,24,102,83,1,New York Knicks,East,Atlantic,Phoenix Suns,West,Pacific
857908,2023-01-02,2022,False,6,5,145,134,1,Cleveland Cavaliers,East,Central,Chicago Bulls,East,Central
857907,2023-01-02,2022,False,11,7,106,111,0,Houston Rockets,West,Southwest,Dallas Mavericks,West,Southwest
857904,2023-01-02,2022,False,10,1,143,141,1,Golden State Warriors,West,Pacific,Atlanta Hawks,East,Southeast
857910,2023-01-02,2022,False,4,14,115,121,0,Charlotte Hornets,East,Southeast,Los Angeles Lakers,West,Pacific
857914,2023-01-02,2022,False,13,16,100,110,0,LA Clippers,West,Pacific,Miami Heat,East,Southeast
857905,2023-01-02,2022,False,18,8,124,111,1,Minnesota Timberwolves,West,Northwest,Denver Nuggets,West,Northwest
857911,2023-01-02,2022,False,23,19,120,111,1,Philadelphia 76ers,East,Atlantic,New Orleans Pelicans,West,Southwest
857915,2023-01-03,2022,False,17,30,123,113,1,Milwaukee Bucks,East,Central,Washington Wizards,East,Southeast
857916,2023-01-03,2022,False,21,2,150,117,1,Oklahoma City Thunder,West,Northwest,Boston Celtics,East,Atlantic
857917,2023-01-03,2022,False,29,26,115,117,0,Utah Jazz,West,Northwest,Sacramento Kings,West,Pacific
857918,2023-01-04,2022,False,5,3,121,112,1,Chicago Bulls,East,Central,Brooklyn Nets,East,Atlantic
857926,2023-01-04,2022,False,6,24,90,88,1,Cleveland Cavaliers,East,Central,Phoenix Suns,West,Pacific
857923,2023-01-04,2022,False,4,15,107,131,0,Charlotte Hornets,East,Southeast,Memphis Grizzlies,West,Southwest
857928,2023-01-04,2022,False,14,16,112,109,1,Los Angeles Lakers,West,Pacific,Miami Heat,East,Southeast
857924,2023-01-04,2022,False,19,11,119,108,1,New Orleans Pelicans,West,Southwest,Houston Rockets,West,Southwest
857929,2023-01-04,2022,False,26,1,117,120,0,Sacramento Kings,West,Pacific,Atlanta Hawks,East,Southeast
857920,2023-01-04,2022,False,18,25,113,106,1,Minnesota Timberwolves,West,Northwest,Portland Trail Blazers,West,Northwest
857927,2023-01-04,2022,False,23,12,129,126,1,Philadelphia 76ers,East,Atlantic,Indiana Pacers,East,Central
857925,2023-01-04,2022,False,28,17,101,104,0,Toronto Raptors,East,Atlantic,Milwaukee Bucks,East,Central
857921,2023-01-04,2022,False,20,27,117,114,1,New York Knicks,East,Atlantic,San Antonio Spurs,West,Southwest
857922,2023-01-04,2022,False,10,9,119,122,0,Golden State Warriors,West,Pacific,Detroit Pistons,East,Central
857919,2023-01-04,2022,False,22,21,126,115,1,Orlando Magic,East,Southeast,Oklahoma City Thunder,West,Northwest
857931,2023-01-05,2022,False,22,15,115,123,0,Orlando Magic,East,Southeast,Memphis Grizzlies,West,Southwest
857932,2023-01-05,2022,False,8,13,122,91,1,Denver Nuggets,West,Northwest,LA Clippers,West,Pacific
857930,2023-01-05,2022,False,7,2,95,124,0,Dallas Mavericks,West,Southwest,Boston Celtics,East,Atlantic
857933,2023-01-05,2022,False,11,29,114,131,0,Houston Rockets,West,Southwest,Utah Jazz,West,Northwest
857944,2023-01-06,2022,False,14,1,130,114,1,Los Angeles Lakers,West,Pacific,Atlanta Hawks,East,Southeast
857940,2023-01-06,2022,False,24,16,96,104,0,Phoenix Suns,West,Pacific,Miami Heat,East,Southeast
857938,2023-01-06,2022,False,18,13,128,115,1,Minnesota Timberwolves,West,Northwest,LA Clippers,West,Pacific
857943,2023-01-06,2022,False,8,6,121,108,1,Denver Nuggets,West,Northwest,Cleveland Cavaliers,East,Central
857941,2023-01-06,2022,False,28,20,108,112,0,Toronto Raptors,East,Atlantic,New York Knicks,East,Atlantic
857942,2023-01-06,2022,False,12,25,108,99,1,Indiana Pacers,East,Central,Portland Trail Blazers,West,Northwest
857935,2023-01-06,2022,False,21,30,127,110,1,Oklahoma City Thunder,West,Northwest,Washington Wizards,East,Southeast
857937,2023-01-06,2022,False,23,5,112,126,0,Philadelphia 76ers,East,Atlantic,Chicago Bulls,East,Central
857936,2023-01-06,2022,False,27,9,121,109,1,San Antonio Spurs,West,Southwest,Detroit Pistons,East,Central
857939,2023-01-06,2022,False,19,3,102,108,0,New Orleans Pelicans,West,Southwest,Brooklyn Nets,East,Atlantic
857934,2023-01-06,2022,False,17,4,109,138,0,Milwaukee Bucks,East,Central,Charlotte Hornets,East,Southeast
857948,2023-01-07,2022,False,7,19,127,117,1,Dallas Mavericks,West,Southwest,New Orleans Pelicans,West,Southwest
857949,2023-01-07,2022,False,26,14,134,136,0,Sacramento Kings,West,Pacific,Los Angeles Lakers,West,Pacific
857946,2023-01-07,2022,False,5,29,126,118,1,Chicago Bulls,East,Central,Utah Jazz,West,Northwest
857945,2023-01-07,2022,False,27,2,116,121,0,San Antonio Spurs,West,Southwest,Boston Celtics,East,Atlantic
857947,2023-01-07,2022,False,10,22,101,115,0,Golden State Warriors,West,Pacific,Orlando Magic,East,Southeast
857958,2023-01-08,2022,False,13,1,108,112,0,LA Clippers,West,Pacific,Atlanta Hawks,East,Southeast
857956,2023-01-08,2022,False,21,7,120,109,1,Oklahoma City Thunder,West,Northwest,Dallas Mavericks,West,Southwest
857957,2023-01-08,2022,False,24,6,98,112,0,Phoenix Suns,West,Pacific,Cleveland Cavaliers,East,Central
857954,2023-01-08,2022,False,12,4,116,111,1,Indiana Pacers,East,Central,Charlotte Hornets,East,Southeast
857953,2023-01-08,2022,False,9,23,111,123,0,Detroit Pistons,East,Central,Philadelphia 76ers,East,Atlantic
857950,2023-01-08,2022,False,15,29,123,118,1,Memphis Grizzlies,West,Southwest,Utah Jazz,West,Northwest
857955,2023-01-08,2022,False,28,25,117,105,1,Toronto Raptors,East,Atlantic,Portland Trail Blazers,West,Northwest
857951,2023-01-08,2022,False,16,3,101,102,0,Miami Heat,East,Southeast,Brooklyn Nets,East,Atlantic
857952,2023-01-08,2022,False,11,18,96,104,0,Houston Rockets,West,Southwest,Minnesota Timberwolves,West,Northwest
857960,2023-01-09,2022,False,20,17,107,111,0,New York Knicks,East,Atlantic,Milwaukee Bucks,East,Central
857961,2023-01-09,2022,False,2,5,107,99,1,Boston Celtics,East,Atlantic,Chicago Bulls,East,Central
857964,2023-01-09,2022,False,26,22,136,111,1,Sacramento Kings,West,Pacific,Orlando Magic,East,Southeast
857963,2023-01-09,2022,False,30,19,112,132,0,Washington Wizards,East,Southeast,New Orleans Pelicans,West,Southwest
857962,2023-01-09,2022,False,8,14,122,109,1,Denver Nuggets,West,Northwest,Los Angeles Lakers,West,Pacific
857959,2023-01-09,2022,False,15,27,121,113,1,Memphis Grizzlies,West,Southwest,San Antonio Spurs,West,Southwest
857968,2023-01-10,2022,False,13,7,113,101,1,LA Clippers,West,Pacific,Dallas Mavericks,West,Southwest
857965,2023-01-10,2022,False,16,21,112,111,1,Miami Heat,East,Southeast,Oklahoma City Thunder,West,Northwest
857966,2023-01-10,2022,False,23,9,147,116,1,Philadelphia 76ers,East,Atlantic,Detroit Pistons,East,Central
857969,2023-01-10,2022,False,10,24,113,125,0,Golden State Warriors,West,Pacific,Phoenix Suns,West,Pacific
857970,2023-01-10,2022,False,29,6,116,114,1,Utah Jazz,West,Northwest,Cleveland Cavaliers,East,Central
857971,2023-01-10,2022,False,28,4,132,120,1,Toronto Raptors,East,Atlantic,Charlotte Hornets,East,Southeast
857967,2023-01-10,2022,False,25,22,106,109,0,Portland Trail Blazers,West,Northwest,Orlando Magic,East,Southeast
857973,2023-01-11,2022,False,8,24,126,97,1,Denver Nuggets,West,Northwest,Phoenix Suns,West,Pacific
857978,2023-01-11,2022,False,20,12,119,113,1,New York Knicks,East,Atlantic,Indiana Pacers,East,Central
857974,2023-01-11,2022,False,26,11,135,115,1,Sacramento Kings,West,Pacific,Houston Rockets,West,Southwest
857975,2023-01-11,2022,False,2,19,125,114,1,Boston Celtics,East,Atlantic,New Orleans Pelicans,West,Southwest
857972,2023-01-11,2022,False,30,5,100,97,1,Washington Wizards,East,Southeast,Chicago Bulls,East,Central
857977,2023-01-11,2022,False,15,27,135,129,1,Memphis Grizzlies,West,Southwest,San Antonio Spurs,West,Southwest
857979,2023-01-11,2022,False,1,17,105,114,0,Atlanta Hawks,East,Southeast,Milwaukee Bucks,East,Central
857976,2023-01-11,2022,False,9,18,135,118,1,Detroit Pistons,East,Central,Minnesota Timberwolves,West,Northwest
857984,2023-01-12,2022,False,3,2,98,109,0,Brooklyn Nets,East,Atlantic,Boston Celtics,East,Atlantic
857981,2023-01-12,2022,False,28,4,124,114,1,Toronto Raptors,East,Atlantic,Charlotte Hornets,East,Southeast
857982,2023-01-12,2022,False,14,7,115,119,0,Los Angeles Lakers,West,Pacific,Dallas Mavericks,West,Southwest
857985,2023-01-12,2022,False,16,17,108,102,1,Miami Heat,East,Southeast,Milwaukee Bucks,East,Central
857980,2023-01-12,2022,False,23,21,114,133,0,Philadelphia 76ers,East,Atlantic,Oklahoma City Thunder,West,Northwest
857983,2023-01-12,2022,False,25,6,113,119,0,Portland Trail Blazers,West,Northwest,Cleveland Cavaliers,East,Central
857993,2023-01-13,2022,False,29,22,112,108,1,Utah Jazz,West,Northwest,Orlando Magic,East,Southeast
857987,2023-01-13,2022,False,30,20,108,112,0,Washington Wizards,East,Southeast,New York Knicks,East,Atlantic
857990,2023-01-13,2022,False,18,24,121,116,1,Minnesota Timberwolves,West,Northwest,Phoenix Suns,West,Pacific
857994,2023-01-13,2022,False,5,21,110,124,0,Chicago Bulls,East,Central,Oklahoma City Thunder,West,Northwest
857992,2023-01-13,2022,False,27,10,113,144,0,San Antonio Spurs,West,Southwest,Golden State Warriors,West,Pacific
857989,2023-01-13,2022,False,9,19,110,116,0,Detroit Pistons,East,Central,New Orleans Pelicans,West,Southwest
857988,2023-01-13,2022,False,13,8,103,115,0,LA Clippers,West,Pacific,Denver Nuggets,West,Northwest
857991,2023-01-13,2022,False,12,1,111,113,0,Indiana Pacers,East,Central,Atlanta Hawks,East,Southeast
857986,2023-01-13,2022,False,26,11,139,114,1,Sacramento Kings,West,Pacific,Houston Rockets,West,Southwest
858001,2023-01-14,2022,False,18,6,110,102,1,Minnesota Timberwolves,West,Northwest,Cleveland Cavaliers,East,Central
857998,2023-01-14,2022,False,16,17,111,95,1,Miami Heat,East,Southeast,Milwaukee Bucks,East,Central
858000,2023-01-14,2022,False,4,2,106,122,0,Charlotte Hornets,East,Southeast,Boston Celtics,East,Atlantic
857999,2023-01-14,2022,False,25,7,136,119,1,Portland Trail Blazers,West,Northwest,Dallas Mavericks,West,Southwest
857996,2023-01-14,2022,False,28,1,103,114,0,Toronto Raptors,East,Atlantic,Atlanta Hawks,East,Southeast
857995,2023-01-14,2022,False,12,15,112,130,0,Indiana Pacers,East,Central,Memphis Grizzlies,West,Southwest
857997,2023-01-14,2022,False,29,23,117,118,0,Utah Jazz,West,Northwest,Philadelphia 76ers,East,Atlantic
858007,2023-01-15,2022,False,14,23,112,113,0,Los Angeles Lakers,West,Pacific,Philadelphia 76ers,East,Atlantic
858003,2023-01-15,2022,False,9,20,104,117,0,Detroit Pistons,East,Central,New York Knicks,East,Atlantic
858002,2023-01-15,2022,False,5,10,132,118,1,Chicago Bulls,East,Central,Golden State Warriors,West,Pacific
858006,2023-01-15,2022,False,27,26,119,132,0,San Antonio Spurs,West,Southwest,Sacramento Kings,West,Pacific
858008,2023-01-15,2022,False,3,21,102,112,0,Brooklyn Nets,East,Atlantic,Oklahoma City Thunder,West,Northwest
858009,2023-01-15,2022,False,25,7,140,123,1,Portland Trail Blazers,West,Northwest,Dallas Mavericks,West,Southwest
858005,2023-01-15,2022,False,13,11,121,100,1,LA Clippers,West,Pacific,Houston Rockets,West,Southwest
858004,2023-01-15,2022,False,8,22,119,116,1,Denver Nuggets,West,Northwest,Orlando Magic,East,Southeast
858014,2023-01-16,2022,False,6,19,113,103,1,Cleveland Cavaliers,East,Central,New Orleans Pelicans,West,Southwest
858012,2023-01-16,2022,False,30,10,118,127,0,Washington Wizards,East,Southeast,Golden State Warriors,West,Pacific
858011,2023-01-16,2022,False,1,16,121,113,1,Atlanta Hawks,East,Southeast,Miami Heat,East,Southeast
858016,2023-01-16,2022,False,18,29,125,126,0,Minnesota Timberwolves,West,Northwest,Utah Jazz,West,Northwest
858013,2023-01-16,2022,False,17,12,132,119,1,Milwaukee Bucks,East,Central,Indiana Pacers,East,Central
858010,2023-01-16,2022,False,14,11,140,132,1,Los Angeles Lakers,West,Pacific,Houston Rockets,West,Southwest
858017,2023-01-16,2022,False,4,2,118,130,0,Charlotte Hornets,East,Southeast,Boston Celtics,East,Atlantic
858015,2023-01-16,2022,False,15,24,136,106,1,Memphis Grizzlies,West,Southwest,Phoenix Suns,West,Pacific
858018,2023-01-16,2022,False,20,28,121,123,0,New York Knicks,East,Atlantic,Toronto Raptors,East,Atlantic
858019,2023-01-17,2022,False,27,3,106,98,1,San Antonio Spurs,West,Southwest,Brooklyn Nets,East,Atlantic
858022,2023-01-17,2022,False,8,25,122,113,1,Denver Nuggets,West,Northwest,Portland Trail Blazers,West,Northwest
858021,2023-01-17,2022,False,13,23,110,120,0,LA Clippers,West,Pacific,Philadelphia 76ers,East,Atlantic
858020,2023-01-17,2022,False,17,28,130,122,1,Milwaukee Bucks,East,Central,Toronto Raptors,East,Atlantic
858031,2023-01-18,2022,False,7,1,122,130,0,Dallas Mavericks,West,Southwest,Atlanta Hawks,East,Southeast
858024,2023-01-18,2022,False,21,12,126,106,1,Oklahoma City Thunder,West,Northwest,Indiana Pacers,East,Central
858026,2023-01-18,2022,False,19,16,98,124,0,New Orleans Pelicans,West,Southwest,Miami Heat,East,Southeast
858027,2023-01-18,2022,False,29,13,126,103,1,Utah Jazz,West,Northwest,LA Clippers,West,Pacific
858023,2023-01-18,2022,False,14,26,111,116,0,Los Angeles Lakers,West,Pacific,Sacramento Kings,West,Pacific
858029,2023-01-18,2022,False,20,30,105,116,0,New York Knicks,East,Atlantic,Washington Wizards,East,Southeast
858030,2023-01-18,2022,False,8,18,122,118,1,Denver Nuggets,West,Northwest,Minnesota Timberwolves,West,Northwest
858025,2023-01-18,2022,False,15,6,115,114,1,Memphis Grizzlies,West,Southwest,Cleveland Cavaliers,East,Central
858028,2023-01-18,2022,False,11,4,117,122,0,Houston Rockets,West,Southwest,Charlotte Hornets,East,Southeast
858032,2023-01-19,2022,False,9,5,108,126,0,Detroit Pistons,East,Central,Chicago Bulls,East,Central
858033,2023-01-19,2022,False,24,3,117,112,1,Phoenix Suns,West,Pacific,Brooklyn Nets,East,Atlantic
858036,2023-01-19,2022,False,25,23,95,105,0,Portland Trail Blazers,West,Northwest,Philadelphia 76ers,East,Atlantic
858034,2023-01-19,2022,False,2,10,121,118,1,Boston Celtics,East,Atlantic,Golden State Warriors,West,Pacific
858035,2023-01-19,2022,False,18,28,128,126,1,Minnesota Timberwolves,West,Northwest,Toronto Raptors,East,Atlantic
858037,2023-01-20,2022,False,26,21,118,113,1,Sacramento Kings,West,Pacific,Oklahoma City Thunder,West,Northwest
858041,2023-01-20,2022,False,27,13,126,131,0,San Antonio Spurs,West,Southwest,LA Clippers,West,Pacific
858038,2023-01-20,2022,False,6,10,114,120,0,Cleveland Cavaliers,East,Central,Golden State Warriors,West,Pacific
858045,2023-01-20,2022,False,1,20,139,124,1,Atlanta Hawks,East,Southeast,New York Knicks,East,Atlantic
858044,2023-01-20,2022,False,14,15,122,121,1,Los Angeles Lakers,West,Pacific,Memphis Grizzlies,West,Southwest
858043,2023-01-20,2022,False,8,12,134,111,1,Denver Nuggets,West,Northwest,Indiana Pacers,East,Central
858042,2023-01-20,2022,False,29,3,106,117,0,Utah Jazz,West,Northwest,Brooklyn Nets,East,Atlantic
858039,2023-01-20,2022,False,22,19,123,110,1,Orlando Magic,East,Southeast,New Orleans Pelicans,West,Southwest
858040,2023-01-20,2022,False,7,16,115,90,1,Dallas Mavericks,West,Southwest,Miami Heat,East,Southeast
858050,2023-01-21,2022,False,26,23,127,129,0,Sacramento Kings,West,Pacific,Philadelphia 76ers,East,Atlantic
858051,2023-01-21,2022,False,30,22,138,118,1,Washington Wizards,East,Southeast,Orlando Magic,East,Southeast
858046,2023-01-21,2022,False,18,11,113,104,1,Minnesota Timberwolves,West,Northwest,Houston Rockets,West,Southwest
858052,2023-01-21,2022,False,1,4,118,122,0,Atlanta Hawks,East,Southeast,Charlotte Hornets,East,Southeast
858047,2023-01-21,2022,False,6,17,114,102,1,Cleveland Cavaliers,East,Central,Milwaukee Bucks,East,Central
858049,2023-01-21,2022,False,28,2,104,106,0,Toronto Raptors,East,Atlantic,Boston Celtics,East,Atlantic
858048,2023-01-21,2022,False,24,12,112,107,1,Phoenix Suns,West,Pacific,Indiana Pacers,East,Central
858053,2023-01-22,2022,False,16,19,100,96,1,Miami Heat,East,Southeast,New Orleans Pelicans,West,Southwest
858055,2023-01-22,2022,False,10,3,116,120,0,Golden State Warriors,West,Pacific,Brooklyn Nets,East,Atlantic
858059,2023-01-22,2022,False,24,15,112,110,1,Phoenix Suns,West,Pacific,Memphis Grizzlies,West,Southwest
858056,2023-01-22,2022,False,28,20,125,116,1,Toronto Raptors,East,Atlantic,New York Knicks,East,Atlantic
858058,2023-01-22,2022,False,7,13,98,112,0,Dallas Mavericks,West,Southwest,LA Clippers,West,Pacific
858057,2023-01-22,2022,False,25,14,112,121,0,Portland Trail Blazers,West,Northwest,Los Angeles Lakers,West,Pacific
858054,2023-01-22,2022,False,8,21,99,101,0,Denver Nuggets,West,Northwest,Oklahoma City Thunder,West,Northwest
858063,2023-01-23,2022,False,26,15,133,100,1,Sacramento Kings,West,Pacific,Memphis Grizzlies,West,Southwest
858060,2023-01-23,2022,False,9,17,130,150,0,Detroit Pistons,East,Central,Milwaukee Bucks,East,Central
858065,2023-01-23,2022,False,5,1,111,100,1,Chicago Bulls,East,Central,Atlanta Hawks,East,Southeast
858064,2023-01-23,2022,False,29,4,120,102,1,Utah Jazz,West,Northwest,Charlotte Hornets,East,Southeast
858061,2023-01-23,2022,False,11,18,119,114,1,Houston Rockets,West,Southwest,Minnesota Timberwolves,West,Northwest
858066,2023-01-23,2022,False,22,2,113,98,1,Orlando Magic,East,Southeast,Boston Celtics,East,Atlantic
858062,2023-01-23,2022,False,25,27,147,127,1,Portland Trail Blazers,West,Northwest,San Antonio Spurs,West,Southwest
858069,2023-01-24,2022,False,16,2,98,95,1,Miami Heat,East,Southeast,Boston Celtics,East,Atlantic
858072,2023-01-24,2022,False,24,4,128,97,1,Phoenix Suns,West,Pacific,Charlotte Hornets,East,Southeast
858073,2023-01-24,2022,False,14,13,115,133,0,Los Angeles Lakers,West,Pacific,LA Clippers,West,Pacific
858067,2023-01-24,2022,False,20,6,105,103,1,New York Knicks,East,Atlantic,Cleveland Cavaliers,East,Central
858071,2023-01-24,2022,False,7,30,126,127,0,Dallas Mavericks,West,Southwest,Washington Wizards,East,Southeast
858068,2023-01-24,2022,False,19,8,98,99,0,New Orleans Pelicans,West,Southwest,Denver Nuggets,West,Northwest
858070,2023-01-24,2022,False,12,5,116,110,1,Indiana Pacers,East,Central,Chicago Bulls,East,Central
858079,2023-01-25,2022,False,21,1,132,137,0,Oklahoma City Thunder,West,Northwest,Atlanta Hawks,East,Southeast
858074,2023-01-25,2022,False,26,28,95,113,0,Sacramento Kings,West,Pacific,Toronto Raptors,East,Atlantic
858080,2023-01-25,2022,False,10,15,122,120,1,Golden State Warriors,West,Pacific,Memphis Grizzlies,West,Southwest
858075,2023-01-25,2022,False,14,27,113,104,1,Los Angeles Lakers,West,Pacific,San Antonio Spurs,West,Southwest
858083,2023-01-25,2022,False,25,29,134,124,1,Portland Trail Blazers,West,Northwest,Utah Jazz,West,Northwest
858081,2023-01-25,2022,False,17,8,107,99,1,Milwaukee Bucks,East,Central,Denver Nuggets,West,Northwest
858077,2023-01-25,2022,False,23,3,137,133,1,Philadelphia 76ers,East,Atlantic,Brooklyn Nets,East,Atlantic
858076,2023-01-25,2022,False,22,12,126,120,1,Orlando Magic,East,Southeast,Indiana Pacers,East,Central
858078,2023-01-25,2022,False,11,30,103,108,0,Houston Rockets,West,Southwest,Washington Wizards,East,Southeast
858082,2023-01-25,2022,False,19,18,102,111,0,New Orleans Pelicans,West,Southwest,Minnesota Timberwolves,West,Northwest
858088,2023-01-26,2022,False,24,7,95,99,0,Phoenix Suns,West,Pacific,Dallas Mavericks,West,Southwest
858086,2023-01-26,2022,False,3,9,122,130,0,Brooklyn Nets,East,Atlantic,Detroit Pistons,East,Central
858085,2023-01-26,2022,False,4,5,111,96,1,Charlotte Hornets,East,Southeast,Chicago Bulls,East,Central
858084,2023-01-26,2022,False,13,27,138,100,1,LA Clippers,West,Pacific,San Antonio Spurs,West,Southwest
858089,2023-01-26,2022,False,2,20,117,120,0,Boston Celtics,East,Atlantic,New York Knicks,East,Atlantic
858087,2023-01-26,2022,False,11,6,95,113,0,Houston Rockets,West,Southwest,Cleveland Cavaliers,East,Central
858094,2023-01-27,2022,False,18,15,111,100,1,Minnesota Timberwolves,West,Northwest,Memphis Grizzlies,West,Southwest
858092,2023-01-27,2022,False,16,22,110,105,1,Miami Heat,East,Southeast,Orlando Magic,East,Southeast
858091,2023-01-27,2022,False,21,6,112,100,1,Oklahoma City Thunder,West,Northwest,Cleveland Cavaliers,East,Central
858093,2023-01-27,2022,False,12,17,131,141,0,Indiana Pacers,East,Central,Milwaukee Bucks,East,Central
858090,2023-01-27,2022,False,10,28,129,117,1,Golden State Warriors,West,Pacific,Toronto Raptors,East,Atlantic
858097,2023-01-28,2022,False,18,26,117,110,1,Minnesota Timberwolves,West,Northwest,Sacramento Kings,West,Pacific
858096,2023-01-28,2022,False,2,14,125,121,1,Boston Celtics,East,Atlantic,Los Angeles Lakers,West,Pacific
858102,2023-01-28,2022,False,1,13,113,120,0,Atlanta Hawks,East,Southeast,LA Clippers,West,Pacific
858100,2023-01-28,2022,False,23,8,126,119,1,Philadelphia 76ers,East,Atlantic,Denver Nuggets,West,Northwest
858103,2023-01-28,2022,False,3,20,122,115,1,Brooklyn Nets,East,Atlantic,New York Knicks,East,Atlantic
858098,2023-01-28,2022,False,9,11,114,117,0,Detroit Pistons,East,Central,Houston Rockets,West,Southwest
858105,2023-01-28,2022,False,25,28,105,123,0,Portland Trail Blazers,West,Northwest,Toronto Raptors,East,Atlantic
858101,2023-01-28,2022,False,27,24,118,128,0,San Antonio Spurs,West,Southwest,Phoenix Suns,West,Pacific
858099,2023-01-28,2022,False,19,30,103,113,0,New Orleans Pelicans,West,Southwest,Washington Wizards,East,Southeast
858104,2023-01-28,2022,False,22,5,109,128,0,Orlando Magic,East,Southeast,Chicago Bulls,East,Central
858095,2023-01-28,2022,False,29,7,108,100,1,Utah Jazz,West,Northwest,Dallas Mavericks,West,Southwest
858108,2023-01-29,2022,False,17,19,135,110,1,Milwaukee Bucks,East,Central,New Orleans Pelicans,West,Southwest
858106,2023-01-29,2022,False,4,16,122,117,1,Charlotte Hornets,East,Southeast,Miami Heat,East,Southeast
858107,2023-01-29,2022,False,15,12,112,100,1,Memphis Grizzlies,West,Southwest,Indiana Pacers,East,Central
858109,2023-01-29,2022,False,6,13,122,99,1,Cleveland Cavaliers,East,Central,LA Clippers,West,Pacific
858112,2023-01-30,2022,False,27,30,106,127,0,San Antonio Spurs,West,Southwest,Washington Wizards,East,Southeast
858115,2023-01-30,2022,False,3,14,121,104,1,Brooklyn Nets,East,Atlantic,Los Angeles Lakers,West,Pacific
858116,2023-01-30,2022,False,25,1,129,125,1,Portland Trail Blazers,West,Northwest,Atlanta Hawks,East,Southeast
858114,2023-01-30,2022,False,24,28,114,106,1,Phoenix Suns,West,Pacific,Toronto Raptors,East,Atlantic
858111,2023-01-30,2022,False,21,10,120,128,0,Oklahoma City Thunder,West,Northwest,Golden State Warriors,West,Pacific
858110,2023-01-30,2022,False,23,22,109,119,0,Philadelphia 76ers,East,Atlantic,Orlando Magic,East,Southeast
858117,2023-01-30,2022,False,18,26,111,118,0,Minnesota Timberwolves,West,Northwest,Sacramento Kings,West,Pacific
858113,2023-01-30,2022,False,7,9,111,105,1,Dallas Mavericks,West,Southwest,Detroit Pistons,East,Central
858119,2023-01-31,2022,False,6,16,97,100,0,Cleveland Cavaliers,East,Central,Miami Heat,East,Southeast
858120,2023-01-31,2022,False,8,19,122,113,1,Denver Nuggets,West,Northwest,New Orleans Pelicans,West,Southwest
858122,2023-01-31,2022,False,17,4,124,115,1,Milwaukee Bucks,East,Central,Charlotte Hornets,East,Southeast
858121,2023-01-31,2022,False,20,14,123,129,0,New York Knicks,East,Atlantic,Los Angeles Lakers,West,Pacific
858118,2023-01-31,2022,False,5,13,103,108,0,Chicago Bulls,East,Central,LA Clippers,West,Pacific
858129,2023-02-01,2022,False,11,21,112,106,1,Houston Rockets,West,Southwest,Oklahoma City Thunder,West,Northwest
858127,2023-02-01,2022,False,15,25,112,122,0,Memphis Grizzlies,West,Southwest,Portland Trail Blazers,West,Northwest
858124,2023-02-01,2022,False,29,28,131,128,1,Utah Jazz,West,Northwest,Toronto Raptors,East,Atlantic
858131,2023-02-01,2022,False,23,22,105,94,1,Philadelphia 76ers,East,Atlantic,Orlando Magic,East,Southeast
858128,2023-02-01,2022,False,2,3,139,96,1,Boston Celtics,East,Atlantic,Brooklyn Nets,East,Atlantic
858125,2023-02-01,2022,False,9,30,117,119,0,Detroit Pistons,East,Central,Washington Wizards,East,Southeast
858123,2023-02-01,2022,False,24,1,100,132,0,Phoenix Suns,West,Pacific,Atlanta Hawks,East,Southeast
858130,2023-02-01,2022,False,18,10,119,114,1,Minnesota Timberwolves,West,Northwest,Golden State Warriors,West,Pacific
858126,2023-02-01,2022,False,27,26,109,119,0,San Antonio Spurs,West,Southwest,Sacramento Kings,West,Pacific
858135,2023-02-02,2022,False,5,4,114,98,1,Chicago Bulls,East,Central,Charlotte Hornets,East,Southeast
858132,2023-02-02,2022,False,20,16,106,104,1,New York Knicks,East,Atlantic,Miami Heat,East,Southeast
858138,2023-02-02,2022,False,7,19,111,106,1,Dallas Mavericks,West,Southwest,New Orleans Pelicans,West,Southwest
858134,2023-02-02,2022,False,12,14,111,112,0,Indiana Pacers,East,Central,Los Angeles Lakers,West,Pacific
858133,2023-02-02,2022,False,8,10,134,117,1,Denver Nuggets,West,Northwest,Golden State Warriors,West,Pacific
858137,2023-02-02,2022,False,17,13,106,105,1,Milwaukee Bucks,East,Central,LA Clippers,West,Pacific
858136,2023-02-02,2022,False,6,15,128,113,1,Cleveland Cavaliers,East,Central,Memphis Grizzlies,West,Southwest
858140,2023-02-03,2022,False,11,28,111,117,0,Houston Rockets,West,Southwest,Toronto Raptors,East,Atlantic
858143,2023-02-03,2022,False,27,23,125,137,0,San Antonio Spurs,West,Southwest,Philadelphia 76ers,East,Atlantic
858144,2023-02-03,2022,False,9,4,118,112,1,Detroit Pistons,East,Central,Charlotte Hornets,East,Southeast
858142,2023-02-03,2022,False,2,24,94,106,0,Boston Celtics,East,Atlantic,Phoenix Suns,West,Pacific
858146,2023-02-03,2022,False,30,25,116,124,0,Washington Wizards,East,Southeast,Portland Trail Blazers,West,Northwest
858145,2023-02-03,2022,False,12,26,107,104,1,Indiana Pacers,East,Central,Sacramento Kings,West,Pacific
858139,2023-02-03,2022,False,29,1,108,115,0,Utah Jazz,West,Northwest,Atlanta Hawks,East,Southeast
858141,2023-02-03,2022,False,18,22,120,127,0,Minnesota Timberwolves,West,Northwest,Orlando Magic,East,Southeast
858155,2023-02-04,2022,False,21,11,153,121,1,Oklahoma City Thunder,West,Northwest,Houston Rockets,West,Southwest
858154,2023-02-04,2022,False,17,16,123,115,1,Milwaukee Bucks,East,Central,Miami Heat,East,Southeast
858150,2023-02-04,2022,False,5,25,129,121,1,Chicago Bulls,East,Central,Portland Trail Blazers,West,Northwest
858148,2023-02-04,2022,False,8,1,128,108,1,Denver Nuggets,West,Northwest,Atlanta Hawks,East,Southeast
858152,2023-02-04,2022,False,10,7,119,113,1,Golden State Warriors,West,Pacific,Dallas Mavericks,West,Southwest
858149,2023-02-04,2022,False,3,30,125,123,1,Brooklyn Nets,East,Atlantic,Washington Wizards,East,Southeast
858147,2023-02-04,2022,False,20,13,128,134,0,New York Knicks,East,Atlantic,LA Clippers,West,Pacific
858153,2023-02-04,2022,False,19,14,131,126,1,New Orleans Pelicans,West,Southwest,Los Angeles Lakers,West,Pacific
858151,2023-02-04,2022,False,9,24,100,116,0,Detroit Pistons,East,Central,Phoenix Suns,West,Pacific
858158,2023-02-05,2022,False,12,6,103,122,0,Indiana Pacers,East,Central,Cleveland Cavaliers,East,Central
858157,2023-02-05,2022,False,15,28,103,106,0,Memphis Grizzlies,West,Southwest,Toronto Raptors,East,Atlantic
858156,2023-02-05,2022,False,19,26,136,104,1,New Orleans Pelicans,West,Southwest,Sacramento Kings,West,Pacific
858161,2023-02-05,2022,False,20,23,108,97,1,New York Knicks,East,Atlantic,Philadelphia 76ers,East,Atlantic
858159,2023-02-05,2022,False,18,8,128,98,1,Minnesota Timberwolves,West,Northwest,Denver Nuggets,West,Northwest
858160,2023-02-05,2022,False,4,22,113,119,0,Charlotte Hornets,East,Southeast,Orlando Magic,East,Southeast
858164,2023-02-06,2022,False,11,26,120,140,0,Houston Rockets,West,Southwest,Sacramento Kings,West,Pacific
858168,2023-02-06,2022,False,30,6,91,114,0,Washington Wizards,East,Southeast,Cleveland Cavaliers,East,Central
858166,2023-02-06,2022,False,29,7,111,124,0,Utah Jazz,West,Northwest,Dallas Mavericks,West,Southwest
858169,2023-02-06,2022,False,10,21,141,114,1,Golden State Warriors,West,Pacific,Oklahoma City Thunder,West,Northwest
858163,2023-02-06,2022,False,3,13,116,124,0,Brooklyn Nets,East,Atlantic,LA Clippers,West,Pacific
858162,2023-02-06,2022,False,25,17,108,127,0,Portland Trail Blazers,West,Northwest,Milwaukee Bucks,East,Central
858165,2023-02-06,2022,False,9,2,99,111,0,Detroit Pistons,East,Central,Boston Celtics,East,Atlantic
858167,2023-02-06,2022,False,5,27,128,104,1,Chicago Bulls,East,Central,San Antonio Spurs,West,Southwest
858174,2023-02-07,2022,False,14,21,130,133,0,Los Angeles Lakers,West,Pacific,Oklahoma City Thunder,West,Northwest
858171,2023-02-07,2022,False,19,1,116,107,1,New Orleans Pelicans,West,Southwest,Atlanta Hawks,East,Southeast
858173,2023-02-07,2022,False,15,5,104,89,1,Memphis Grizzlies,West,Southwest,Chicago Bulls,East,Central
858172,2023-02-07,2022,False,3,24,112,116,0,Brooklyn Nets,East,Atlantic,Phoenix Suns,West,Pacific
858175,2023-02-07,2022,False,22,20,98,102,0,Orlando Magic,East,Southeast,New York Knicks,East,Atlantic
858170,2023-02-07,2022,False,8,18,146,112,1,Denver Nuggets,West,Northwest,Minnesota Timberwolves,West,Northwest
858182,2023-02-08,2022,False,16,12,116,111,1,Miami Heat,East,Southeast,Indiana Pacers,East,Central
858180,2023-02-08,2022,False,29,18,118,143,0,Utah Jazz,West,Northwest,Minnesota Timberwolves,West,Northwest
858179,2023-02-08,2022,False,13,7,104,110,0,LA Clippers,West,Pacific,Dallas Mavericks,West,Southwest
858183,2023-02-08,2022,False,2,23,106,99,1,Boston Celtics,East,Atlantic,Philadelphia 76ers,East,Atlantic
858184,2023-02-08,2022,False,11,26,128,130,0,Houston Rockets,West,Southwest,Sacramento Kings,West,Pacific
858181,2023-02-08,2022,False,28,27,112,98,1,Toronto Raptors,East,Atlantic,San Antonio Spurs,West,Southwest
858177,2023-02-08,2022,False,30,4,118,104,1,Washington Wizards,East,Southeast,Charlotte Hornets,East,Southeast
858178,2023-02-08,2022,False,25,10,125,122,1,Portland Trail Blazers,West,Northwest,Golden State Warriors,West,Pacific
858176,2023-02-08,2022,False,6,9,113,85,1,Cleveland Cavaliers,East,Central,Detroit Pistons,East,Central
858185,2023-02-09,2022,False,1,24,116,107,1,Atlanta Hawks,East,Southeast,Phoenix Suns,West,Pacific
858186,2023-02-09,2022,False,3,5,116,105,1,Brooklyn Nets,East,Atlantic,Chicago Bulls,East,Central
858187,2023-02-09,2022,False,22,8,115,104,1,Orlando Magic,East,Southeast,Denver Nuggets,West,Northwest
858188,2023-02-09,2022,False,14,17,106,115,0,Los Angeles Lakers,West,Pacific,Milwaukee Bucks,East,Central
858192,2023-02-10,2022,False,9,27,138,131,1,Detroit Pistons,East,Central,San Antonio Spurs,West,Southwest
858199,2023-02-10,2022,False,13,17,106,119,0,LA Clippers,West,Pacific,Milwaukee Bucks,East,Central
858196,2023-02-10,2022,False,26,7,114,122,0,Sacramento Kings,West,Pacific,Dallas Mavericks,West,Southwest
858189,2023-02-10,2022,False,16,11,97,95,1,Miami Heat,East,Southeast,Houston Rockets,West,Southwest
858193,2023-02-10,2022,False,23,20,119,108,1,Philadelphia 76ers,East,Atlantic,New York Knicks,East,Atlantic
858195,2023-02-10,2022,False,2,4,127,116,1,Boston Celtics,East,Atlantic,Charlotte Hornets,East,Southeast
858191,2023-02-10,2022,False,12,24,104,117,0,Indiana Pacers,East,Central,Phoenix Suns,West,Pacific
858197,2023-02-10,2022,False,25,21,129,138,0,Portland Trail Blazers,West,Northwest,Oklahoma City Thunder,West,Northwest
858190,2023-02-10,2022,False,15,18,128,107,1,Memphis Grizzlies,West,Southwest,Minnesota Timberwolves,West,Northwest
858198,2023-02-10,2022,False,28,29,116,122,0,Toronto Raptors,East,Atlantic,Utah Jazz,West,Northwest
858194,2023-02-10,2022,False,19,6,107,118,0,New Orleans Pelicans,West,Southwest,Cleveland Cavaliers,East,Central
858202,2023-02-11,2022,False,10,14,103,109,0,Golden State Warriors,West,Pacific,Los Angeles Lakers,West,Pacific
858201,2023-02-11,2022,False,30,12,127,113,1,Washington Wizards,East,Southeast,Indiana Pacers,East,Central
858203,2023-02-11,2022,False,6,5,97,89,1,Cleveland Cavaliers,East,Central,Chicago Bulls,East,Central
858204,2023-02-11,2022,False,20,29,126,120,1,New York Knicks,East,Atlantic,Utah Jazz,West,Northwest
858208,2023-02-11,2022,False,26,7,133,128,1,Sacramento Kings,West,Pacific,Dallas Mavericks,West,Southwest
858205,2023-02-11,2022,False,22,16,103,107,0,Orlando Magic,East,Southeast,Miami Heat,East,Southeast
858207,2023-02-11,2022,False,1,27,125,106,1,Atlanta Hawks,East,Southeast,San Antonio Spurs,West,Southwest
858206,2023-02-11,2022,False,4,8,105,119,0,Charlotte Hornets,East,Southeast,Denver Nuggets,West,Northwest
858200,2023-02-11,2022,False,3,23,98,101,0,Brooklyn Nets,East,Atlantic,Philadelphia 76ers,East,Atlantic
858210,2023-02-12,2022,False,2,15,119,109,1,Boston Celtics,East,Atlantic,Memphis Grizzlies,West,Southwest
858209,2023-02-12,2022,False,28,9,119,118,1,Toronto Raptors,East,Atlantic,Detroit Pistons,East,Central
858213,2023-02-13,2022,False,6,27,117,109,1,Cleveland Cavaliers,East,Central,San Antonio Spurs,West,Southwest
858219,2023-02-13,2022,False,21,19,100,103,0,Oklahoma City Thunder,West,Northwest,New Orleans Pelicans,West,Southwest
858218,2023-02-13,2022,False,5,22,91,100,0,Chicago Bulls,East,Central,Orlando Magic,East,Southeast
858220,2023-02-13,2022,False,12,29,117,123,0,Indiana Pacers,East,Central,Utah Jazz,West,Northwest
858217,2023-02-13,2022,False,20,3,124,106,1,New York Knicks,East,Atlantic,Brooklyn Nets,East,Atlantic
858214,2023-02-13,2022,False,16,8,108,112,0,Miami Heat,East,Southeast,Denver Nuggets,West,Northwest
858211,2023-02-13,2022,False,7,18,121,124,0,Dallas Mavericks,West,Southwest,Minnesota Timberwolves,West,Northwest
858215,2023-02-13,2022,False,23,11,123,104,1,Philadelphia 76ers,East,Atlantic,Houston Rockets,West,Southwest
858221,2023-02-13,2022,False,25,14,127,115,1,Portland Trail Blazers,West,Northwest,Los Angeles Lakers,West,Pacific
858216,2023-02-13,2022,False,4,1,144,138,1,Charlotte Hornets,East,Southeast,Atlanta Hawks,East,Southeast
858212,2023-02-13,2022,False,10,30,135,126,1,Golden State Warriors,West,Pacific,Washington Wizards,East,Southeast
858225,2023-02-14,2022,False,24,26,120,109,1,Phoenix Suns,West,Pacific,Sacramento Kings,West,Pacific
858222,2023-02-14,2022,False,28,22,123,113,1,Toronto Raptors,East,Atlantic,Orlando Magic,East,Southeast
858226,2023-02-14,2022,False,13,10,134,124,1,LA Clippers,West,Pacific,Golden State Warriors,West,Pacific
858224,2023-02-14,2022,False,17,2,131,125,1,Milwaukee Bucks,East,Central,Boston Celtics,East,Atlantic
858223,2023-02-14,2022,False,25,30,101,126,0,Portland Trail Blazers,West,Northwest,Washington Wizards,East,Southeast
858227,2023-02-15,2022,False,14,19,120,102,1,Los Angeles Lakers,West,Pacific,New Orleans Pelicans,West,Southwest
858229,2023-02-15,2022,False,3,16,116,105,1,Brooklyn Nets,East,Atlantic,Miami Heat,East,Southeast
858236,2023-02-15,2022,False,8,7,118,109,1,Denver Nuggets,West,Northwest,Dallas Mavericks,West,Southwest
858230,2023-02-15,2022,False,4,27,120,110,1,Charlotte Hornets,East,Southeast,San Antonio Spurs,West,Southwest
858235,2023-02-15,2022,False,12,5,117,113,1,Indiana Pacers,East,Central,Chicago Bulls,East,Central
858228,2023-02-15,2022,False,2,9,127,109,1,Boston Celtics,East,Atlantic,Detroit Pistons,East,Central
858234,2023-02-15,2022,False,21,11,133,96,1,Oklahoma City Thunder,West,Northwest,Houston Rockets,West,Southwest
858232,2023-02-15,2022,False,1,20,101,122,0,Atlanta Hawks,East,Southeast,New York Knicks,East,Atlantic
858233,2023-02-15,2022,False,15,29,117,111,1,Memphis Grizzlies,West,Southwest,Utah Jazz,West,Northwest
858231,2023-02-15,2022,False,23,6,118,112,1,Philadelphia 76ers,East,Atlantic,Cleveland Cavaliers,East,Central
858237,2023-02-16,2022,False,5,17,100,112,0,Chicago Bulls,East,Central,Milwaukee Bucks,East,Central
858238,2023-02-16,2022,False,24,13,107,116,0,Phoenix Suns,West,Pacific,LA Clippers,West,Pacific
858239,2023-02-16,2022,False,18,30,106,114,0,Minnesota Timberwolves,West,Northwest,Washington Wizards,East,Southeast
858247,2023-02-23,2022,False,26,25,133,116,1,Sacramento Kings,West,Pacific,Portland Trail Blazers,West,Northwest
858248,2023-02-23,2022,False,22,9,108,106,1,Orlando Magic,East,Southeast,Detroit Pistons,East,Central
858240,2023-02-23,2022,False,7,27,142,116,1,Dallas Mavericks,West,Southwest,San Antonio Spurs,West,Southwest
858243,2023-02-23,2022,False,6,8,109,115,0,Cleveland Cavaliers,East,Central,Denver Nuggets,West,Northwest
858241,2023-02-23,2022,False,29,21,120,119,1,Utah Jazz,West,Northwest,Oklahoma City Thunder,West,Northwest
858242,2023-02-23,2022,False,23,15,110,105,1,Philadelphia 76ers,East,Atlantic,Memphis Grizzlies,West,Southwest
858245,2023-02-23,2022,False,14,10,124,111,1,Los Angeles Lakers,West,Pacific,Golden State Warriors,West,Pacific
858244,2023-02-23,2022,False,28,19,115,110,1,Toronto Raptors,East,Atlantic,New Orleans Pelicans,West,Southwest
858246,2023-02-23,2022,False,12,2,138,142,0,Indiana Pacers,East,Central,Boston Celtics,East,Atlantic
858255,2023-02-24,2022,False,5,3,131,87,1,Chicago Bulls,East,Central,Brooklyn Nets,East,Atlantic
858256,2023-02-24,2022,False,10,11,116,101,1,Golden State Warriors,West,Pacific,Houston Rockets,West,Southwest
858251,2023-02-24,2022,False,13,26,175,176,0,LA Clippers,West,Pacific,Sacramento Kings,West,Pacific
858249,2023-02-24,2022,False,1,6,136,119,1,Atlanta Hawks,East,Southeast,Cleveland Cavaliers,East,Central
858250,2023-02-24,2022,False,30,20,109,115,0,Washington Wizards,East,Southeast,New York Knicks,East,Atlantic
858252,2023-02-24,2022,False,24,21,124,115,1,Phoenix Suns,West,Pacific,Oklahoma City Thunder,West,Northwest
858253,2023-02-24,2022,False,17,16,128,99,1,Milwaukee Bucks,East,Central,Miami Heat,East,Southeast
858254,2023-02-24,2022,False,18,4,113,121,0,Minnesota Timberwolves,West,Northwest,Charlotte Hornets,East,Southeast
858259,2023-02-25,2022,False,4,16,108,103,1,Charlotte Hornets,East,Southeast,Miami Heat,East,Southeast
858257,2023-02-25,2022,False,9,28,91,95,0,Detroit Pistons,East,Central,Toronto Raptors,East,Atlantic
858263,2023-02-25,2022,False,15,8,112,94,1,Memphis Grizzlies,West,Southwest,Denver Nuggets,West,Northwest
858260,2023-02-25,2022,False,23,2,107,110,0,Philadelphia 76ers,East,Atlantic,Boston Celtics,East,Atlantic
858262,2023-02-25,2022,False,20,19,128,106,1,New York Knicks,East,Atlantic,New Orleans Pelicans,West,Southwest
858258,2023-02-25,2022,False,22,12,108,121,0,Orlando Magic,East,Southeast,Indiana Pacers,East,Central
858261,2023-02-25,2022,False,29,27,118,102,1,Utah Jazz,West,Northwest,San Antonio Spurs,West,Southwest
858264,2023-02-26,2022,False,8,13,134,124,1,Denver Nuggets,West,Northwest,LA Clippers,West,Pacific
858271,2023-02-26,2022,False,25,11,131,114,1,Portland Trail Blazers,West,Northwest,Houston Rockets,West,Southwest
858265,2023-02-26,2022,False,10,18,109,104,1,Golden State Warriors,West,Pacific,Minnesota Timberwolves,West,Northwest
858268,2023-02-26,2022,False,7,14,108,111,0,Dallas Mavericks,West,Southwest,Los Angeles Lakers,West,Pacific
858269,2023-02-26,2022,False,5,30,102,82,1,Chicago Bulls,East,Central,Washington Wizards,East,Southeast
858272,2023-02-26,2022,False,21,26,115,124,0,Oklahoma City Thunder,West,Northwest,Sacramento Kings,West,Pacific
858270,2023-02-26,2022,False,6,28,118,93,1,Cleveland Cavaliers,East,Central,Toronto Raptors,East,Atlantic
858267,2023-02-26,2022,False,17,24,104,101,1,Milwaukee Bucks,East,Central,Phoenix Suns,West,Pacific
858266,2023-02-26,2022,False,1,3,129,127,1,Atlanta Hawks,East,Southeast,Brooklyn Nets,East,Atlantic
858274,2023-02-27,2022,False,19,22,93,101,0,New Orleans Pelicans,West,Southwest,Orlando Magic,East,Southeast
858273,2023-02-27,2022,False,20,2,109,94,1,New York Knicks,East,Atlantic,Boston Celtics,East,Atlantic
858276,2023-02-27,2022,False,4,9,117,106,1,Charlotte Hornets,East,Southeast,Detroit Pistons,East,Central
858275,2023-02-27,2022,False,23,16,99,101,0,Philadelphia 76ers,East,Atlantic,Miami Heat,East,Southeast
858280,2023-02-28,2022,False,1,30,116,119,0,Atlanta Hawks,East,Southeast,Washington Wizards,East,Southeast
858277,2023-02-28,2022,False,29,27,94,102,0,Utah Jazz,West,Northwest,San Antonio Spurs,West,Southwest
858282,2023-02-28,2022,False,3,17,104,118,0,Brooklyn Nets,East,Atlantic,Milwaukee Bucks,East,Central
858281,2023-02-28,2022,False,7,12,122,124,0,Dallas Mavericks,West,Southwest,Indiana Pacers,East,Central
858279,2023-02-28,2022,False,11,8,112,133,0,Houston Rockets,West,Southwest,Denver Nuggets,West,Northwest
858278,2023-02-28,2022,False,13,18,101,108,0,LA Clippers,West,Pacific,Minnesota Timberwolves,West,Northwest
858286,2023-02-28,2022,False,10,25,123,105,1,Golden State Warriors,West,Pacific,Portland Trail Blazers,West,Northwest
858285,2023-02-28,2022,False,28,5,104,98,1,Toronto Raptors,East,Atlantic,Chicago Bulls,East,Central
858284,2023-02-28,2022,False,15,14,121,109,1,Memphis Grizzlies,West,Southwest,Los Angeles Lakers,West,Pacific
858283,2023-02-28,2022,False,21,26,117,123,0,Oklahoma City Thunder,West,Northwest,Sacramento Kings,West,Pacific
858291,2023-03-01,2022,False,17,22,139,117,1,Milwaukee Bucks,East,Central,Orlando Magic,East,Southeast
858295,2023-03-01,2022,False,4,24,91,105,0,Charlotte Hornets,East,Southeast,Phoenix Suns,West,Pacific
858287,2023-03-01,2022,False,25,19,110,121,0,Portland Trail Blazers,West,Northwest,New Orleans Pelicans,West,Southwest
858290,2023-03-01,2022,False,2,6,117,113,1,Boston Celtics,East,Atlantic,Cleveland Cavaliers,East,Central
858292,2023-03-01,2022,False,21,14,117,123,0,Oklahoma City Thunder,West,Northwest,Los Angeles Lakers,West,Pacific
858294,2023-03-01,2022,False,9,5,115,117,0,Detroit Pistons,East,Central,Chicago Bulls,East,Central
858288,2023-03-01,2022,False,20,3,142,118,1,New York Knicks,East,Atlantic,Brooklyn Nets,East,Atlantic
858289,2023-03-01,2022,False,16,23,96,119,0,Miami Heat,East,Southeast,Philadelphia 76ers,East,Atlantic
858293,2023-03-01,2022,False,11,15,99,113,0,Houston Rockets,West,Southwest,Memphis Grizzlies,West,Southwest
858299,2023-03-02,2022,False,7,23,133,126,1,Dallas Mavericks,West,Southwest,Philadelphia 76ers,East,Atlantic
858296,2023-03-02,2022,False,30,28,119,108,1,Washington Wizards,East,Southeast,Toronto Raptors,East,Atlantic
858298,2023-03-02,2022,False,10,13,115,91,1,Golden State Warriors,West,Pacific,LA Clippers,West,Pacific
858297,2023-03-02,2022,False,27,12,110,99,1,San Antonio Spurs,West,Southwest,Indiana Pacers,East,Central
858303,2023-03-03,2022,False,1,25,129,111,1,Atlanta Hawks,East,Southeast,Portland Trail Blazers,West,Northwest
858301,2023-03-03,2022,False,14,18,102,110,0,Los Angeles Lakers,West,Pacific,Minnesota Timberwolves,West,Northwest
858307,2023-03-03,2022,False,2,3,105,115,0,Boston Celtics,East,Atlantic,Brooklyn Nets,East,Atlantic
858306,2023-03-03,2022,False,8,15,113,97,1,Denver Nuggets,West,Northwest,Memphis Grizzlies,West,Southwest
858300,2023-03-03,2022,False,26,13,128,127,1,Sacramento Kings,West,Pacific,LA Clippers,West,Pacific
858309,2023-03-03,2022,False,10,19,108,99,1,Golden State Warriors,West,Pacific,New Orleans Pelicans,West,Southwest
858305,2023-03-03,2022,False,16,20,120,122,0,Miami Heat,East,Southeast,New York Knicks,East,Atlantic
858302,2023-03-03,2022,False,4,22,106,117,0,Charlotte Hornets,East,Southeast,Orlando Magic,East,Southeast
858304,2023-03-03,2022,False,5,24,104,125,0,Chicago Bulls,East,Central,Phoenix Suns,West,Pacific
858308,2023-03-03,2022,False,21,29,130,103,1,Oklahoma City Thunder,West,Northwest,Utah Jazz,West,Northwest
858314,2023-03-04,2022,False,16,1,117,109,1,Miami Heat,East,Southeast,Atlanta Hawks,East,Southeast
858315,2023-03-04,2022,False,6,9,114,90,1,Cleveland Cavaliers,East,Central,Detroit Pistons,East,Central
858312,2023-03-04,2022,False,26,18,134,138,0,Sacramento Kings,West,Pacific,Minnesota Timberwolves,West,Northwest
858313,2023-03-04,2022,False,27,11,110,122,0,San Antonio Spurs,West,Southwest,Houston Rockets,West,Southwest
858311,2023-03-04,2022,False,30,28,109,116,0,Washington Wizards,East,Southeast,Toronto Raptors,East,Atlantic
858310,2023-03-04,2022,False,17,23,130,133,0,Milwaukee Bucks,East,Central,Philadelphia 76ers,East,Atlantic
858323,2023-03-05,2022,False,22,25,119,122,0,Orlando Magic,East,Southeast,Portland Trail Blazers,West,Northwest
858319,2023-03-05,2022,False,7,24,126,130,0,Dallas Mavericks,West,Southwest,Phoenix Suns,West,Pacific
858321,2023-03-05,2022,False,11,27,142,110,1,Houston Rockets,West,Southwest,San Antonio Spurs,West,Southwest
858322,2023-03-05,2022,False,3,4,102,86,1,Brooklyn Nets,East,Atlantic,Charlotte Hornets,East,Southeast
858318,2023-03-05,2022,False,21,29,129,119,1,Oklahoma City Thunder,West,Northwest,Utah Jazz,West,Northwest
858317,2023-03-05,2022,False,14,10,113,105,1,Los Angeles Lakers,West,Pacific,Golden State Warriors,West,Pacific
858320,2023-03-05,2022,False,5,12,122,125,0,Chicago Bulls,East,Central,Indiana Pacers,East,Central
858316,2023-03-05,2022,False,2,20,129,131,0,Boston Celtics,East,Atlantic,New York Knicks,East,Atlantic
858324,2023-03-05,2022,False,13,15,135,129,1,LA Clippers,West,Pacific,Memphis Grizzlies,West,Southwest
858325,2023-03-06,2022,False,30,17,111,117,0,Washington Wizards,East,Southeast,Milwaukee Bucks,East,Central
858329,2023-03-06,2022,False,26,19,123,108,1,Sacramento Kings,West,Pacific,New Orleans Pelicans,West,Southwest
858327,2023-03-06,2022,False,8,28,118,113,1,Denver Nuggets,West,Northwest,Toronto Raptors,East,Atlantic
858326,2023-03-06,2022,False,16,1,130,128,1,Miami Heat,East,Southeast,Atlanta Hawks,East,Southeast
858328,2023-03-06,2022,False,6,2,118,114,1,Cleveland Cavaliers,East,Central,Boston Celtics,East,Atlantic
858330,2023-03-06,2022,False,12,23,143,147,0,Indiana Pacers,East,Central,Philadelphia 76ers,East,Atlantic
858334,2023-03-07,2022,False,18,23,94,117,0,Minnesota Timberwolves,West,Northwest,Philadelphia 76ers,East,Atlantic
858331,2023-03-07,2022,False,20,4,105,112,0,New York Knicks,East,Atlantic,Charlotte Hornets,East,Southeast
858338,2023-03-07,2022,False,14,15,112,103,1,Los Angeles Lakers,West,Pacific,Memphis Grizzlies,West,Southwest
858336,2023-03-07,2022,False,7,29,120,116,1,Dallas Mavericks,West,Southwest,Utah Jazz,West,Northwest
858335,2023-03-07,2022,False,11,3,96,118,0,Houston Rockets,West,Southwest,Brooklyn Nets,East,Atlantic
858337,2023-03-07,2022,False,22,17,123,134,0,Orlando Magic,East,Southeast,Milwaukee Bucks,East,Central
858332,2023-03-07,2022,False,9,25,104,110,0,Detroit Pistons,East,Central,Portland Trail Blazers,West,Northwest
858333,2023-03-07,2022,False,21,10,137,128,1,Oklahoma City Thunder,West,Northwest,Golden State Warriors,West,Pacific
858343,2023-03-08,2022,False,2,25,115,93,1,Boston Celtics,East,Atlantic,Portland Trail Blazers,West,Northwest
858342,2023-03-08,2022,False,8,5,96,117,0,Denver Nuggets,West,Northwest,Chicago Bulls,East,Central
858339,2023-03-08,2022,False,16,6,100,104,0,Miami Heat,East,Southeast,Cleveland Cavaliers,East,Central
858345,2023-03-08,2022,False,13,28,108,100,1,LA Clippers,West,Pacific,Toronto Raptors,East,Atlantic
858344,2023-03-08,2022,False,24,21,132,101,1,Phoenix Suns,West,Pacific,Oklahoma City Thunder,West,Northwest
858341,2023-03-08,2022,False,30,1,120,122,0,Washington Wizards,East,Southeast,Atlanta Hawks,East,Southeast
858340,2023-03-08,2022,False,19,7,113,106,1,New Orleans Pelicans,West,Southwest,Dallas Mavericks,West,Southwest
858347,2023-03-09,2022,False,22,29,124,131,0,Orlando Magic,East,Southeast,Utah Jazz,West,Northwest
858349,2023-03-09,2022,False,15,10,131,110,1,Memphis Grizzlies,West,Southwest,Golden State Warriors,West,Pacific
858346,2023-03-09,2022,False,9,4,103,113,0,Detroit Pistons,East,Central,Charlotte Hornets,East,Southeast
858350,2023-03-09,2022,False,12,11,134,125,1,Indiana Pacers,East,Central,Houston Rockets,West,Southwest
858351,2023-03-09,2022,False,17,3,118,113,1,Milwaukee Bucks,East,Central,Brooklyn Nets,East,Atlantic
858348,2023-03-09,2022,False,26,20,122,117,1,Sacramento Kings,West,Pacific,New York Knicks,East,Atlantic
858352,2023-03-10,2022,False,18,3,123,124,0,Minnesota Timberwolves,West,Northwest,Brooklyn Nets,East,Atlantic
858353,2023-03-10,2022,False,14,28,122,112,1,Los Angeles Lakers,West,Pacific,Toronto Raptors,East,Atlantic
858356,2023-03-10,2022,False,23,25,120,119,1,Philadelphia 76ers,East,Atlantic,Portland Trail Blazers,West,Northwest
858354,2023-03-10,2022,False,30,1,107,114,0,Washington Wizards,East,Southeast,Atlanta Hawks,East,Southeast
858357,2023-03-10,2022,False,16,6,119,115,1,Miami Heat,East,Southeast,Cleveland Cavaliers,East,Central
858355,2023-03-10,2022,False,27,8,128,120,1,San Antonio Spurs,West,Southwest,Denver Nuggets,West,Northwest
858363,2023-03-11,2022,False,22,16,126,114,1,Orlando Magic,East,Southeast,Miami Heat,East,Southeast
858364,2023-03-11,2022,False,4,29,111,119,0,Charlotte Hornets,East,Southeast,Utah Jazz,West,Northwest
858366,2023-03-11,2022,False,1,2,125,134,0,Atlanta Hawks,East,Southeast,Boston Celtics,East,Atlantic
858359,2023-03-11,2022,False,24,26,119,128,0,Phoenix Suns,West,Pacific,Sacramento Kings,West,Pacific
858365,2023-03-11,2022,False,11,5,111,119,0,Houston Rockets,West,Southwest,Chicago Bulls,East,Central
858358,2023-03-11,2022,False,10,17,125,116,1,Golden State Warriors,West,Pacific,Milwaukee Bucks,East,Central
858361,2023-03-11,2022,False,9,12,115,121,0,Detroit Pistons,East,Central,Indiana Pacers,East,Central
858367,2023-03-11,2022,False,15,7,112,108,1,Memphis Grizzlies,West,Southwest,Dallas Mavericks,West,Southwest
858360,2023-03-11,2022,False,13,20,106,95,1,LA Clippers,West,Pacific,New York Knicks,East,Atlantic
858362,2023-03-11,2022,False,19,21,96,110,0,New Orleans Pelicans,West,Southwest,Oklahoma City Thunder,West,Northwest
858368,2023-03-12,2022,False,23,30,112,93,1,Philadelphia 76ers,East,Atlantic,Washington Wizards,East,Southeast
858373,2023-03-12,2022,False,14,20,108,112,0,Los Angeles Lakers,West,Pacific,New York Knicks,East,Atlantic
858369,2023-03-12,2022,False,8,3,120,122,0,Denver Nuggets,West,Northwest,Brooklyn Nets,East,Atlantic
858370,2023-03-12,2022,False,19,25,127,110,1,New Orleans Pelicans,West,Southwest,Portland Trail Blazers,West,Northwest
858372,2023-03-12,2022,False,4,6,108,114,0,Charlotte Hornets,East,Southeast,Cleveland Cavaliers,East,Central
858371,2023-03-12,2022,False,27,21,90,102,0,San Antonio Spurs,West,Southwest,Oklahoma City Thunder,West,Northwest
858374,2023-03-13,2022,False,16,29,119,115,1,Miami Heat,East,Southeast,Utah Jazz,West,Northwest
858379,2023-03-13,2022,False,9,12,117,97,1,Detroit Pistons,East,Central,Indiana Pacers,East,Central
858378,2023-03-13,2022,False,7,15,88,104,0,Dallas Mavericks,West,Southwest,Memphis Grizzlies,West,Southwest
858380,2023-03-13,2022,False,26,17,124,133,0,Sacramento Kings,West,Pacific,Milwaukee Bucks,East,Central
858377,2023-03-13,2022,False,1,18,115,136,0,Atlanta Hawks,East,Southeast,Minnesota Timberwolves,West,Northwest
858376,2023-03-13,2022,False,11,2,111,109,1,Houston Rockets,West,Southwest,Boston Celtics,East,Atlantic
858375,2023-03-13,2022,False,10,24,123,112,1,Golden State Warriors,West,Pacific,Phoenix Suns,West,Pacific
858383,2023-03-14,2022,False,4,6,104,120,0,Charlotte Hornets,East,Southeast,Cleveland Cavaliers,East,Central
858386,2023-03-14,2022,False,28,8,125,110,1,Toronto Raptors,East,Atlantic,Denver Nuggets,West,Northwest
858385,2023-03-14,2022,False,30,9,117,97,1,Washington Wizards,East,Southeast,Detroit Pistons,East,Central
858387,2023-03-14,2022,False,24,17,104,116,0,Phoenix Suns,West,Pacific,Milwaukee Bucks,East,Central
858381,2023-03-14,2022,False,21,3,121,107,1,Oklahoma City Thunder,West,Northwest,Brooklyn Nets,East,Atlantic
858384,2023-03-14,2022,False,27,22,132,114,1,San Antonio Spurs,West,Southwest,Orlando Magic,East,Southeast
858388,2023-03-14,2022,False,25,20,107,123,0,Portland Trail Blazers,West,Northwest,New York Knicks,East,Atlantic
858382,2023-03-14,2022,False,19,14,108,123,0,New Orleans Pelicans,West,Southwest,Los Angeles Lakers,West,Pacific
858395,2023-03-15,2022,False,5,26,114,117,0,Chicago Bulls,East,Central,Sacramento Kings,West,Pacific
858394,2023-03-15,2022,False,16,15,138,119,1,Miami Heat,East,Southeast,Memphis Grizzlies,West,Southwest
858392,2023-03-15,2022,False,13,10,134,126,1,LA Clippers,West,Pacific,Golden State Warriors,West,Pacific
858389,2023-03-15,2022,False,27,7,128,137,0,San Antonio Spurs,West,Southwest,Dallas Mavericks,West,Southwest
858393,2023-03-15,2022,False,6,23,109,118,0,Cleveland Cavaliers,East,Central,Philadelphia 76ers,East,Atlantic
858391,2023-03-15,2022,False,11,14,114,110,1,Houston Rockets,West,Southwest,Los Angeles Lakers,West,Pacific
858390,2023-03-15,2022,False,18,2,102,104,0,Minnesota Timberwolves,West,Northwest,Boston Celtics,East,Atlantic
858398,2023-03-16,2022,False,9,8,100,119,0,Detroit Pistons,East,Central,Denver Nuggets,West,Northwest
858396,2023-03-16,2022,False,17,12,123,139,0,Milwaukee Bucks,East,Central,Indiana Pacers,East,Central
858399,2023-03-16,2022,False,28,21,128,111,1,Toronto Raptors,East,Atlantic,Oklahoma City Thunder,West,Northwest
858397,2023-03-16,2022,False,24,22,116,113,1,Phoenix Suns,West,Pacific,Orlando Magic,East,Southeast
858400,2023-03-16,2022,False,3,26,96,101,0,Brooklyn Nets,East,Atlantic,Sacramento Kings,West,Pacific
858407,2023-03-17,2022,False,27,15,120,126,0,San Antonio Spurs,West,Southwest,Memphis Grizzlies,West,Southwest
858408,2023-03-17,2022,False,4,23,82,121,0,Charlotte Hornets,East,Southeast,Philadelphia 76ers,East,Atlantic
858401,2023-03-17,2022,False,5,18,139,131,1,Chicago Bulls,East,Central,Minnesota Timberwolves,West,Northwest
858403,2023-03-17,2022,False,25,2,112,126,0,Portland Trail Blazers,West,Northwest,Boston Celtics,East,Atlantic
858404,2023-03-17,2022,False,14,7,110,111,0,Los Angeles Lakers,West,Pacific,Dallas Mavericks,West,Southwest
858406,2023-03-17,2022,False,1,10,127,119,1,Atlanta Hawks,East,Southeast,Golden State Warriors,West,Pacific
858405,2023-03-17,2022,False,11,19,114,112,1,Houston Rockets,West,Southwest,New Orleans Pelicans,West,Southwest
858402,2023-03-17,2022,False,6,30,117,94,1,Cleveland Cavaliers,East,Central,Washington Wizards,East,Southeast
858416,2023-03-18,2022,False,29,2,118,117,1,Utah Jazz,West,Northwest,Boston Celtics,East,Atlantic
858409,2023-03-18,2022,False,12,23,121,141,0,Indiana Pacers,East,Central,Philadelphia 76ers,East,Atlantic
858413,2023-03-18,2022,False,13,22,108,113,0,LA Clippers,West,Pacific,Orlando Magic,East,Southeast
858414,2023-03-18,2022,False,15,10,133,119,1,Memphis Grizzlies,West,Southwest,Golden State Warriors,West,Pacific
858412,2023-03-18,2022,False,5,16,113,99,1,Chicago Bulls,East,Central,Miami Heat,East,Southeast
858411,2023-03-18,2022,False,20,8,116,110,1,New York Knicks,East,Atlantic,Denver Nuggets,West,Northwest
858415,2023-03-18,2022,False,28,18,122,107,1,Toronto Raptors,East,Atlantic,Minnesota Timberwolves,West,Northwest
858410,2023-03-18,2022,False,30,26,118,132,0,Washington Wizards,East,Southeast,Sacramento Kings,West,Pacific
858418,2023-03-19,2022,False,11,19,107,117,0,Houston Rockets,West,Southwest,New Orleans Pelicans,West,Southwest
858424,2023-03-19,2022,False,3,8,102,108,0,Brooklyn Nets,East,Atlantic,Denver Nuggets,West,Northwest
858421,2023-03-19,2022,False,25,13,102,117,0,Portland Trail Blazers,West,Northwest,LA Clippers,West,Pacific
858420,2023-03-19,2022,False,14,22,111,105,1,Los Angeles Lakers,West,Pacific,Orlando Magic,East,Southeast
858422,2023-03-19,2022,False,21,24,124,120,1,Oklahoma City Thunder,West,Northwest,Phoenix Suns,West,Pacific
858417,2023-03-19,2022,False,27,1,126,118,1,San Antonio Spurs,West,Southwest,Atlanta Hawks,East,Southeast
858419,2023-03-19,2022,False,9,16,100,112,0,Detroit Pistons,East,Central,Miami Heat,East,Southeast
858423,2023-03-19,2022,False,17,28,118,111,1,Milwaukee Bucks,East,Central,Toronto Raptors,East,Atlantic
858428,2023-03-20,2022,False,20,18,134,140,0,New York Knicks,East,Atlantic,Minnesota Timberwolves,West,Northwest
858426,2023-03-20,2022,False,23,5,105,109,0,Philadelphia 76ers,East,Atlantic,Chicago Bulls,East,Central
858430,2023-03-20,2022,False,11,10,108,121,0,Houston Rockets,West,Southwest,Golden State Warriors,West,Pacific
858427,2023-03-20,2022,False,15,7,112,108,1,Memphis Grizzlies,West,Southwest,Dallas Mavericks,West,Southwest
858425,2023-03-20,2022,False,4,12,115,109,1,Charlotte Hornets,East,Southeast,Indiana Pacers,East,Central
858429,2023-03-20,2022,False,29,26,128,120,1,Utah Jazz,West,Northwest,Sacramento Kings,West,Pacific
858432,2023-03-21,2022,False,22,30,122,112,1,Orlando Magic,East,Southeast,Washington Wizards,East,Southeast
858434,2023-03-21,2022,False,26,2,109,132,0,Sacramento Kings,West,Pacific,Boston Celtics,East,Atlantic
858435,2023-03-21,2022,False,19,27,119,84,1,New Orleans Pelicans,West,Southwest,San Antonio Spurs,West,Southwest
858431,2023-03-21,2022,False,3,6,109,115,0,Brooklyn Nets,East,Atlantic,Cleveland Cavaliers,East,Central
858436,2023-03-21,2022,False,13,21,100,101,0,LA Clippers,West,Pacific,Oklahoma City Thunder,West,Northwest
858433,2023-03-21,2022,False,1,9,129,107,1,Atlanta Hawks,East,Southeast,Detroit Pistons,East,Central
858439,2023-03-22,2022,False,30,8,104,118,0,Washington Wizards,East,Southeast,Denver Nuggets,West,Northwest
858443,2023-03-22,2022,False,15,11,130,125,1,Memphis Grizzlies,West,Southwest,Houston Rockets,West,Southwest
858446,2023-03-22,2022,False,18,1,125,124,1,Minnesota Timberwolves,West,Northwest,Atlanta Hawks,East,Southeast
858438,2023-03-22,2022,False,14,24,122,111,1,Los Angeles Lakers,West,Pacific,Phoenix Suns,West,Pacific
858440,2023-03-22,2022,False,16,20,127,120,1,Miami Heat,East,Southeast,New York Knicks,East,Atlantic
858445,2023-03-22,2022,False,5,23,91,116,0,Chicago Bulls,East,Central,Philadelphia 76ers,East,Atlantic
858444,2023-03-22,2022,False,7,10,125,127,0,Dallas Mavericks,West,Southwest,Golden State Warriors,West,Pacific
858437,2023-03-22,2022,False,29,25,115,127,0,Utah Jazz,West,Northwest,Portland Trail Blazers,West,Northwest
858442,2023-03-22,2022,False,17,27,130,94,1,Milwaukee Bucks,East,Central,San Antonio Spurs,West,Southwest
858441,2023-03-22,2022,False,28,12,114,118,0,Toronto Raptors,East,Atlantic,Indiana Pacers,East,Central
858449,2023-03-23,2022,False,13,21,127,105,1,LA Clippers,West,Pacific,Oklahoma City Thunder,West,Northwest
858447,2023-03-23,2022,False,22,20,111,106,1,Orlando Magic,East,Southeast,New York Knicks,East,Atlantic
858448,2023-03-23,2022,False,19,4,115,96,1,New Orleans Pelicans,West,Southwest,Charlotte Hornets,East,Southeast
858450,2023-03-23,2022,False,3,6,114,116,0,Brooklyn Nets,East,Atlantic,Cleveland Cavaliers,East,Central
858451,2023-03-24,2022,False,14,21,116,111,1,Los Angeles Lakers,West,Pacific,Oklahoma City Thunder,West,Northwest
858453,2023-03-24,2022,False,28,9,118,97,1,Toronto Raptors,East,Atlantic,Detroit Pistons,East,Central
858454,2023-03-24,2022,False,10,23,120,112,1,Golden State Warriors,West,Pacific,Philadelphia 76ers,East,Atlantic
858458,2023-03-24,2022,False,29,17,116,144,0,Utah Jazz,West,Northwest,Milwaukee Bucks,East,Central
858456,2023-03-24,2022,False,15,11,151,114,1,Memphis Grizzlies,West,Southwest,Houston Rockets,West,Southwest
858452,2023-03-24,2022,False,25,5,96,124,0,Portland Trail Blazers,West,Northwest,Chicago Bulls,East,Central
858455,2023-03-24,2022,False,7,4,109,117,0,Dallas Mavericks,West,Southwest,Charlotte Hornets,East,Southeast
858459,2023-03-24,2022,False,30,27,136,124,1,Washington Wizards,East,Southeast,San Antonio Spurs,West,Southwest
858460,2023-03-24,2022,False,26,24,135,127,1,Sacramento Kings,West,Pacific,Phoenix Suns,West,Pacific
858457,2023-03-24,2022,False,2,12,120,95,1,Boston Celtics,East,Atlantic,Indiana Pacers,East,Central
858461,2023-03-25,2022,False,1,12,143,130,1,Atlanta Hawks,East,Southeast,Indiana Pacers,East,Central
858464,2023-03-25,2022,False,13,19,110,131,0,LA Clippers,West,Pacific,New Orleans Pelicans,West,Southwest
858463,2023-03-25,2022,False,8,17,129,106,1,Denver Nuggets,West,Northwest,Milwaukee Bucks,East,Central
858466,2023-03-25,2022,False,16,3,100,129,0,Miami Heat,East,Southeast,Brooklyn Nets,East,Atlantic
858462,2023-03-25,2022,False,24,23,125,105,1,Phoenix Suns,West,Pacific,Philadelphia 76ers,East,Atlantic
858465,2023-03-25,2022,False,26,29,121,113,1,Sacramento Kings,West,Pacific,Utah Jazz,West,Northwest
858472,2023-03-26,2022,False,6,11,108,91,1,Cleveland Cavaliers,East,Central,Houston Rockets,West,Southwest
858468,2023-03-26,2022,False,2,27,137,93,1,Boston Celtics,East,Atlantic,San Antonio Spurs,West,Southwest
858470,2023-03-26,2022,False,14,5,108,118,0,Los Angeles Lakers,West,Pacific,Chicago Bulls,East,Central
858469,2023-03-26,2022,False,22,3,119,106,1,Orlando Magic,East,Southeast,Brooklyn Nets,East,Atlantic
858473,2023-03-26,2022,False,28,30,114,104,1,Toronto Raptors,East,Atlantic,Washington Wizards,East,Southeast
858471,2023-03-26,2022,False,4,7,110,104,1,Charlotte Hornets,East,Southeast,Dallas Mavericks,West,Southwest
858475,2023-03-26,2022,False,25,21,112,118,0,Portland Trail Blazers,West,Northwest,Oklahoma City Thunder,West,Northwest
858474,2023-03-26,2022,False,1,15,119,123,0,Atlanta Hawks,East,Southeast,Memphis Grizzlies,West,Southwest
858467,2023-03-26,2022,False,10,18,96,99,0,Golden State Warriors,West,Pacific,Minnesota Timberwolves,West,Northwest
858481,2023-03-27,2022,False,25,19,90,124,0,Portland Trail Blazers,West,Northwest,New Orleans Pelicans,West,Southwest
858480,2023-03-27,2022,False,29,24,103,117,0,Utah Jazz,West,Northwest,Phoenix Suns,West,Pacific
858479,2023-03-27,2022,False,20,11,137,115,1,New York Knicks,East,Atlantic,Houston Rockets,West,Southwest
858476,2023-03-27,2022,False,9,17,117,126,0,Detroit Pistons,East,Central,Milwaukee Bucks,East,Central
858477,2023-03-27,2022,False,8,23,116,111,1,Denver Nuggets,West,Northwest,Philadelphia 76ers,East,Atlantic
858478,2023-03-27,2022,False,26,18,115,119,0,Sacramento Kings,West,Pacific,Minnesota Timberwolves,West,Northwest
858482,2023-03-27,2022,False,13,5,124,112,1,LA Clippers,West,Pacific,Chicago Bulls,East,Central
858483,2023-03-27,2022,False,12,7,104,127,0,Indiana Pacers,East,Central,Dallas Mavericks,West,Southwest
858488,2023-03-28,2022,False,21,4,134,137,0,Oklahoma City Thunder,West,Northwest,Charlotte Hornets,East,Southeast
858487,2023-03-28,2022,False,30,2,130,111,1,Washington Wizards,East,Southeast,Boston Celtics,East,Atlantic
858489,2023-03-28,2022,False,15,22,113,108,1,Memphis Grizzlies,West,Southwest,Orlando Magic,East,Southeast
858486,2023-03-28,2022,False,10,19,120,109,1,Golden State Warriors,West,Pacific,New Orleans Pelicans,West,Southwest
858485,2023-03-28,2022,False,28,16,106,92,1,Toronto Raptors,East,Atlantic,Miami Heat,East,Southeast
858484,2023-03-28,2022,False,1,6,120,118,1,Atlanta Hawks,East,Southeast,Cleveland Cavaliers,East,Central
858499,2023-03-29,2022,False,27,29,117,128,0,San Antonio Spurs,West,Southwest,Utah Jazz,West,Northwest
858494,2023-03-29,2022,False,12,17,136,149,0,Indiana Pacers,East,Central,Milwaukee Bucks,East,Central
858491,2023-03-29,2022,False,25,26,80,120,0,Portland Trail Blazers,West,Northwest,Sacramento Kings,West,Pacific
858498,2023-03-29,2022,False,3,11,123,114,1,Brooklyn Nets,East,Atlantic,Houston Rockets,West,Southwest
858492,2023-03-29,2022,False,23,7,116,108,1,Philadelphia 76ers,East,Atlantic,Dallas Mavericks,West,Southwest
858493,2023-03-29,2022,False,15,13,132,141,0,Memphis Grizzlies,West,Southwest,LA Clippers,West,Pacific
858495,2023-03-29,2022,False,21,9,107,106,1,Oklahoma City Thunder,West,Northwest,Detroit Pistons,East,Central
858496,2023-03-29,2022,False,5,14,110,121,0,Chicago Bulls,East,Central,Los Angeles Lakers,West,Pacific
858490,2023-03-29,2022,False,24,18,107,100,1,Phoenix Suns,West,Pacific,Minnesota Timberwolves,West,Northwest
858497,2023-03-29,2022,False,20,16,101,92,1,New York Knicks,East,Atlantic,Miami Heat,East,Southeast
858501,2023-03-30,2022,False,17,2,99,140,0,Milwaukee Bucks,East,Central,Boston Celtics,East,Atlantic
858500,2023-03-30,2022,False,8,19,88,107,0,Denver Nuggets,West,Northwest,New Orleans Pelicans,West,Southwest
858513,2023-03-31,2022,False,25,26,114,138,0,Portland Trail Blazers,West,Northwest,Sacramento Kings,West,Pacific
858507,2023-03-31,2022,False,11,9,121,115,1,Houston Rockets,West,Southwest,Detroit Pistons,East,Central
858506,2023-03-31,2022,False,2,29,122,114,1,Boston Celtics,East,Atlantic,Utah Jazz,West,Northwest
858504,2023-03-31,2022,False,6,20,116,130,0,Cleveland Cavaliers,East,Central,New York Knicks,East,Atlantic
858511,2023-03-31,2022,False,30,22,109,116,0,Washington Wizards,East,Southeast,Orlando Magic,East,Southeast
858514,2023-03-31,2022,False,24,8,100,93,1,Phoenix Suns,West,Pacific,Denver Nuggets,West,Northwest
858512,2023-03-31,2022,False,10,27,130,115,1,Golden State Warriors,West,Pacific,San Antonio Spurs,West,Southwest
858508,2023-03-31,2022,False,3,1,124,107,1,Brooklyn Nets,East,Atlantic,Atlanta Hawks,East,Southeast
858510,2023-03-31,2022,False,4,5,91,121,0,Charlotte Hornets,East,Southeast,Chicago Bulls,East,Central
858503,2023-03-31,2022,False,18,14,111,123,0,Minnesota Timberwolves,West,Northwest,Los Angeles Lakers,West,Pacific
858505,2023-03-31,2022,False,23,28,117,110,1,Philadelphia 76ers,East,Atlantic,Toronto Raptors,East,Atlantic
858502,2023-03-31,2022,False,15,13,108,94,1,Memphis Grizzlies,West,Southwest,LA Clippers,West,Pacific
858509,2023-03-31,2022,False,12,21,121,117,1,Indiana Pacers,East,Central,Oklahoma City Thunder,West,Northwest
858515,2023-04-01,2022,False,19,13,122,114,1,New Orleans Pelicans,West,Southwest,LA Clippers,West,Pacific
858516,2023-04-01,2022,False,16,7,129,122,1,Miami Heat,East,Southeast,Dallas Mavericks,West,Southwest
858521,2023-04-02,2022,False,20,30,118,109,1,New York Knicks,East,Atlantic,Washington Wizards,East,Southeast
858519,2023-04-02,2022,False,3,29,111,110,1,Brooklyn Nets,East,Atlantic,Utah Jazz,West,Northwest
858520,2023-04-02,2022,False,4,28,108,128,0,Charlotte Hornets,East,Southeast,Toronto Raptors,East,Atlantic
858527,2023-04-02,2022,False,6,12,115,105,1,Cleveland Cavaliers,East,Central,Indiana Pacers,East,Central
858523,2023-04-02,2022,False,18,25,105,107,0,Minnesota Timberwolves,West,Northwest,Portland Trail Blazers,West,Northwest
858522,2023-04-02,2022,False,21,24,118,128,0,Oklahoma City Thunder,West,Northwest,Phoenix Suns,West,Pacific
858525,2023-04-02,2022,False,26,27,134,142,0,Sacramento Kings,West,Pacific,San Antonio Spurs,West,Southwest
858524,2023-04-02,2022,False,1,7,132,130,1,Atlanta Hawks,East,Southeast,Dallas Mavericks,West,Southwest
858528,2023-04-02,2022,False,17,23,117,104,1,Milwaukee Bucks,East,Central,Philadelphia 76ers,East,Atlantic
858518,2023-04-02,2022,False,11,14,109,134,0,Houston Rockets,West,Southwest,Los Angeles Lakers,West,Pacific
858526,2023-04-02,2022,False,22,9,128,102,1,Orlando Magic,East,Southeast,Detroit Pistons,East,Central
858529,2023-04-02,2022,False,8,10,112,110,1,Denver Nuggets,West,Northwest,Golden State Warriors,West,Pacific
858517,2023-04-02,2022,False,5,15,128,107,1,Chicago Bulls,East,Central,Memphis Grizzlies,West,Southwest
858531,2023-04-04,2022,False,22,6,113,117,0,Orlando Magic,East,Southeast,Cleveland Cavaliers,East,Central
858539,2023-04-04,2022,False,30,17,128,140,0,Washington Wizards,East,Southeast,Milwaukee Bucks,East,Central
858535,2023-04-04,2022,False,23,2,103,101,1,Philadelphia 76ers,East,Atlantic,Boston Celtics,East,Atlantic
858537,2023-04-04,2022,False,19,26,103,121,0,New Orleans Pelicans,West,Southwest,Sacramento Kings,West,Pacific
858530,2023-04-04,2022,False,11,8,124,103,1,Houston Rockets,West,Southwest,Denver Nuggets,West,Northwest
858540,2023-04-04,2022,False,29,14,133,135,0,Utah Jazz,West,Northwest,Los Angeles Lakers,West,Pacific
858542,2023-04-04,2022,False,24,27,115,94,1,Phoenix Suns,West,Pacific,San Antonio Spurs,West,Southwest
858541,2023-04-04,2022,False,10,21,136,125,1,Golden State Warriors,West,Pacific,Oklahoma City Thunder,West,Northwest
858532,2023-04-04,2022,False,9,16,105,118,0,Detroit Pistons,East,Central,Miami Heat,East,Southeast
858534,2023-04-04,2022,False,5,1,105,123,0,Chicago Bulls,East,Central,Atlanta Hawks,East,Southeast
858536,2023-04-04,2022,False,3,18,102,107,0,Brooklyn Nets,East,Atlantic,Minnesota Timberwolves,West,Northwest
858533,2023-04-04,2022,False,4,28,100,120,0,Charlotte Hornets,East,Southeast,Toronto Raptors,East,Atlantic
858538,2023-04-04,2022,False,15,25,119,109,1,Memphis Grizzlies,West,Southwest,Portland Trail Blazers,West,Northwest
858546,2023-04-05,2022,False,19,15,138,131,1,New Orleans Pelicans,West,Southwest,Memphis Grizzlies,West,Southwest
858547,2023-04-05,2022,False,12,20,129,138,0,Indiana Pacers,East,Central,New York Knicks,East,Atlantic
858543,2023-04-05,2022,False,9,3,108,123,0,Detroit Pistons,East,Central,Brooklyn Nets,East,Atlantic
858548,2023-04-05,2022,False,7,26,123,119,1,Dallas Mavericks,West,Southwest,Sacramento Kings,West,Pacific
858550,2023-04-05,2022,False,17,5,105,92,1,Milwaukee Bucks,East,Central,Chicago Bulls,East,Central
858544,2023-04-05,2022,False,1,30,134,116,1,Atlanta Hawks,East,Southeast,Washington Wizards,East,Southeast
858545,2023-04-05,2022,False,2,28,97,93,1,Boston Celtics,East,Atlantic,Toronto Raptors,East,Atlantic
858549,2023-04-05,2022,False,13,14,125,118,1,LA Clippers,West,Pacific,Los Angeles Lakers,West,Pacific
858553,2023-04-06,2022,False,27,25,129,127,1,San Antonio Spurs,West,Southwest,Portland Trail Blazers,West,Northwest
858551,2023-04-06,2022,False,29,21,98,114,0,Utah Jazz,West,Northwest,Oklahoma City Thunder,West,Northwest
858554,2023-04-06,2022,False,22,6,94,118,0,Orlando Magic,East,Southeast,Cleveland Cavaliers,East,Central
858555,2023-04-06,2022,False,23,16,101,129,0,Philadelphia 76ers,East,Atlantic,Miami Heat,East,Southeast
858552,2023-04-06,2022,False,24,8,119,115,1,Phoenix Suns,West,Pacific,Denver Nuggets,West,Northwest
858558,2023-04-07,2022,False,1,23,131,136,0,Atlanta Hawks,East,Southeast,Philadelphia 76ers,East,Atlantic
858565,2023-04-07,2022,False,12,9,115,122,0,Indiana Pacers,East,Central,Detroit Pistons,East,Central
858566,2023-04-07,2022,False,14,24,121,107,1,Los Angeles Lakers,West,Pacific,Phoenix Suns,West,Pacific
858556,2023-04-07,2022,False,17,15,114,137,0,Milwaukee Bucks,East,Central,Memphis Grizzlies,West,Southwest
858557,2023-04-07,2022,False,19,20,113,105,1,New Orleans Pelicans,West,Southwest,New York Knicks,East,Atlantic
858559,2023-04-07,2022,False,7,5,112,115,0,Dallas Mavericks,West,Southwest,Chicago Bulls,East,Central
858564,2023-04-07,2022,False,3,22,101,84,1,Brooklyn Nets,East,Atlantic,Orlando Magic,East,Southeast
858563,2023-04-07,2022,False,26,10,97,119,0,Sacramento Kings,West,Pacific,Golden State Warriors,West,Pacific
858561,2023-04-07,2022,False,30,16,114,108,1,Washington Wizards,East,Southeast,Miami Heat,East,Southeast
858560,2023-04-07,2022,False,2,28,121,102,1,Boston Celtics,East,Atlantic,Toronto Raptors,East,Atlantic
858562,2023-04-07,2022,False,4,11,109,112,0,Charlotte Hornets,East,Southeast,Houston Rockets,West,Southwest
858567,2023-04-08,2022,False,29,8,118,114,1,Utah Jazz,West,Northwest,Denver Nuggets,West,Northwest
858569,2023-04-08,2022,False,13,25,136,125,1,LA Clippers,West,Pacific,Portland Trail Blazers,West,Northwest
858568,2023-04-08,2022,False,27,18,131,151,0,San Antonio Spurs,West,Southwest,Minnesota Timberwolves,West,Northwest
858570,2023-04-09,2022,False,6,4,95,106,0,Cleveland Cavaliers,East,Central,Charlotte Hornets,East,Southeast
858571,2023-04-09,2022,False,7,27,117,138,0,Dallas Mavericks,West,Southwest,San Antonio Spurs,West,Southwest
858577,2023-04-09,2022,False,3,23,105,134,0,Brooklyn Nets,East,Atlantic,Philadelphia 76ers,East,Atlantic
858573,2023-04-09,2022,False,28,17,121,105,1,Toronto Raptors,East,Atlantic,Milwaukee Bucks,East,Central
858579,2023-04-09,2022,False,20,12,136,141,0,New York Knicks,East,Atlantic,Indiana Pacers,East,Central
858578,2023-04-09,2022,False,18,19,113,108,1,Minnesota Timberwolves,West,Northwest,New Orleans Pelicans,West,Southwest
858575,2023-04-09,2022,False,5,9,103,81,1,Chicago Bulls,East,Central,Detroit Pistons,East,Central
858576,2023-04-09,2022,False,30,11,109,114,0,Washington Wizards,East,Southeast,Houston Rockets,West,Southwest
858582,2023-04-09,2022,False,25,10,101,157,0,Portland Trail Blazers,West,Northwest,Golden State Warriors,West,Pacific
858572,2023-04-09,2022,False,16,22,123,110,1,Miami Heat,East,Southeast,Orlando Magic,East,Southeast
858583,2023-04-09,2022,False,14,29,128,117,1,Los Angeles Lakers,West,Pacific,Utah Jazz,West,Northwest
858574,2023-04-09,2022,False,2,1,120,114,1,Boston Celtics,East,Atlantic,Atlanta Hawks,East,Southeast
858584,2023-04-09,2022,False,24,13,114,119,0,Phoenix Suns,West,Pacific,LA Clippers,West,Pacific
858581,2023-04-09,2022,False,8,26,109,95,1,Denver Nuggets,West,Northwest,Sacramento Kings,West,Pacific
858580,2023-04-09,2022,False,21,15,115,100,1,Oklahoma City Thunder,West,Northwest,Memphis Grizzlies,West,Southwest
890551,2023-04-11,2022,False,14,18,108,102,1,Los Angeles Lakers,West,Pacific,Minnesota Timberwolves,West,Northwest
890550,2023-04-11,2022,False,16,1,105,116,0,Miami Heat,East,Southeast,Atlanta Hawks,East,Southeast
890553,2023-04-12,2022,False,19,21,118,123,0,New Orleans Pelicans,West,Southwest,Oklahoma City Thunder,West,Northwest
890552,2023-04-12,2022,False,28,5,105,109,0,Toronto Raptors,East,Atlantic,Chicago Bulls,East,Central
894953,2023-04-14,2022,False,18,21,120,95,1,Minnesota Timberwolves,West,Northwest,Oklahoma City Thunder,West,Northwest
894221,2023-04-14,2022,False,16,5,102,91,1,Miami Heat,East,Southeast,Chicago Bulls,East,Central
891700,2023-04-15,2022,True,2,1,112,99,1,Boston Celtics,East,Atlantic,Atlanta Hawks,East,Southeast
890555,2023-04-15,2022,True,6,20,97,101,0,Cleveland Cavaliers,East,Central,New York Knicks,East,Atlantic
890556,2023-04-15,2022,True,26,10,126,123,1,Sacramento Kings,West,Pacific,Golden State Warriors,West,Pacific
890554,2023-04-15,2022,True,23,3,121,101,1,Philadelphia 76ers,East,Atlantic,Brooklyn Nets,East,Atlantic
891774,2023-04-16,2022,True,15,14,112,128,0,Memphis Grizzlies,West,Southwest,Los Angeles Lakers,West,Pacific
907511,2023-04-16,2022,True,8,18,109,80,1,Denver Nuggets,West,Northwest,Minnesota Timberwolves,West,Northwest
890557,2023-04-16,2022,True,24,13,110,115,0,Phoenix Suns,West,Pacific,LA Clippers,West,Pacific
906726,2023-04-16,2022,True,17,16,117,130,0,Milwaukee Bucks,East,Central,Miami Heat,East,Southeast
892493,2023-04-17,2022,True,23,3,96,84,1,Philadelphia 76ers,East,Atlantic,Brooklyn Nets,East,Atlantic
892494,2023-04-17,2022,True,26,10,114,106,1,Sacramento Kings,West,Pacific,Golden State Warriors,West,Pacific
892496,2023-04-18,2022,True,6,20,107,90,1,Cleveland Cavaliers,East,Central,New York Knicks,East,Atlantic
892497,2023-04-18,2022,True,24,13,123,109,1,Phoenix Suns,West,Pacific,LA Clippers,West,Pacific
892495,2023-04-18,2022,True,2,1,119,106,1,Boston Celtics,East,Atlantic,Atlanta Hawks,East,Southeast
892498,2023-04-19,2022,True,15,14,103,93,1,Memphis Grizzlies,West,Southwest,Los Angeles Lakers,West,Pacific
907520,2023-04-19,2022,True,8,18,122,113,1,Denver Nuggets,West,Northwest,Minnesota Timberwolves,West,Northwest
906734,2023-04-19,2022,True,17,16,138,122,1,Milwaukee Bucks,East,Central,Miami Heat,East,Southeast
892501,2023-04-20,2022,True,13,24,124,129,0,LA Clippers,West,Pacific,Phoenix Suns,West,Pacific
892499,2023-04-20,2022,True,3,23,97,102,0,Brooklyn Nets,East,Atlantic,Philadelphia 76ers,East,Atlantic
892500,2023-04-20,2022,True,10,26,114,97,1,Golden State Warriors,West,Pacific,Sacramento Kings,West,Pacific
892503,2023-04-21,2022,True,20,6,99,79,1,New York Knicks,East,Atlantic,Cleveland Cavaliers,East,Central
907527,2023-04-21,2022,True,18,8,111,120,0,Minnesota Timberwolves,West,Northwest,Denver Nuggets,West,Northwest
892502,2023-04-21,2022,True,1,2,130,122,1,Atlanta Hawks,East,Southeast,Boston Celtics,East,Atlantic
892505,2023-04-22,2022,True,14,15,111,101,1,Los Angeles Lakers,West,Pacific,Memphis Grizzlies,West,Southwest
892506,2023-04-22,2022,True,13,24,100,112,0,LA Clippers,West,Pacific,Phoenix Suns,West,Pacific
906741,2023-04-22,2022,True,16,17,121,99,1,Miami Heat,East,Southeast,Milwaukee Bucks,East,Central
892504,2023-04-22,2022,True,3,23,88,96,0,Brooklyn Nets,East,Atlantic,Philadelphia 76ers,East,Atlantic
892509,2023-04-23,2022,True,10,26,126,125,1,Golden State Warriors,West,Pacific,Sacramento Kings,West,Pacific
892507,2023-04-23,2022,True,1,2,121,129,0,Atlanta Hawks,East,Southeast,Boston Celtics,East,Atlantic
892508,2023-04-23,2022,True,20,6,102,93,1,New York Knicks,East,Atlantic,Cleveland Cavaliers,East,Central
907534,2023-04-23,2022,True,18,8,114,108,1,Minnesota Timberwolves,West,Northwest,Denver Nuggets,West,Northwest
906748,2023-04-24,2022,True,16,17,119,114,1,Miami Heat,East,Southeast,Milwaukee Bucks,East,Central
892511,2023-04-24,2022,True,14,15,117,111,1,Los Angeles Lakers,West,Pacific,Memphis Grizzlies,West,Southwest
892512,2023-04-25,2022,True,2,1,117,119,0,Boston Celtics,East,Atlantic,Atlanta Hawks,East,Southeast
892513,2023-04-25,2022,True,24,13,136,130,1,Phoenix Suns,West,Pacific,LA Clippers,West,Pacific
907540,2023-04-25,2022,True,8,18,112,109,1,Denver Nuggets,West,Northwest,Minnesota Timberwolves,West,Northwest
892514,2023-04-26,2022,True,6,20,95,106,0,Cleveland Cavaliers,East,Central,New York Knicks,East,Atlantic
892516,2023-04-26,2022,True,26,10,116,123,0,Sacramento Kings,West,Pacific,Golden State Warriors,West,Pacific
906753,2023-04-26,2022,True,17,16,126,128,0,Milwaukee Bucks,East,Central,Miami Heat,East,Southeast
892515,2023-04-26,2022,True,15,14,116,99,1,Memphis Grizzlies,West,Southwest,Los Angeles Lakers,West,Pacific
892517,2023-04-27,2022,True,1,2,120,128,0,Atlanta Hawks,East,Southeast,Boston Celtics,East,Atlantic
892521,2023-04-28,2022,True,14,15,125,85,1,Los Angeles Lakers,West,Pacific,Memphis Grizzlies,West,Southwest
892522,2023-04-28,2022,True,10,26,99,118,0,Golden State Warriors,West,Pacific,Sacramento Kings,West,Pacific
967800,2023-04-29,2022,True,8,24,125,107,1,Denver Nuggets,West,Northwest,Phoenix Suns,West,Pacific
892528,2023-04-30,2022,True,26,10,100,120,0,Sacramento Kings,West,Pacific,Golden State Warriors,West,Pacific
970431,2023-04-30,2022,True,20,16,101,108,0,New York Knicks,East,Atlantic,Miami Heat,East,Southeast
972853,2023-05-01,2022,True,2,23,115,119,0,Boston Celtics,East,Atlantic,Philadelphia 76ers,East,Atlantic
967805,2023-05-01,2022,True,8,24,97,87,1,Denver Nuggets,West,Northwest,Phoenix Suns,West,Pacific
981609,2023-05-02,2022,True,10,14,112,117,0,Golden State Warriors,West,Pacific,Los Angeles Lakers,West,Pacific
970433,2023-05-02,2022,True,20,16,111,105,1,New York Knicks,East,Atlantic,Miami Heat,East,Southeast
972856,2023-05-03,2022,True,2,23,121,87,1,Boston Celtics,East,Atlantic,Philadelphia 76ers,East,Atlantic
981611,2023-05-04,2022,True,10,14,127,100,1,Golden State Warriors,West,Pacific,Los Angeles Lakers,West,Pacific
967806,2023-05-05,2022,True,24,8,121,114,1,Phoenix Suns,West,Pacific,Denver Nuggets,West,Northwest
972857,2023-05-05,2022,True,23,2,102,114,0,Philadelphia 76ers,East,Atlantic,Boston Celtics,East,Atlantic
970435,2023-05-06,2022,True,16,20,105,86,1,Miami Heat,East,Southeast,New York Knicks,East,Atlantic
981615,2023-05-06,2022,True,14,10,127,97,1,Los Angeles Lakers,West,Pacific,Golden State Warriors,West,Pacific
972860,2023-05-07,2022,True,23,2,116,115,1,Philadelphia 76ers,East,Atlantic,Boston Celtics,East,Atlantic
967807,2023-05-07,2022,True,24,8,129,124,1,Phoenix Suns,West,Pacific,Denver Nuggets,West,Northwest
970437,2023-05-08,2022,True,16,20,109,101,1,Miami Heat,East,Southeast,New York Knicks,East,Atlantic
981619,2023-05-08,2022,True,14,10,104,101,1,Los Angeles Lakers,West,Pacific,Golden State Warriors,West,Pacific
967808,2023-05-09,2022,True,8,24,118,102,1,Denver Nuggets,West,Northwest,Phoenix Suns,West,Pacific
972863,2023-05-09,2022,True,2,23,103,115,0,Boston Celtics,East,Atlantic,Philadelphia 76ers,East,Atlantic
970439,2023-05-10,2022,True,20,16,112,103,1,New York Knicks,East,Atlantic,Miami Heat,East,Southeast
981623,2023-05-10,2022,True,10,14,121,106,1,Golden State Warriors,West,Pacific,Los Angeles Lakers,West,Pacific
967809,2023-05-11,2022,True,24,8,100,125,0,Phoenix Suns,West,Pacific,Denver Nuggets,West,Northwest
972866,2023-05-11,2022,True,23,2,86,95,0,Philadelphia 76ers,East,Atlantic,Boston Celtics,East,Atlantic
981627,2023-05-12,2022,True,14,10,122,101,1,Los Angeles Lakers,West,Pacific,Golden State Warriors,West,Pacific
970441,2023-05-12,2022,True,16,20,96,92,1,Miami Heat,East,Southeast,New York Knicks,East,Atlantic
972869,2023-05-14,2022,True,2,23,112,88,1,Boston Celtics,East,Atlantic,Philadelphia 76ers,East,Atlantic
1007815,2023-05-16,2022,True,8,14,132,126,1,Denver Nuggets,West,Northwest,Los Angeles Lakers,West,Pacific
1007816,2023-05-17,2022,True,2,16,116,123,0,Boston Celtics,East,Atlantic,Miami Heat,East,Southeast
1007817,2023-05-18,2022,True,8,14,108,103,1,Denver Nuggets,West,Northwest,Los Angeles Lakers,West,Pacific
1007818,2023-05-19,2022,True,2,16,105,111,0,Boston Celtics,East,Atlantic,Miami Heat,East,Southeast
1007819,2023-05-20,2022,True,14,8,108,119,0,Los Angeles Lakers,West,Pacific,Denver Nuggets,West,Northwest
1007820,2023-05-21,2022,True,16,2,128,102,1,Miami Heat,East,Southeast,Boston Celtics,East,Atlantic
1007821,2023-05-22,2022,True,14,8,111,113,0,Los Angeles Lakers,West,Pacific,Denver Nuggets,West,Northwest
1007822,2023-05-23,2022,True,16,2,99,116,0,Miami Heat,East,Southeast,Boston Celtics,East,Atlantic
1007824,2023-05-25,2022,True,2,16,110,97,1,Boston Celtics,East,Atlantic,Miami Heat,East,Southeast
1007826,2023-05-27,2022,True,16,2,103,104,0,Miami Heat,East,Southeast,Boston Celtics,East,Atlantic
1007828,2023-05-29,2022,True,2,16,84,103,0,Boston Celtics,East,Atlantic,Miami Heat,East,Southeast
1011165,2023-06-01,2022,True,8,16,104,93,1,Denver Nuggets,West,Northwest,Miami Heat,East,Southeast
1011166,2023-06-04,2022,True,8,16,108,111,0,Denver Nuggets,West,Northwest,Miami Heat,East,Southeast
1011167,2023-06-07,2022,True,16,8,94,109,0,Miami Heat,East,Southeast,Denver Nuggets,West,Northwest
1011168,2023-06-09,2022,True,16,8,95,108,0,Miami Heat,East,Southeast,Denver Nuggets,West,Northwest
1011169,2023-06-12,2022,True,8,16,94,89,1,Denver Nuggets,West,Northwest,Miami Heat,East,Southeast
1037593,2023-10-24,2023,False,8,14,119,107,1,Denver Nuggets,West,Northwest,Los Angeles Lakers,West,Pacific
1037594,2023-10-24,2023,False,10,24,104,108,0,Golden State Warriors,West,Pacific,Phoenix Suns,West,Pacific
1037599,2023-10-25,2023,False,3,6,113,114,0,Brooklyn Nets,East,Atlantic,Cleveland Cavaliers,East,Central
1037604,2023-10-25,2023,False,29,26,114,130,0,Utah Jazz,West,Northwest,Sacramento Kings,West,Pacific
1037601,2023-10-25,2023,False,28,18,97,94,1,Toronto Raptors,East,Atlantic,Minnesota Timberwolves,West,Northwest
1037606,2023-10-25,2023,False,13,25,123,111,1,LA Clippers,West,Pacific,Portland Trail Blazers,West,Northwest
1037598,2023-10-25,2023,False,22,11,116,86,1,Orlando Magic,East,Southeast,Houston Rockets,West,Southwest
1037597,2023-10-25,2023,False,20,2,104,108,0,New York Knicks,East,Atlantic,Boston Celtics,East,Atlantic
1037602,2023-10-25,2023,False,5,21,104,124,0,Chicago Bulls,East,Central,Oklahoma City Thunder,West,Northwest
1037600,2023-10-25,2023,False,16,9,103,102,1,Miami Heat,East,Southeast,Detroit Pistons,East,Central
1037596,2023-10-25,2023,False,12,30,143,120,1,Indiana Pacers,East,Central,Washington Wizards,East,Southeast
1037595,2023-10-25,2023,False,4,1,116,110,1,Charlotte Hornets,East,Southeast,Atlanta Hawks,East,Southeast
1037605,2023-10-25,2023,False,27,7,119,126,0,San Antonio Spurs,West,Southwest,Dallas Mavericks,West,Southwest
1037603,2023-10-25,2023,False,15,19,104,111,0,Memphis Grizzlies,West,Southwest,New Orleans Pelicans,West,Southwest
1037607,2023-10-26,2023,False,17,23,118,117,1,Milwaukee Bucks,East,Central,Philadelphia 76ers,East,Atlantic
1037608,2023-10-26,2023,False,14,24,100,95,1,Los Angeles Lakers,West,Pacific,Phoenix Suns,West,Pacific
1037609,2023-10-27,2023,False,4,9,99,111,0,Charlotte Hornets,East,Southeast,Detroit Pistons,East,Central
1037618,2023-10-27,2023,False,25,22,97,102,0,Portland Trail Blazers,West,Northwest,Orlando Magic,East,Southeast
1037616,2023-10-27,2023,False,7,3,125,120,1,Dallas Mavericks,West,Southwest,Brooklyn Nets,East,Atlantic
1037611,2023-10-27,2023,False,1,20,120,126,0,Atlanta Hawks,East,Southeast,New York Knicks,East,Atlantic
1037612,2023-10-27,2023,False,2,16,119,111,1,Boston Celtics,East,Atlantic,Miami Heat,East,Southeast
1037615,2023-10-27,2023,False,27,11,126,122,1,San Antonio Spurs,West,Southwest,Houston Rockets,West,Southwest
1037613,2023-10-27,2023,False,6,21,105,108,0,Cleveland Cavaliers,East,Central,Oklahoma City Thunder,West,Northwest
1037610,2023-10-27,2023,False,15,8,104,108,0,Memphis Grizzlies,West,Southwest,Denver Nuggets,West,Northwest
1037614,2023-10-27,2023,False,5,28,104,103,1,Chicago Bulls,East,Central,Toronto Raptors,East,Atlantic
1037617,2023-10-27,2023,False,29,13,120,118,1,Utah Jazz,West,Northwest,LA Clippers,West,Pacific
1037619,2023-10-27,2023,False,26,10,114,122,0,Sacramento Kings,West,Pacific,Golden State Warriors,West,Pacific
1037623,2023-10-28,2023,False,6,12,113,125,0,Cleveland Cavaliers,East,Central,Indiana Pacers,East,Central
1037624,2023-10-28,2023,False,28,23,107,114,0,Toronto Raptors,East,Atlantic,Philadelphia 76ers,East,Atlantic
1037625,2023-10-28,2023,False,18,16,106,90,1,Minnesota Timberwolves,West,Northwest,Miami Heat,East,Southeast
1037622,2023-10-28,2023,False,19,20,96,87,1,New Orleans Pelicans,West,Southwest,New York Knicks,East,Atlantic
1037621,2023-10-28,2023,False,30,15,113,106,1,Washington Wizards,East,Southeast,Memphis Grizzlies,West,Southwest
1037626,2023-10-28,2023,False,24,29,126,104,1,Phoenix Suns,West,Pacific,Utah Jazz,West,Northwest
1037620,2023-10-28,2023,False,9,5,118,102,1,Detroit Pistons,East,Central,Chicago Bulls,East,Central
1037632,2023-10-29,2023,False,26,14,132,127,1,Sacramento Kings,West,Pacific,Los Angeles Lakers,West,Pacific
1037631,2023-10-29,2023,False,13,27,123,83,1,LA Clippers,West,Pacific,San Antonio Spurs,West,Southwest
1037629,2023-10-29,2023,False,17,1,110,127,0,Milwaukee Bucks,East,Central,Atlanta Hawks,East,Southeast
1037627,2023-10-29,2023,False,21,8,95,128,0,Oklahoma City Thunder,West,Northwest,Denver Nuggets,West,Northwest
1037630,2023-10-29,2023,False,23,25,126,98,1,Philadelphia 76ers,East,Atlantic,Portland Trail Blazers,West,Northwest
1037628,2023-10-29,2023,False,11,10,95,106,0,Houston Rockets,West,Southwest,Golden State Warriors,West,Pacific
1037637,2023-10-30,2023,False,28,25,91,99,0,Toronto Raptors,East,Atlantic,Portland Trail Blazers,West,Northwest
1037639,2023-10-30,2023,False,17,16,122,114,1,Milwaukee Bucks,East,Central,Miami Heat,East,Southeast
1037635,2023-10-30,2023,False,30,2,107,126,0,Washington Wizards,East,Southeast,Boston Celtics,East,Atlantic
1037640,2023-10-30,2023,False,19,10,102,130,0,New Orleans Pelicans,West,Southwest,Golden State Warriors,West,Pacific
1037642,2023-10-30,2023,False,8,29,110,102,1,Denver Nuggets,West,Northwest,Utah Jazz,West,Northwest
1037633,2023-10-30,2023,False,4,3,121,133,0,Charlotte Hornets,East,Southeast,Brooklyn Nets,East,Atlantic
1037643,2023-10-30,2023,False,14,22,106,103,1,Los Angeles Lakers,West,Pacific,Orlando Magic,East,Southeast
1037638,2023-10-30,2023,False,15,7,110,125,0,Memphis Grizzlies,West,Southwest,Dallas Mavericks,West,Southwest
1037634,2023-10-30,2023,False,12,5,105,112,0,Indiana Pacers,East,Central,Chicago Bulls,East,Central
1037641,2023-10-30,2023,False,21,9,124,112,1,Oklahoma City Thunder,West,Northwest,Detroit Pistons,East,Central
1037636,2023-10-30,2023,False,1,18,127,113,1,Atlanta Hawks,East,Southeast,Minnesota Timberwolves,West,Northwest
1037645,2023-10-31,2023,False,24,27,114,115,0,Phoenix Suns,West,Pacific,San Antonio Spurs,West,Southwest
1037644,2023-10-31,2023,False,6,20,91,109,0,Cleveland Cavaliers,East,Central,New York Knicks,East,Atlantic
1037646,2023-10-31,2023,False,13,22,118,102,1,LA Clippers,West,Pacific,Orlando Magic,East,Southeast
1037658,2023-11-01,2023,False,10,26,102,101,1,Golden State Warriors,West,Pacific,Sacramento Kings,West,Pacific
1037659,2023-11-01,2023,False,14,13,130,125,1,Los Angeles Lakers,West,Pacific,LA Clippers,West,Pacific
1037651,2023-11-01,2023,False,16,3,105,109,0,Miami Heat,East,Southeast,Brooklyn Nets,East,Atlantic
1037652,2023-11-01,2023,False,20,6,89,95,0,New York Knicks,East,Atlantic,Cleveland Cavaliers,East,Central
1037654,2023-11-01,2023,False,11,4,128,119,1,Houston Rockets,West,Southwest,Charlotte Hornets,East,Southeast
1037648,2023-11-01,2023,False,28,17,130,111,1,Toronto Raptors,East,Atlantic,Milwaukee Bucks,East,Central
1037655,2023-11-01,2023,False,18,8,110,89,1,Minnesota Timberwolves,West,Northwest,Denver Nuggets,West,Northwest
1037647,2023-11-01,2023,False,9,25,101,110,0,Detroit Pistons,East,Central,Portland Trail Blazers,West,Northwest
1037657,2023-11-01,2023,False,29,15,133,109,1,Utah Jazz,West,Northwest,Memphis Grizzlies,West,Southwest
1037649,2023-11-01,2023,False,1,30,130,121,1,Atlanta Hawks,East,Southeast,Washington Wizards,East,Southeast
1037650,2023-11-01,2023,False,2,12,155,104,1,Boston Celtics,East,Atlantic,Indiana Pacers,East,Central
1037653,2023-11-01,2023,False,21,19,106,110,0,Oklahoma City Thunder,West,Northwest,New Orleans Pelicans,West,Southwest
1037656,2023-11-01,2023,False,7,5,114,105,1,Dallas Mavericks,West,Southwest,Chicago Bulls,East,Central
1037660,2023-11-02,2023,False,23,28,114,99,1,Philadelphia 76ers,East,Atlantic,Toronto Raptors,East,Atlantic
1037663,2023-11-02,2023,False,24,27,121,132,0,Phoenix Suns,West,Pacific,San Antonio Spurs,West,Southwest
1037661,2023-11-02,2023,False,19,9,125,116,1,New Orleans Pelicans,West,Southwest,Detroit Pistons,East,Central
1037662,2023-11-02,2023,False,29,22,113,115,0,Utah Jazz,West,Northwest,Orlando Magic,East,Southeast
3277351,2023-11-03,2023,False,16,30,121,114,1,Miami Heat,East,Southeast,Washington Wizards,East,Southeast
3277355,2023-11-03,2023,False,25,15,115,113,1,Portland Trail Blazers,West,Northwest,Memphis Grizzlies,West,Southwest
3277349,2023-11-03,2023,False,12,6,121,116,1,Indiana Pacers,East,Central,Cleveland Cavaliers,East,Central
3277350,2023-11-03,2023,False,17,20,110,105,1,Milwaukee Bucks,East,Central,New York Knicks,East,Atlantic
3277353,2023-11-03,2023,False,21,10,139,141,0,Oklahoma City Thunder,West,Northwest,Golden State Warriors,West,Pacific
3277352,2023-11-03,2023,False,5,3,107,109,0,Chicago Bulls,East,Central,Brooklyn Nets,East,Atlantic
3277354,2023-11-03,2023,False,8,7,125,114,1,Denver Nuggets,West,Northwest,Dallas Mavericks,West,Southwest
1037677,2023-11-04,2023,False,18,29,123,95,1,Minnesota Timberwolves,West,Northwest,Utah Jazz,West,Northwest
1037672,2023-11-04,2023,False,12,4,124,125,0,Indiana Pacers,East,Central,Charlotte Hornets,East,Southeast
1037675,2023-11-04,2023,False,3,2,114,124,0,Brooklyn Nets,East,Atlantic,Boston Celtics,East,Atlantic
1037673,2023-11-04,2023,False,22,14,120,101,1,Orlando Magic,East,Southeast,Los Angeles Lakers,West,Pacific
1037674,2023-11-04,2023,False,19,1,105,123,0,New Orleans Pelicans,West,Southwest,Atlanta Hawks,East,Southeast
1037676,2023-11-04,2023,False,11,26,107,89,1,Houston Rockets,West,Southwest,Sacramento Kings,West,Pacific
1037678,2023-11-04,2023,False,8,5,123,101,1,Denver Nuggets,West,Northwest,Chicago Bulls,East,Central
1037671,2023-11-04,2023,False,23,24,112,100,1,Philadelphia 76ers,East,Atlantic,Phoenix Suns,West,Pacific
1037679,2023-11-05,2023,False,9,24,106,120,0,Detroit Pistons,East,Central,Phoenix Suns,West,Pacific
1037682,2023-11-05,2023,False,7,4,124,118,1,Dallas Mavericks,West,Southwest,Charlotte Hornets,East,Southeast
1037683,2023-11-05,2023,False,25,15,100,112,0,Portland Trail Blazers,West,Northwest,Memphis Grizzlies,West,Southwest
1037681,2023-11-05,2023,False,6,10,115,104,1,Cleveland Cavaliers,East,Central,Golden State Warriors,West,Pacific
1037680,2023-11-05,2023,False,27,28,116,123,0,San Antonio Spurs,West,Southwest,Toronto Raptors,East,Atlantic
1037687,2023-11-06,2023,False,23,30,146,128,1,Philadelphia 76ers,East,Atlantic,Washington Wizards,East,Southeast
1037692,2023-11-06,2023,False,11,26,122,97,1,Houston Rockets,West,Southwest,Sacramento Kings,West,Pacific
1037685,2023-11-06,2023,False,12,27,152,111,1,Indiana Pacers,East,Central,San Antonio Spurs,West,Southwest
1037693,2023-11-06,2023,False,18,2,114,109,1,Minnesota Timberwolves,West,Northwest,Boston Celtics,East,Atlantic
1037694,2023-11-06,2023,False,21,1,126,117,1,Oklahoma City Thunder,West,Northwest,Atlanta Hawks,East,Southeast
1037686,2023-11-06,2023,False,22,7,102,117,0,Orlando Magic,East,Southeast,Dallas Mavericks,West,Southwest
1037690,2023-11-06,2023,False,20,13,111,97,1,New York Knicks,East,Atlantic,LA Clippers,West,Pacific
1037695,2023-11-06,2023,False,8,19,134,116,1,Denver Nuggets,West,Northwest,New Orleans Pelicans,West,Southwest
1037684,2023-11-06,2023,False,9,10,109,120,0,Detroit Pistons,East,Central,Golden State Warriors,West,Pacific
1037691,2023-11-06,2023,False,5,29,130,113,1,Chicago Bulls,East,Central,Utah Jazz,West,Northwest
1037688,2023-11-06,2023,False,3,17,125,129,0,Brooklyn Nets,East,Atlantic,Milwaukee Bucks,East,Central
1037689,2023-11-06,2023,False,16,14,108,107,1,Miami Heat,East,Southeast,Los Angeles Lakers,West,Pacific
1037698,2023-11-08,2023,False,23,2,106,103,1,Philadelphia 76ers,East,Atlantic,Boston Celtics,East,Atlantic
1037706,2023-11-08,2023,False,21,6,128,120,1,Oklahoma City Thunder,West,Northwest,Cleveland Cavaliers,East,Central
1037702,2023-11-08,2023,False,11,14,128,94,1,Houston Rockets,West,Southwest,Los Angeles Lakers,West,Pacific
1037699,2023-11-08,2023,False,3,13,100,93,1,Brooklyn Nets,East,Atlantic,LA Clippers,West,Pacific
1037704,2023-11-08,2023,False,17,9,120,118,1,Milwaukee Bucks,East,Central,Detroit Pistons,East,Central
1037696,2023-11-08,2023,False,4,30,116,132,0,Charlotte Hornets,East,Southeast,Washington Wizards,East,Southeast
1037705,2023-11-08,2023,False,18,19,122,101,1,Minnesota Timberwolves,West,Northwest,New Orleans Pelicans,West,Southwest
1037700,2023-11-08,2023,False,20,27,126,105,1,New York Knicks,East,Atlantic,San Antonio Spurs,West,Southwest
1037701,2023-11-08,2023,False,5,24,115,116,0,Chicago Bulls,East,Central,Phoenix Suns,West,Pacific
1037707,2023-11-08,2023,False,7,28,116,127,0,Dallas Mavericks,West,Southwest,Toronto Raptors,East,Atlantic
1037703,2023-11-08,2023,False,15,16,102,108,0,Memphis Grizzlies,West,Southwest,Miami Heat,East,Southeast
1037697,2023-11-08,2023,False,12,29,134,118,1,Indiana Pacers,East,Central,Utah Jazz,West,Northwest
1037709,2023-11-08,2023,False,26,25,121,118,1,Sacramento Kings,West,Pacific,Portland Trail Blazers,West,Northwest
1037708,2023-11-08,2023,False,8,10,108,105,1,Denver Nuggets,West,Northwest,Golden State Warriors,West,Pacific
1037710,2023-11-09,2023,False,12,17,126,124,1,Indiana Pacers,East,Central,Milwaukee Bucks,East,Central
1037711,2023-11-09,2023,False,22,1,119,120,0,Orlando Magic,East,Southeast,Atlanta Hawks,East,Southeast
3277398,2023-11-10,2023,False,30,4,117,124,0,Washington Wizards,East,Southeast,Charlotte Hornets,East,Southeast
3277399,2023-11-10,2023,False,2,3,121,107,1,Boston Celtics,East,Atlantic,Brooklyn Nets,East,Atlantic
3277402,2023-11-10,2023,False,27,18,110,117,0,San Antonio Spurs,West,Southwest,Minnesota Timberwolves,West,Northwest
3277404,2023-11-10,2023,False,24,14,119,122,0,Phoenix Suns,West,Pacific,Los Angeles Lakers,West,Pacific
3277403,2023-11-10,2023,False,7,13,144,126,1,Dallas Mavericks,West,Southwest,LA Clippers,West,Pacific
3277397,2023-11-10,2023,False,9,23,106,114,0,Detroit Pistons,East,Central,Philadelphia 76ers,East,Atlantic
3277401,2023-11-10,2023,False,15,29,121,127,0,Memphis Grizzlies,West,Southwest,Utah Jazz,West,Northwest
3277405,2023-11-10,2023,False,26,21,105,98,1,Sacramento Kings,West,Pacific,Oklahoma City Thunder,West,Northwest
3277400,2023-11-10,2023,False,11,19,104,101,1,Houston Rockets,West,Southwest,New Orleans Pelicans,West,Southwest
1037722,2023-11-11,2023,False,2,28,117,94,1,Boston Celtics,East,Atlantic,Toronto Raptors,East,Atlantic
1037724,2023-11-11,2023,False,10,6,110,118,0,Golden State Warriors,West,Pacific,Cleveland Cavaliers,East,Central
1037723,2023-11-11,2023,False,1,16,109,117,0,Atlanta Hawks,East,Southeast,Miami Heat,East,Southeast
1037721,2023-11-11,2023,False,22,17,112,97,1,Orlando Magic,East,Southeast,Milwaukee Bucks,East,Central
1037732,2023-11-12,2023,False,27,16,113,118,0,San Antonio Spurs,West,Southwest,Miami Heat,East,Southeast
1037735,2023-11-12,2023,False,14,25,116,110,1,Los Angeles Lakers,West,Pacific,Portland Trail Blazers,West,Northwest
1037728,2023-11-12,2023,False,23,12,137,126,1,Philadelphia 76ers,East,Atlantic,Indiana Pacers,East,Central
1037734,2023-11-12,2023,False,10,18,110,116,0,Golden State Warriors,West,Pacific,Minnesota Timberwolves,West,Northwest
1037731,2023-11-12,2023,False,19,7,124,136,0,New Orleans Pelicans,West,Southwest,Dallas Mavericks,West,Southwest
1037725,2023-11-12,2023,False,20,4,129,107,1,New York Knicks,East,Atlantic,Charlotte Hornets,East,Southeast
1037726,2023-11-12,2023,False,3,30,102,94,1,Brooklyn Nets,East,Atlantic,Washington Wizards,East,Southeast
1037727,2023-11-12,2023,False,13,15,101,105,0,LA Clippers,West,Pacific,Memphis Grizzlies,West,Southwest
1037733,2023-11-12,2023,False,24,21,99,111,0,Phoenix Suns,West,Pacific,Oklahoma City Thunder,West,Northwest
1037730,2023-11-12,2023,False,11,8,107,104,1,Houston Rockets,West,Southwest,Denver Nuggets,West,Northwest
1037729,2023-11-12,2023,False,5,9,119,108,1,Chicago Bulls,East,Central,Detroit Pistons,East,Central
1037737,2023-11-13,2023,False,28,30,111,107,1,Toronto Raptors,East,Atlantic,Washington Wizards,East,Southeast
1037738,2023-11-13,2023,False,17,5,118,109,1,Milwaukee Bucks,East,Central,Chicago Bulls,East,Central
1037739,2023-11-13,2023,False,26,6,132,120,1,Sacramento Kings,West,Pacific,Cleveland Cavaliers,East,Central
1037736,2023-11-13,2023,False,2,20,114,98,1,Boston Celtics,East,Atlantic,New York Knicks,East,Atlantic
3277432,2023-11-14,2023,False,8,13,111,108,1,Denver Nuggets,West,Northwest,LA Clippers,West,Pacific
3277425,2023-11-14,2023,False,4,16,105,111,0,Charlotte Hornets,East,Southeast,Miami Heat,East,Southeast
3277431,2023-11-14,2023,False,29,25,115,99,1,Utah Jazz,West,Northwest,Portland Trail Blazers,West,Northwest
3277430,2023-11-14,2023,False,19,7,131,110,1,New Orleans Pelicans,West,Southwest,Dallas Mavericks,West,Southwest
3277426,2023-11-14,2023,False,9,1,120,126,0,Detroit Pistons,East,Central,Atlanta Hawks,East,Southeast
3277429,2023-11-14,2023,False,21,27,123,87,1,Oklahoma City Thunder,West,Northwest,San Antonio Spurs,West,Southwest
3277433,2023-11-14,2023,False,10,18,101,104,0,Golden State Warriors,West,Pacific,Minnesota Timberwolves,West,Northwest
3277434,2023-11-14,2023,False,14,15,134,107,1,Los Angeles Lakers,West,Pacific,Memphis Grizzlies,West,Southwest
3277427,2023-11-14,2023,False,23,12,126,132,0,Philadelphia 76ers,East,Atlantic,Indiana Pacers,East,Central
3277428,2023-11-14,2023,False,3,22,124,104,1,Brooklyn Nets,East,Atlantic,Orlando Magic,East,Southeast
1037756,2023-11-15,2023,False,14,26,110,125,0,Los Angeles Lakers,West,Pacific,Sacramento Kings,West,Pacific
1037755,2023-11-15,2023,False,24,18,133,115,1,Phoenix Suns,West,Pacific,Minnesota Timberwolves,West,Northwest
1037752,2023-11-15,2023,False,23,2,107,117,0,Philadelphia 76ers,East,Atlantic,Boston Celtics,East,Atlantic
1037754,2023-11-15,2023,False,5,22,94,96,0,Chicago Bulls,East,Central,Orlando Magic,East,Southeast
1037757,2023-11-15,2023,False,25,6,95,109,0,Portland Trail Blazers,West,Northwest,Cleveland Cavaliers,East,Central
1037751,2023-11-15,2023,False,1,20,114,116,0,Atlanta Hawks,East,Southeast,New York Knicks,East,Atlantic
1037750,2023-11-15,2023,False,30,7,117,130,0,Washington Wizards,East,Southeast,Dallas Mavericks,West,Southwest
1037753,2023-11-15,2023,False,28,17,112,128,0,Toronto Raptors,East,Atlantic,Milwaukee Bucks,East,Central
1037758,2023-11-16,2023,False,16,3,122,115,1,Miami Heat,East,Southeast,Brooklyn Nets,East,Atlantic
1037759,2023-11-16,2023,False,10,21,109,128,0,Golden State Warriors,West,Pacific,Oklahoma City Thunder,West,Northwest
3277452,2023-11-17,2023,False,19,8,115,110,1,New Orleans Pelicans,West,Southwest,Denver Nuggets,West,Northwest
3277445,2023-11-17,2023,False,4,17,99,130,0,Charlotte Hornets,East,Southeast,Milwaukee Bucks,East,Central
3277447,2023-11-17,2023,False,1,23,116,126,0,Atlanta Hawks,East,Southeast,Philadelphia 76ers,East,Atlantic
3277448,2023-11-17,2023,False,6,9,108,100,1,Cleveland Cavaliers,East,Central,Detroit Pistons,East,Central
3277453,2023-11-17,2023,False,29,24,128,131,0,Utah Jazz,West,Northwest,Phoenix Suns,West,Pacific
3277446,2023-11-17,2023,False,30,20,99,120,0,Washington Wizards,East,Southeast,New York Knicks,East,Atlantic
3277449,2023-11-17,2023,False,28,2,105,108,0,Toronto Raptors,East,Atlantic,Boston Celtics,East,Atlantic
3277450,2023-11-17,2023,False,27,26,120,129,0,San Antonio Spurs,West,Southwest,Sacramento Kings,West,Pacific
3277455,2023-11-17,2023,False,13,11,106,100,1,LA Clippers,West,Pacific,Houston Rockets,West,Southwest
3277454,2023-11-17,2023,False,25,14,95,107,0,Portland Trail Blazers,West,Northwest,Los Angeles Lakers,West,Pacific
3277451,2023-11-17,2023,False,5,22,97,103,0,Chicago Bulls,East,Central,Orlando Magic,East,Southeast
1037775,2023-11-18,2023,False,27,15,108,120,0,San Antonio Spurs,West,Southwest,Memphis Grizzlies,West,Southwest
1037772,2023-11-18,2023,False,19,18,120,121,0,New Orleans Pelicans,West,Southwest,Minnesota Timberwolves,West,Northwest
1037773,2023-11-18,2023,False,5,16,102,97,1,Chicago Bulls,East,Central,Miami Heat,East,Southeast
1037776,2023-11-18,2023,False,10,21,123,130,0,Golden State Warriors,West,Pacific,Oklahoma City Thunder,West,Northwest
1037774,2023-11-18,2023,False,17,7,132,125,1,Milwaukee Bucks,East,Central,Dallas Mavericks,West,Southwest
1037771,2023-11-18,2023,False,4,20,108,122,0,Charlotte Hornets,East,Southeast,New York Knicks,East,Atlantic
1037781,2023-11-19,2023,False,7,26,113,129,0,Dallas Mavericks,West,Southwest,Sacramento Kings,West,Pacific
1037784,2023-11-19,2023,False,25,21,91,134,0,Portland Trail Blazers,West,Northwest,Oklahoma City Thunder,West,Northwest
1037778,2023-11-19,2023,False,12,22,116,128,0,Indiana Pacers,East,Central,Orlando Magic,East,Southeast
1037782,2023-11-19,2023,False,15,2,100,102,0,Memphis Grizzlies,West,Southwest,Boston Celtics,East,Atlantic
1037777,2023-11-19,2023,False,3,23,99,121,0,Brooklyn Nets,East,Atlantic,Philadelphia 76ers,East,Atlantic
1037780,2023-11-19,2023,False,28,9,142,113,1,Toronto Raptors,East,Atlantic,Detroit Pistons,East,Central
1037783,2023-11-19,2023,False,29,24,137,140,0,Utah Jazz,West,Northwest,Phoenix Suns,West,Pacific
1037779,2023-11-19,2023,False,6,8,121,109,1,Cleveland Cavaliers,East,Central,Denver Nuggets,West,Northwest
1037785,2023-11-19,2023,False,14,11,105,104,1,Los Angeles Lakers,West,Pacific,Houston Rockets,West,Southwest
1037787,2023-11-20,2023,False,9,8,103,107,0,Detroit Pistons,East,Central,Denver Nuggets,West,Northwest
1037789,2023-11-20,2023,False,5,16,100,118,0,Chicago Bulls,East,Central,Miami Heat,East,Southeast
1037786,2023-11-20,2023,False,4,2,121,118,1,Charlotte Hornets,East,Southeast,Boston Celtics,East,Atlantic
1037793,2023-11-20,2023,False,10,11,121,116,1,Golden State Warriors,West,Pacific,Houston Rockets,West,Southwest
1037788,2023-11-20,2023,False,30,17,129,142,0,Washington Wizards,East,Southeast,Milwaukee Bucks,East,Central
1037790,2023-11-20,2023,False,18,20,117,100,1,Minnesota Timberwolves,West,Northwest,New York Knicks,East,Atlantic
1037791,2023-11-20,2023,False,19,26,129,93,1,New Orleans Pelicans,West,Southwest,Sacramento Kings,West,Pacific
1037792,2023-11-20,2023,False,27,13,99,124,0,San Antonio Spurs,West,Southwest,LA Clippers,West,Pacific
3277483,2023-11-21,2023,False,14,29,131,99,1,Los Angeles Lakers,West,Pacific,Utah Jazz,West,Northwest
3277481,2023-11-21,2023,False,23,6,119,122,0,Philadelphia 76ers,East,Atlantic,Cleveland Cavaliers,East,Central
3277482,2023-11-21,2023,False,24,25,120,107,1,Phoenix Suns,West,Pacific,Portland Trail Blazers,West,Northwest
3277480,2023-11-21,2023,False,1,12,152,157,0,Atlanta Hawks,East,Southeast,Indiana Pacers,East,Central
3277479,2023-11-21,2023,False,22,28,126,107,1,Orlando Magic,East,Southeast,Toronto Raptors,East,Atlantic
1037800,2023-11-22,2023,False,22,8,124,119,1,Orlando Magic,East,Southeast,Denver Nuggets,West,Northwest
1037807,2023-11-22,2023,False,19,26,117,112,1,New Orleans Pelicans,West,Southwest,Sacramento Kings,West,Pacific
1037804,2023-11-22,2023,False,12,28,131,132,0,Indiana Pacers,East,Central,Toronto Raptors,East,Atlantic
1037806,2023-11-22,2023,False,18,23,112,99,1,Minnesota Timberwolves,West,Northwest,Philadelphia 76ers,East,Atlantic
1037805,2023-11-22,2023,False,11,15,111,91,1,Houston Rockets,West,Southwest,Memphis Grizzlies,West,Southwest
1037809,2023-11-22,2023,False,27,13,102,109,0,San Antonio Spurs,West,Southwest,LA Clippers,West,Pacific
1037803,2023-11-22,2023,False,6,16,96,129,0,Cleveland Cavaliers,East,Central,Miami Heat,East,Southeast
1037812,2023-11-22,2023,False,14,7,101,104,0,Los Angeles Lakers,West,Pacific,Dallas Mavericks,West,Southwest
1037802,2023-11-22,2023,False,2,17,119,116,1,Boston Celtics,East,Atlantic,Milwaukee Bucks,East,Central
1037810,2023-11-22,2023,False,24,10,123,115,1,Phoenix Suns,West,Pacific,Golden State Warriors,West,Pacific
1037811,2023-11-22,2023,False,25,29,121,105,1,Portland Trail Blazers,West,Northwest,Utah Jazz,West,Northwest
1037799,2023-11-22,2023,False,4,30,117,114,1,Charlotte Hornets,East,Southeast,Washington Wizards,East,Southeast
1037808,2023-11-22,2023,False,21,5,116,102,1,Oklahoma City Thunder,West,Northwest,Chicago Bulls,East,Central
1037801,2023-11-22,2023,False,1,3,147,145,1,Atlanta Hawks,East,Southeast,Brooklyn Nets,East,Atlantic
3277505,2023-11-24,2023,False,18,26,111,124,0,Minnesota Timberwolves,West,Northwest,Sacramento Kings,West,Pacific
3277500,2023-11-24,2023,False,20,16,100,98,1,New York Knicks,East,Atlantic,Miami Heat,East,Southeast
3277504,2023-11-24,2023,False,17,30,131,128,1,Milwaukee Bucks,East,Central,Washington Wizards,East,Southeast
3277499,2023-11-24,2023,False,15,24,89,110,0,Memphis Grizzlies,West,Southwest,Phoenix Suns,West,Pacific
3277503,2023-11-24,2023,False,11,8,105,86,1,Houston Rockets,West,Southwest,Denver Nuggets,West,Northwest
3277507,2023-11-24,2023,False,13,19,106,116,0,LA Clippers,West,Pacific,New Orleans Pelicans,West,Southwest
3277502,2023-11-24,2023,False,12,9,136,113,1,Indiana Pacers,East,Central,Detroit Pistons,East,Central
3277506,2023-11-24,2023,False,10,27,118,112,1,Golden State Warriors,West,Pacific,San Antonio Spurs,West,Southwest
3277501,2023-11-24,2023,False,28,5,121,108,1,Toronto Raptors,East,Atlantic,Chicago Bulls,East,Central
3277498,2023-11-24,2023,False,22,2,113,96,1,Orlando Magic,East,Southeast,Boston Celtics,East,Atlantic
1037824,2023-11-25,2023,False,3,16,112,97,1,Brooklyn Nets,East,Atlantic,Miami Heat,East,Southeast
1037825,2023-11-25,2023,False,30,1,108,136,0,Washington Wizards,East,Southeast,Atlanta Hawks,East,Southeast
1037828,2023-11-25,2023,False,13,7,107,88,1,LA Clippers,West,Pacific,Dallas Mavericks,West,Southwest
1037823,2023-11-25,2023,False,21,23,123,127,0,Oklahoma City Thunder,West,Northwest,Philadelphia 76ers,East,Atlantic
1037827,2023-11-25,2023,False,29,19,105,100,1,Utah Jazz,West,Northwest,New Orleans Pelicans,West,Southwest
1037826,2023-11-25,2023,False,6,14,115,121,0,Cleveland Cavaliers,East,Central,Los Angeles Lakers,West,Pacific
1037833,2023-11-26,2023,False,15,18,97,119,0,Memphis Grizzlies,West,Southwest,Minnesota Timberwolves,West,Northwest
1037835,2023-11-26,2023,False,6,28,105,102,1,Cleveland Cavaliers,East,Central,Toronto Raptors,East,Atlantic
1037829,2023-11-26,2023,False,17,25,108,102,1,Milwaukee Bucks,East,Central,Portland Trail Blazers,West,Northwest
1037834,2023-11-26,2023,False,3,5,118,109,1,Brooklyn Nets,East,Atlantic,Chicago Bulls,East,Central
1037832,2023-11-26,2023,False,22,4,130,117,1,Orlando Magic,East,Southeast,Charlotte Hornets,East,Southeast
1037830,2023-11-26,2023,False,2,1,113,103,1,Boston Celtics,East,Atlantic,Atlanta Hawks,East,Southeast
1037831,2023-11-26,2023,False,20,24,113,116,0,New York Knicks,East,Atlantic,Phoenix Suns,West,Pacific
1037836,2023-11-26,2023,False,8,27,132,120,1,Denver Nuggets,West,Northwest,San Antonio Spurs,West,Southwest
1037840,2023-11-27,2023,False,29,19,114,112,1,Utah Jazz,West,Northwest,New Orleans Pelicans,West,Southwest
1037837,2023-11-27,2023,False,9,30,107,126,0,Detroit Pistons,East,Central,Washington Wizards,East,Southeast
1037838,2023-11-27,2023,False,12,25,110,114,0,Indiana Pacers,East,Central,Portland Trail Blazers,West,Northwest
1037839,2023-11-27,2023,False,23,14,138,94,1,Philadelphia 76ers,East,Atlantic,Los Angeles Lakers,West,Pacific
1037841,2023-11-27,2023,False,13,8,104,113,0,LA Clippers,West,Pacific,Denver Nuggets,West,Northwest
3277532,2023-11-28,2023,False,18,21,106,103,1,Minnesota Timberwolves,West,Northwest,Oklahoma City Thunder,West,Northwest
3277531,2023-11-28,2023,False,20,4,115,91,1,New York Knicks,East,Atlantic,Charlotte Hornets,East,Southeast
3277534,2023-11-28,2023,False,26,10,124,123,1,Sacramento Kings,West,Pacific,Golden State Warriors,West,Pacific
3277533,2023-11-28,2023,False,7,11,121,115,1,Dallas Mavericks,West,Southwest,Houston Rockets,West,Southwest
3277528,2023-11-28,2023,False,3,28,115,103,1,Brooklyn Nets,East,Atlantic,Toronto Raptors,East,Atlantic
3277527,2023-11-28,2023,False,2,5,124,97,1,Boston Celtics,East,Atlantic,Chicago Bulls,East,Central
3277530,2023-11-28,2023,False,16,17,124,131,0,Miami Heat,East,Southeast,Milwaukee Bucks,East,Central
3277529,2023-11-28,2023,False,6,1,128,105,1,Cleveland Cavaliers,East,Central,Atlanta Hawks,East,Southeast
1037855,2023-11-29,2023,False,8,11,134,124,1,Denver Nuggets,West,Northwest,Houston Rockets,West,Southwest
1037851,2023-11-29,2023,False,22,30,139,120,1,Orlando Magic,East,Southeast,Washington Wizards,East,Southeast
1037850,2023-11-29,2023,False,9,14,107,133,0,Detroit Pistons,East,Central,Los Angeles Lakers,West,Pacific
1037852,2023-11-29,2023,False,28,24,112,105,1,Toronto Raptors,East,Atlantic,Phoenix Suns,West,Pacific
1037856,2023-11-29,2023,False,26,13,117,131,0,Sacramento Kings,West,Pacific,LA Clippers,West,Pacific
1037853,2023-11-29,2023,False,15,29,105,91,1,Memphis Grizzlies,West,Southwest,Utah Jazz,West,Northwest
1037854,2023-11-29,2023,False,19,23,124,114,1,New Orleans Pelicans,West,Southwest,Philadelphia 76ers,East,Atlantic
1037863,2023-11-30,2023,False,21,14,133,110,1,Oklahoma City Thunder,West,Northwest,Los Angeles Lakers,West,Pacific
1037864,2023-11-30,2023,False,27,1,135,137,0,San Antonio Spurs,West,Southwest,Atlanta Hawks,East,Southeast
1037861,2023-11-30,2023,False,5,17,120,113,1,Chicago Bulls,East,Central,Milwaukee Bucks,East,Central
1037862,2023-11-30,2023,False,18,29,101,90,1,Minnesota Timberwolves,West,Northwest,Utah Jazz,West,Northwest
1037858,2023-11-30,2023,False,3,4,128,129,0,Brooklyn Nets,East,Atlantic,Charlotte Hornets,East,Southeast
1037857,2023-11-30,2023,False,6,25,95,103,0,Cleveland Cavaliers,East,Central,Portland Trail Blazers,West,Northwest
1037860,2023-11-30,2023,False,20,9,118,112,1,New York Knicks,East,Atlantic,Detroit Pistons,East,Central
1037865,2023-11-30,2023,False,10,13,120,114,1,Golden State Warriors,West,Pacific,LA Clippers,West,Pacific
1037859,2023-11-30,2023,False,16,12,142,132,1,Miami Heat,East,Southeast,Indiana Pacers,East,Central
1037869,2023-12-01,2023,False,7,15,94,108,0,Dallas Mavericks,West,Southwest,Memphis Grizzlies,West,Southwest
1037868,2023-12-01,2023,False,28,20,106,119,0,Toronto Raptors,East,Atlantic,New York Knicks,East,Atlantic
1037866,2023-12-01,2023,False,22,30,130,125,1,Orlando Magic,East,Southeast,Washington Wizards,East,Southeast
1037870,2023-12-01,2023,False,19,27,121,106,1,New Orleans Pelicans,West,Southwest,San Antonio Spurs,West,Southwest
1037867,2023-12-01,2023,False,2,23,125,119,1,Boston Celtics,East,Atlantic,Philadelphia 76ers,East,Atlantic
1037871,2023-12-01,2023,False,24,8,111,119,0,Phoenix Suns,West,Pacific,Denver Nuggets,West,Northwest
1037877,2023-12-02,2023,False,5,19,124,118,1,Chicago Bulls,East,Central,New Orleans Pelicans,West,Southwest
1037876,2023-12-02,2023,False,16,12,129,144,0,Miami Heat,East,Southeast,Indiana Pacers,East,Central
1037875,2023-12-02,2023,False,9,6,101,110,0,Detroit Pistons,East,Central,Cleveland Cavaliers,East,Central
1037880,2023-12-02,2023,False,24,15,116,109,1,Phoenix Suns,West,Pacific,Memphis Grizzlies,West,Southwest
1037882,2023-12-02,2023,False,26,8,123,117,1,Sacramento Kings,West,Pacific,Denver Nuggets,West,Northwest
1037883,2023-12-02,2023,False,14,11,107,97,1,Los Angeles Lakers,West,Pacific,Houston Rockets,West,Southwest
1037878,2023-12-02,2023,False,17,1,132,121,1,Milwaukee Bucks,East,Central,Atlanta Hawks,East,Southeast
1037874,2023-12-02,2023,False,3,22,129,101,1,Brooklyn Nets,East,Atlantic,Orlando Magic,East,Southeast
1037873,2023-12-02,2023,False,4,18,117,123,0,Charlotte Hornets,East,Southeast,Minnesota Timberwolves,West,Northwest
1037872,2023-12-02,2023,False,13,10,113,112,1,LA Clippers,West,Pacific,Golden State Warriors,West,Pacific
1037881,2023-12-02,2023,False,29,25,118,113,1,Utah Jazz,West,Northwest,Portland Trail Blazers,West,Northwest
1037879,2023-12-02,2023,False,7,21,120,126,0,Dallas Mavericks,West,Southwest,Oklahoma City Thunder,West,Northwest
7045522,2023-12-04,2023,False,26,19,117,127,0,Sacramento Kings,West,Pacific,New Orleans Pelicans,West,Southwest
7045521,2023-12-04,2023,False,12,2,122,112,1,Indiana Pacers,East,Central,Boston Celtics,East,Atlantic
7045524,2023-12-05,2023,False,14,24,106,103,1,Los Angeles Lakers,West,Pacific,Phoenix Suns,West,Pacific
7045523,2023-12-05,2023,False,17,20,146,122,1,Milwaukee Bucks,East,Central,New York Knicks,East,Atlantic
7049320,2023-12-06,2023,False,11,21,110,101,1,Houston Rockets,West,Southwest,Oklahoma City Thunder,West,Northwest
7049322,2023-12-06,2023,False,10,25,110,106,1,Golden State Warriors,West,Pacific,Portland Trail Blazers,West,Northwest
7049315,2023-12-06,2023,False,28,16,103,112,0,Toronto Raptors,East,Atlantic,Miami Heat,East,Southeast
7049314,2023-12-06,2023,False,9,15,102,116,0,Detroit Pistons,East,Central,Memphis Grizzlies,West,Southwest
7049313,2023-12-06,2023,False,6,22,121,111,1,Cleveland Cavaliers,East,Central,Orlando Magic,East,Southeast
7049321,2023-12-06,2023,False,7,29,147,97,1,Dallas Mavericks,West,Southwest,Utah Jazz,West,Northwest
7049323,2023-12-06,2023,False,13,8,111,102,1,LA Clippers,West,Pacific,Denver Nuggets,West,Northwest
7049318,2023-12-06,2023,False,18,27,102,94,1,Minnesota Timberwolves,West,Northwest,San Antonio Spurs,West,Southwest
7049317,2023-12-06,2023,False,1,3,113,114,0,Atlanta Hawks,East,Southeast,Brooklyn Nets,East,Atlantic
7049319,2023-12-06,2023,False,5,4,111,100,1,Chicago Bulls,East,Central,Charlotte Hornets,East,Southeast
7049316,2023-12-06,2023,False,30,23,126,131,0,Washington Wizards,East,Southeast,Philadelphia 76ers,East,Atlantic
7996352,2023-12-07,2023,False,14,19,133,89,1,Los Angeles Lakers,West,Pacific,New Orleans Pelicans,West,Southwest
7981414,2023-12-07,2023,False,17,12,119,128,0,Milwaukee Bucks,East,Central,Indiana Pacers,East,Central
7050289,2023-12-08,2023,False,27,5,112,121,0,San Antonio Spurs,West,Southwest,Chicago Bulls,East,Central
7050287,2023-12-08,2023,False,15,18,103,127,0,Memphis Grizzlies,West,Southwest,Minnesota Timberwolves,West,Northwest
7996365,2023-12-08,2023,False,24,26,106,114,0,Phoenix Suns,West,Pacific,Sacramento Kings,West,Pacific
7050291,2023-12-08,2023,False,29,13,103,117,0,Utah Jazz,West,Northwest,LA Clippers,West,Pacific
7050284,2023-12-08,2023,False,23,1,125,114,1,Philadelphia 76ers,East,Atlantic,Atlanta Hawks,East,Southeast
7050286,2023-12-08,2023,False,16,6,99,111,0,Miami Heat,East,Southeast,Cleveland Cavaliers,East,Central
7050288,2023-12-08,2023,False,21,10,138,136,1,Oklahoma City Thunder,West,Northwest,Golden State Warriors,West,Pacific
7981426,2023-12-08,2023,False,2,20,133,123,1,Boston Celtics,East,Atlantic,New York Knicks,East,Atlantic
7050283,2023-12-08,2023,False,22,9,123,91,1,Orlando Magic,East,Southeast,Detroit Pistons,East,Central
7050290,2023-12-08,2023,False,8,11,106,114,0,Denver Nuggets,West,Northwest,Houston Rockets,West,Southwest
7050285,2023-12-08,2023,False,3,30,124,97,1,Brooklyn Nets,East,Atlantic,Washington Wizards,East,Southeast
7050292,2023-12-08,2023,False,25,7,112,125,0,Portland Trail Blazers,West,Northwest,Dallas Mavericks,West,Southwest
7050282,2023-12-08,2023,False,4,28,119,116,1,Charlotte Hornets,East,Southeast,Toronto Raptors,East,Atlantic
8258317,2023-12-09,2023,False,14,12,123,109,1,Los Angeles Lakers,West,Pacific,Indiana Pacers,East,Central
1037893,2023-12-11,2023,False,19,18,121,107,1,New Orleans Pelicans,West,Southwest,Minnesota Timberwolves,West,Northwest
1037891,2023-12-11,2023,False,15,7,113,120,0,Memphis Grizzlies,West,Southwest,Dallas Mavericks,West,Southwest
1037884,2023-12-11,2023,False,4,16,114,116,0,Charlotte Hornets,East,Southeast,Miami Heat,East,Southeast
1037889,2023-12-11,2023,False,20,28,136,130,1,New York Knicks,East,Atlantic,Toronto Raptors,East,Atlantic
1037890,2023-12-11,2023,False,11,27,93,82,1,Houston Rockets,West,Southwest,San Antonio Spurs,West,Southwest
1037892,2023-12-11,2023,False,17,5,133,129,1,Milwaukee Bucks,East,Central,Chicago Bulls,East,Central
1037896,2023-12-11,2023,False,13,25,132,127,1,LA Clippers,West,Pacific,Portland Trail Blazers,West,Northwest
1037886,2023-12-11,2023,False,22,6,104,94,1,Orlando Magic,East,Southeast,Cleveland Cavaliers,East,Central
1037895,2023-12-11,2023,False,26,3,131,118,1,Sacramento Kings,West,Pacific,Brooklyn Nets,East,Atlantic
1037888,2023-12-11,2023,False,1,8,122,129,0,Atlanta Hawks,East,Southeast,Denver Nuggets,West,Northwest
1037887,2023-12-11,2023,False,23,30,146,101,1,Philadelphia 76ers,East,Atlantic,Washington Wizards,East,Southeast
1037894,2023-12-11,2023,False,21,29,134,120,1,Oklahoma City Thunder,West,Northwest,Utah Jazz,West,Northwest
1037885,2023-12-11,2023,False,9,12,123,131,0,Detroit Pistons,East,Central,Indiana Pacers,East,Central
1037899,2023-12-12,2023,False,5,8,106,114,0,Chicago Bulls,East,Central,Denver Nuggets,West,Northwest
1037898,2023-12-12,2023,False,7,14,127,125,1,Dallas Mavericks,West,Southwest,Los Angeles Lakers,West,Pacific
1037901,2023-12-12,2023,False,13,26,119,99,1,LA Clippers,West,Pacific,Sacramento Kings,West,Pacific
1037900,2023-12-12,2023,False,24,10,119,116,1,Phoenix Suns,West,Pacific,Golden State Warriors,West,Pacific
1037897,2023-12-12,2023,False,2,6,120,113,1,Boston Celtics,East,Atlantic,Cleveland Cavaliers,East,Central
1037910,2023-12-13,2023,False,29,20,117,113,1,Utah Jazz,West,Northwest,New York Knicks,East,Atlantic
1037908,2023-12-13,2023,False,27,14,119,122,0,San Antonio Spurs,West,Southwest,Los Angeles Lakers,West,Pacific
1037907,2023-12-13,2023,False,17,12,140,126,1,Milwaukee Bucks,East,Central,Indiana Pacers,East,Central
1037909,2023-12-13,2023,False,24,3,112,116,0,Phoenix Suns,West,Pacific,Brooklyn Nets,East,Atlantic
1037905,2023-12-13,2023,False,28,1,135,128,1,Toronto Raptors,East,Atlantic,Atlanta Hawks,East,Southeast
1037904,2023-12-13,2023,False,16,4,115,104,1,Miami Heat,East,Southeast,Charlotte Hornets,East,Southeast
1037903,2023-12-13,2023,False,30,19,122,142,0,Washington Wizards,East,Southeast,New Orleans Pelicans,West,Southwest
1037902,2023-12-13,2023,False,9,23,111,129,0,Detroit Pistons,East,Central,Philadelphia 76ers,East,Atlantic
1037906,2023-12-13,2023,False,11,15,117,104,1,Houston Rockets,West,Southwest,Memphis Grizzlies,West,Southwest
1037913,2023-12-14,2023,False,7,18,101,119,0,Dallas Mavericks,West,Southwest,Minnesota Timberwolves,West,Northwest
1037916,2023-12-14,2023,False,26,21,128,123,1,Sacramento Kings,West,Pacific,Oklahoma City Thunder,West,Northwest
1037917,2023-12-14,2023,False,13,10,121,113,1,LA Clippers,West,Pacific,Golden State Warriors,West,Pacific
1037914,2023-12-14,2023,False,8,3,124,101,1,Denver Nuggets,West,Northwest,Brooklyn Nets,East,Atlantic
1037911,2023-12-14,2023,False,2,6,116,107,1,Boston Celtics,East,Atlantic,Cleveland Cavaliers,East,Central
1037915,2023-12-14,2023,False,25,29,114,122,0,Portland Trail Blazers,West,Northwest,Utah Jazz,West,Northwest
1037912,2023-12-14,2023,False,16,5,116,124,0,Miami Heat,East,Southeast,Chicago Bulls,East,Central
1037922,2023-12-15,2023,False,28,1,104,125,0,Toronto Raptors,East,Atlantic,Atlanta Hawks,East,Southeast
1037918,2023-12-15,2023,False,4,19,107,112,0,Charlotte Hornets,East,Southeast,New Orleans Pelicans,West,Southwest
1037925,2023-12-15,2023,False,24,20,122,139,0,Phoenix Suns,West,Pacific,New York Knicks,East,Atlantic
1037921,2023-12-15,2023,False,2,22,128,111,1,Boston Celtics,East,Atlantic,Orlando Magic,East,Southeast
1037920,2023-12-15,2023,False,30,12,137,123,1,Washington Wizards,East,Southeast,Indiana Pacers,East,Central
1037919,2023-12-15,2023,False,23,9,124,92,1,Philadelphia 76ers,East,Atlantic,Detroit Pistons,East,Central
1037923,2023-12-15,2023,False,27,14,129,115,1,San Antonio Spurs,West,Southwest,Los Angeles Lakers,West,Pacific
1037924,2023-12-15,2023,False,15,11,96,103,0,Memphis Grizzlies,West,Southwest,Houston Rockets,West,Southwest
1037934,2023-12-16,2023,False,26,29,125,104,1,Sacramento Kings,West,Pacific,Utah Jazz,West,Northwest
1037930,2023-12-16,2023,False,18,12,127,109,1,Minnesota Timberwolves,West,Northwest,Indiana Pacers,East,Central
1037935,2023-12-16,2023,False,13,20,144,122,1,LA Clippers,West,Pacific,New York Knicks,East,Atlantic
1037926,2023-12-16,2023,False,17,9,146,114,1,Milwaukee Bucks,East,Central,Detroit Pistons,East,Central
1037927,2023-12-16,2023,False,4,23,82,135,0,Charlotte Hornets,East,Southeast,Philadelphia 76ers,East,Atlantic
1037928,2023-12-16,2023,False,6,1,127,119,1,Cleveland Cavaliers,East,Central,Atlanta Hawks,East,Southeast
1037933,2023-12-16,2023,False,25,7,120,131,0,Portland Trail Blazers,West,Northwest,Dallas Mavericks,West,Southwest
1037932,2023-12-16,2023,False,8,21,117,118,0,Denver Nuggets,West,Northwest,Oklahoma City Thunder,West,Northwest
1037931,2023-12-16,2023,False,10,3,124,120,1,Golden State Warriors,West,Pacific,Brooklyn Nets,East,Atlantic
1037929,2023-12-16,2023,False,16,5,118,116,1,Miami Heat,East,Southeast,Chicago Bulls,East,Central
1037936,2023-12-17,2023,False,2,22,114,97,1,Boston Celtics,East,Atlantic,Orlando Magic,East,Southeast
1037940,2023-12-17,2023,False,25,10,114,118,0,Portland Trail Blazers,West,Northwest,Golden State Warriors,West,Pacific
1037939,2023-12-17,2023,False,24,30,112,108,1,Phoenix Suns,West,Pacific,Washington Wizards,East,Southeast
1037938,2023-12-17,2023,False,17,11,128,119,1,Milwaukee Bucks,East,Central,Houston Rockets,West,Southwest
1037937,2023-12-17,2023,False,27,19,110,146,0,San Antonio Spurs,West,Southwest,New Orleans Pelicans,West,Southwest
1037948,2023-12-18,2023,False,8,7,130,104,1,Denver Nuggets,West,Northwest,Dallas Mavericks,West,Southwest
1037950,2023-12-18,2023,False,26,30,143,131,1,Sacramento Kings,West,Pacific,Washington Wizards,East,Southeast
1037945,2023-12-18,2023,False,16,18,108,112,0,Miami Heat,East,Southeast,Minnesota Timberwolves,West,Northwest
1037949,2023-12-18,2023,False,29,3,125,108,1,Utah Jazz,West,Northwest,Brooklyn Nets,East,Atlantic
1037946,2023-12-18,2023,False,28,4,114,99,1,Toronto Raptors,East,Atlantic,Charlotte Hornets,East,Southeast
1037943,2023-12-18,2023,False,23,5,104,108,0,Philadelphia 76ers,East,Atlantic,Chicago Bulls,East,Central
1037942,2023-12-18,2023,False,12,13,127,151,0,Indiana Pacers,East,Central,LA Clippers,West,Pacific
1037947,2023-12-18,2023,False,21,15,116,97,1,Oklahoma City Thunder,West,Northwest,Memphis Grizzlies,West,Southwest
1037951,2023-12-18,2023,False,14,20,109,114,0,Los Angeles Lakers,West,Pacific,New York Knicks,East,Atlantic
1037944,2023-12-18,2023,False,1,9,130,124,1,Atlanta Hawks,East,Southeast,Detroit Pistons,East,Central
1037941,2023-12-18,2023,False,6,11,135,130,1,Cleveland Cavaliers,East,Central,Houston Rockets,West,Southwest
1037952,2023-12-19,2023,False,19,15,113,115,0,New Orleans Pelicans,West,Southwest,Memphis Grizzlies,West,Southwest
1037953,2023-12-19,2023,False,17,27,132,119,1,Milwaukee Bucks,East,Central,San Antonio Spurs,West,Southwest
1037955,2023-12-19,2023,False,25,24,109,104,1,Portland Trail Blazers,West,Northwest,Phoenix Suns,West,Pacific
1037954,2023-12-19,2023,False,10,2,132,126,1,Golden State Warriors,West,Pacific,Boston Celtics,East,Atlantic
1037956,2023-12-20,2023,False,6,29,124,116,1,Cleveland Cavaliers,East,Central,Utah Jazz,West,Northwest
1037958,2023-12-20,2023,False,22,16,106,115,0,Orlando Magic,East,Southeast,Miami Heat,East,Southeast
1037962,2023-12-20,2023,False,5,14,124,108,1,Chicago Bulls,East,Central,Los Angeles Lakers,West,Pacific
1037957,2023-12-20,2023,False,12,4,144,113,1,Indiana Pacers,East,Central,Charlotte Hornets,East,Southeast
1037965,2023-12-20,2023,False,26,2,119,144,0,Sacramento Kings,West,Pacific,Boston Celtics,East,Atlantic
1037959,2023-12-20,2023,False,23,18,127,113,1,Philadelphia 76ers,East,Atlantic,Minnesota Timberwolves,West,Northwest
1037963,2023-12-20,2023,False,11,1,127,134,0,Houston Rockets,West,Southwest,Atlanta Hawks,East,Southeast
1037964,2023-12-20,2023,False,7,13,111,120,0,Dallas Mavericks,West,Southwest,LA Clippers,West,Pacific
1037961,2023-12-20,2023,False,28,8,104,113,0,Toronto Raptors,East,Atlantic,Denver Nuggets,West,Northwest
1037960,2023-12-20,2023,False,3,20,102,121,0,Brooklyn Nets,East,Atlantic,New York Knicks,East,Atlantic
1037970,2023-12-21,2023,False,17,22,118,114,1,Milwaukee Bucks,East,Central,Orlando Magic,East,Southeast
1037966,2023-12-21,2023,False,9,29,111,119,0,Detroit Pistons,East,Central,Utah Jazz,West,Northwest
1037967,2023-12-21,2023,False,6,19,104,123,0,Cleveland Cavaliers,East,Central,New Orleans Pelicans,West,Southwest
1037973,2023-12-21,2023,False,25,30,117,118,0,Portland Trail Blazers,West,Northwest,Washington Wizards,East,Southeast
1037969,2023-12-21,2023,False,15,12,116,103,1,Memphis Grizzlies,West,Southwest,Indiana Pacers,East,Central
1037971,2023-12-21,2023,False,21,13,134,115,1,Oklahoma City Thunder,West,Northwest,LA Clippers,West,Pacific
1037968,2023-12-21,2023,False,5,27,114,95,1,Chicago Bulls,East,Central,San Antonio Spurs,West,Southwest
1037972,2023-12-21,2023,False,18,14,118,111,1,Minnesota Timberwolves,West,Northwest,Los Angeles Lakers,West,Pacific
1037977,2023-12-22,2023,False,11,7,122,96,1,Houston Rockets,West,Southwest,Dallas Mavericks,West,Southwest
1037975,2023-12-22,2023,False,3,8,117,122,0,Brooklyn Nets,East,Atlantic,Denver Nuggets,West,Northwest
1037976,2023-12-22,2023,False,16,1,122,113,1,Miami Heat,East,Southeast,Atlanta Hawks,East,Southeast
1037979,2023-12-22,2023,False,26,24,120,105,1,Sacramento Kings,West,Pacific,Phoenix Suns,West,Pacific
1037978,2023-12-22,2023,False,10,30,129,118,1,Golden State Warriors,West,Pacific,Washington Wizards,East,Southeast
1037974,2023-12-22,2023,False,23,28,121,111,1,Philadelphia 76ers,East,Atlantic,Toronto Raptors,East,Atlantic
1037991,2023-12-23,2023,False,10,25,126,106,1,Golden State Warriors,West,Pacific,Portland Trail Blazers,West,Northwest
1037987,2023-12-23,2023,False,28,29,119,126,0,Toronto Raptors,East,Atlantic,Utah Jazz,West,Northwest
1037984,2023-12-23,2023,False,19,11,104,106,0,New Orleans Pelicans,West,Southwest,Houston Rockets,West,Southwest
1037986,2023-12-23,2023,False,3,9,126,115,1,Brooklyn Nets,East,Atlantic,Detroit Pistons,East,Central
1037990,2023-12-23,2023,False,7,27,144,119,1,Dallas Mavericks,West,Southwest,San Antonio Spurs,West,Southwest
1037985,2023-12-23,2023,False,1,15,119,125,0,Atlanta Hawks,East,Southeast,Memphis Grizzlies,West,Southwest
1037992,2023-12-23,2023,False,26,18,98,110,0,Sacramento Kings,West,Pacific,Minnesota Timberwolves,West,Northwest
1037988,2023-12-23,2023,False,5,6,95,109,0,Chicago Bulls,East,Central,Cleveland Cavaliers,East,Central
1037983,2023-12-23,2023,False,12,22,110,117,0,Indiana Pacers,East,Central,Orlando Magic,East,Southeast
1037982,2023-12-23,2023,False,4,8,95,102,0,Charlotte Hornets,East,Southeast,Denver Nuggets,West,Northwest
1037989,2023-12-23,2023,False,21,14,120,129,0,Oklahoma City Thunder,West,Northwest,Los Angeles Lakers,West,Pacific
1037980,2023-12-23,2023,False,20,17,111,130,0,New York Knicks,East,Atlantic,Milwaukee Bucks,East,Central
1037981,2023-12-23,2023,False,13,2,108,145,0,LA Clippers,West,Pacific,Boston Celtics,East,Atlantic
1037997,2023-12-25,2023,False,24,7,114,128,0,Phoenix Suns,West,Pacific,Dallas Mavericks,West,Southwest
1037993,2023-12-25,2023,False,20,17,129,122,1,New York Knicks,East,Atlantic,Milwaukee Bucks,East,Central
1037996,2023-12-25,2023,False,16,23,119,113,1,Miami Heat,East,Southeast,Philadelphia 76ers,East,Atlantic
1037994,2023-12-25,2023,False,8,10,120,114,1,Denver Nuggets,West,Northwest,Golden State Warriors,West,Pacific
1037995,2023-12-25,2023,False,14,2,115,126,0,Los Angeles Lakers,West,Pacific,Boston Celtics,East,Atlantic
1038004,2023-12-26,2023,False,27,29,118,130,0,San Antonio Spurs,West,Southwest,Utah Jazz,West,Northwest
1038000,2023-12-26,2023,False,5,1,118,113,1,Chicago Bulls,East,Central,Atlanta Hawks,East,Southeast
1038002,2023-12-26,2023,False,19,15,115,116,0,New Orleans Pelicans,West,Southwest,Memphis Grizzlies,West,Southwest
1038005,2023-12-26,2023,False,25,26,130,113,1,Portland Trail Blazers,West,Northwest,Sacramento Kings,West,Pacific
1038006,2023-12-26,2023,False,13,4,113,104,1,LA Clippers,West,Pacific,Charlotte Hornets,East,Southeast
1037998,2023-12-26,2023,False,9,3,112,118,0,Detroit Pistons,East,Central,Brooklyn Nets,East,Atlantic
1038003,2023-12-26,2023,False,21,18,129,106,1,Oklahoma City Thunder,West,Northwest,Minnesota Timberwolves,West,Northwest
1037999,2023-12-26,2023,False,30,22,119,127,0,Washington Wizards,East,Southeast,Orlando Magic,East,Southeast
1038001,2023-12-26,2023,False,11,12,117,123,0,Houston Rockets,West,Southwest,Indiana Pacers,East,Central
1038010,2023-12-27,2023,False,11,24,113,129,0,Houston Rockets,West,Southwest,Phoenix Suns,West,Pacific
1038008,2023-12-27,2023,False,30,28,102,132,0,Washington Wizards,East,Southeast,Toronto Raptors,East,Atlantic
1038012,2023-12-27,2023,False,7,6,110,113,0,Dallas Mavericks,West,Southwest,Cleveland Cavaliers,East,Central
1038011,2023-12-27,2023,False,21,20,129,120,1,Oklahoma City Thunder,West,Northwest,New York Knicks,East,Atlantic
1038009,2023-12-27,2023,False,3,17,122,144,0,Brooklyn Nets,East,Atlantic,Milwaukee Bucks,East,Central
1038007,2023-12-27,2023,False,22,23,92,112,0,Orlando Magic,East,Southeast,Philadelphia 76ers,East,Atlantic
1038015,2023-12-28,2023,False,18,7,118,110,1,Minnesota Timberwolves,West,Northwest,Dallas Mavericks,West,Southwest
1038018,2023-12-28,2023,False,10,16,102,114,0,Golden State Warriors,West,Pacific,Miami Heat,East,Southeast
1038020,2023-12-28,2023,False,14,4,133,112,1,Los Angeles Lakers,West,Pacific,Charlotte Hornets,East,Southeast
1038019,2023-12-28,2023,False,25,27,105,118,0,Portland Trail Blazers,West,Northwest,San Antonio Spurs,West,Southwest
1038014,2023-12-28,2023,False,5,12,104,120,0,Chicago Bulls,East,Central,Indiana Pacers,East,Central
1038013,2023-12-28,2023,False,2,9,128,122,1,Boston Celtics,East,Atlantic,Detroit Pistons,East,Central
1038016,2023-12-28,2023,False,19,29,112,105,1,New Orleans Pelicans,West,Southwest,Utah Jazz,West,Northwest
1038017,2023-12-28,2023,False,8,15,142,105,1,Denver Nuggets,West,Northwest,Memphis Grizzlies,West,Southwest
1038025,2023-12-29,2023,False,6,17,111,119,0,Cleveland Cavaliers,East,Central,Milwaukee Bucks,East,Central
1038021,2023-12-29,2023,False,22,20,117,108,1,Orlando Magic,East,Southeast,New York Knicks,East,Atlantic
1038023,2023-12-29,2023,False,1,26,110,117,0,Atlanta Hawks,East,Southeast,Sacramento Kings,West,Pacific
1038024,2023-12-29,2023,False,2,28,120,118,1,Boston Celtics,East,Atlantic,Toronto Raptors,East,Atlantic
1038022,2023-12-29,2023,False,30,3,110,104,1,Washington Wizards,East,Southeast,Brooklyn Nets,East,Atlantic
1038030,2023-12-29,2023,False,13,15,117,106,1,LA Clippers,West,Pacific,Memphis Grizzlies,West,Southwest
1038027,2023-12-29,2023,False,8,21,93,119,0,Denver Nuggets,West,Northwest,Oklahoma City Thunder,West,Northwest
1038028,2023-12-29,2023,False,24,4,133,119,1,Phoenix Suns,West,Pacific,Charlotte Hornets,East,Southeast
1038029,2023-12-29,2023,False,25,27,134,128,1,Portland Trail Blazers,West,Northwest,San Antonio Spurs,West,Southwest
1038026,2023-12-29,2023,False,11,23,127,131,0,Houston Rockets,West,Southwest,Philadelphia 76ers,East,Atlantic
1038033,2023-12-30,2023,False,12,20,140,126,1,Indiana Pacers,East,Central,New York Knicks,East,Atlantic
1038036,2023-12-30,2023,False,10,7,122,132,0,Golden State Warriors,West,Pacific,Dallas Mavericks,West,Southwest
1038032,2023-12-30,2023,False,9,28,129,127,1,Detroit Pistons,East,Central,Toronto Raptors,East,Atlantic
1038034,2023-12-30,2023,False,5,23,105,92,1,Chicago Bulls,East,Central,Philadelphia 76ers,East,Atlantic
1038031,2023-12-30,2023,False,29,16,117,109,1,Utah Jazz,West,Northwest,Miami Heat,East,Southeast
1038035,2023-12-30,2023,False,18,14,108,106,1,Minnesota Timberwolves,West,Northwest,Los Angeles Lakers,West,Pacific
1038040,2023-12-31,2023,False,27,2,101,134,0,San Antonio Spurs,West,Southwest,Boston Celtics,East,Atlantic
1038041,2023-12-31,2023,False,15,26,92,123,0,Memphis Grizzlies,West,Southwest,Sacramento Kings,West,Pacific
1038039,2023-12-31,2023,False,21,3,124,108,1,Oklahoma City Thunder,West,Northwest,Brooklyn Nets,East,Atlantic
1038042,2023-12-31,2023,False,24,22,112,107,1,Phoenix Suns,West,Pacific,Orlando Magic,East,Southeast
1038037,2023-12-31,2023,False,30,1,126,130,0,Washington Wizards,East,Southeast,Atlanta Hawks,East,Southeast
1038038,2023-12-31,2023,False,19,14,129,109,1,New Orleans Pelicans,West,Southwest,Los Angeles Lakers,West,Pacific
1038047,2024-01-01,2023,False,8,4,111,93,1,Denver Nuggets,West,Northwest,Charlotte Hornets,East,Southeast
1038048,2024-01-01,2023,False,24,25,109,88,1,Phoenix Suns,West,Pacific,Portland Trail Blazers,West,Northwest
1038045,2024-01-01,2023,False,11,9,136,113,1,Houston Rockets,West,Southwest,Detroit Pistons,East,Central
1038046,2024-01-01,2023,False,17,12,113,122,0,Milwaukee Bucks,East,Central,Indiana Pacers,East,Central
1038050,2024-01-01,2023,False,13,16,121,104,1,LA Clippers,West,Pacific,Miami Heat,East,Southeast
1038043,2024-01-01,2023,False,20,18,112,106,1,New York Knicks,East,Atlantic,Minnesota Timberwolves,West,Northwest
1038049,2024-01-01,2023,False,29,7,127,90,1,Utah Jazz,West,Northwest,Dallas Mavericks,West,Southwest
1038044,2024-01-01,2023,False,28,6,124,121,1,Toronto Raptors,East,Atlantic,Cleveland Cavaliers,East,Central
1038053,2024-01-02,2023,False,19,3,112,85,1,New Orleans Pelicans,West,Southwest,Brooklyn Nets,East,Atlantic
1038055,2024-01-02,2023,False,10,22,121,115,1,Golden State Warriors,West,Pacific,Orlando Magic,East,Southeast
1038054,2024-01-02,2023,False,21,2,127,123,1,Oklahoma City Thunder,West,Northwest,Boston Celtics,East,Atlantic
1038051,2024-01-02,2023,False,23,5,110,97,1,Philadelphia 76ers,East,Atlantic,Chicago Bulls,East,Central
1038056,2024-01-02,2023,False,26,4,104,111,0,Sacramento Kings,West,Pacific,Charlotte Hornets,East,Southeast
1038052,2024-01-02,2023,False,15,27,106,98,1,Memphis Grizzlies,West,Southwest,San Antonio Spurs,West,Southwest
1038063,2024-01-03,2023,False,18,19,106,117,0,Minnesota Timberwolves,West,Northwest,New Orleans Pelicans,West,Southwest
1038057,2024-01-03,2023,False,6,30,140,101,1,Cleveland Cavaliers,East,Central,Washington Wizards,East,Southeast
1038065,2024-01-03,2023,False,24,13,122,131,0,Phoenix Suns,West,Pacific,LA Clippers,West,Pacific
1038068,2024-01-03,2023,False,26,22,138,135,1,Sacramento Kings,West,Pacific,Orlando Magic,East,Southeast
1038066,2024-01-03,2023,False,29,9,154,148,1,Utah Jazz,West,Northwest,Detroit Pistons,East,Central
1038062,2024-01-03,2023,False,15,28,111,116,0,Memphis Grizzlies,West,Southwest,Toronto Raptors,East,Atlantic
1038059,2024-01-03,2023,False,1,21,141,138,1,Atlanta Hawks,East,Southeast,Oklahoma City Thunder,West,Northwest
1038058,2024-01-03,2023,False,12,17,142,130,1,Indiana Pacers,East,Central,Milwaukee Bucks,East,Central
1038061,2024-01-03,2023,False,11,3,112,101,1,Houston Rockets,West,Southwest,Brooklyn Nets,East,Atlantic
1038064,2024-01-03,2023,False,7,25,126,97,1,Dallas Mavericks,West,Southwest,Portland Trail Blazers,West,Northwest
1038060,2024-01-03,2023,False,20,5,116,100,1,New York Knicks,East,Atlantic,Chicago Bulls,East,Central
1038067,2024-01-03,2023,False,14,16,96,110,0,Los Angeles Lakers,West,Pacific,Miami Heat,East,Southeast
1038069,2024-01-04,2023,False,27,17,121,125,0,San Antonio Spurs,West,Southwest,Milwaukee Bucks,East,Central
1038070,2024-01-04,2023,False,10,8,127,130,0,Golden State Warriors,West,Pacific,Denver Nuggets,West,Northwest
1038075,2024-01-05,2023,False,23,20,92,128,0,Philadelphia 76ers,East,Atlantic,New York Knicks,East,Atlantic
1038081,2024-01-05,2023,False,24,16,113,97,1,Phoenix Suns,West,Pacific,Miami Heat,East,Southeast
1038079,2024-01-05,2023,False,7,25,139,103,1,Dallas Mavericks,West,Southwest,Portland Trail Blazers,West,Northwest
1038080,2024-01-05,2023,False,8,22,120,122,0,Denver Nuggets,West,Northwest,Orlando Magic,East,Southeast
1038074,2024-01-05,2023,False,6,30,114,90,1,Cleveland Cavaliers,East,Central,Washington Wizards,East,Southeast
1038072,2024-01-05,2023,False,12,1,150,116,1,Indiana Pacers,East,Central,Atlanta Hawks,East,Southeast
1038078,2024-01-05,2023,False,19,13,95,111,0,New Orleans Pelicans,West,Southwest,LA Clippers,West,Pacific
1038071,2024-01-05,2023,False,2,29,126,97,1,Boston Celtics,East,Atlantic,Utah Jazz,West,Northwest
1038076,2024-01-05,2023,False,5,4,104,91,1,Chicago Bulls,East,Central,Charlotte Hornets,East,Southeast
1038082,2024-01-05,2023,False,10,9,113,109,1,Golden State Warriors,West,Pacific,Detroit Pistons,East,Central
1038077,2024-01-05,2023,False,11,18,95,122,0,Houston Rockets,West,Southwest,Minnesota Timberwolves,West,Northwest
1038084,2024-01-05,2023,False,26,28,135,130,1,Sacramento Kings,West,Pacific,Toronto Raptors,East,Atlantic
1038083,2024-01-05,2023,False,14,15,113,127,0,Los Angeles Lakers,West,Pacific,Memphis Grizzlies,West,Southwest
1038073,2024-01-05,2023,False,3,21,124,115,1,Brooklyn Nets,East,Atlantic,Oklahoma City Thunder,West,Northwest
1038085,2024-01-06,2023,False,12,2,101,118,0,Indiana Pacers,East,Central,Boston Celtics,East,Atlantic
1038087,2024-01-06,2023,False,23,29,109,120,0,Philadelphia 76ers,East,Atlantic,Utah Jazz,West,Northwest
1038088,2024-01-06,2023,False,11,17,112,108,1,Houston Rockets,West,Southwest,Milwaukee Bucks,East,Central
1038086,2024-01-06,2023,False,30,20,105,121,0,Washington Wizards,East,Southeast,New York Knicks,East,Atlantic
1038094,2024-01-07,2023,False,8,9,131,114,1,Denver Nuggets,West,Northwest,Detroit Pistons,East,Central
1038095,2024-01-07,2023,False,24,15,115,121,0,Phoenix Suns,West,Pacific,Memphis Grizzlies,West,Southwest
1038096,2024-01-07,2023,False,10,28,118,133,0,Golden State Warriors,West,Pacific,Toronto Raptors,East,Atlantic
1038091,2024-01-07,2023,False,22,1,117,110,1,Orlando Magic,East,Southeast,Atlanta Hawks,East,Southeast
1038092,2024-01-07,2023,False,26,19,100,133,0,Sacramento Kings,West,Pacific,New Orleans Pelicans,West,Southwest
1038089,2024-01-07,2023,False,6,27,117,115,1,Cleveland Cavaliers,East,Central,San Antonio Spurs,West,Southwest
1038097,2024-01-07,2023,False,14,13,106,103,1,Los Angeles Lakers,West,Pacific,LA Clippers,West,Pacific
1038090,2024-01-07,2023,False,3,25,127,134,0,Brooklyn Nets,East,Atlantic,Portland Trail Blazers,West,Northwest
1038093,2024-01-07,2023,False,7,18,115,108,1,Dallas Mavericks,West,Southwest,Minnesota Timberwolves,West,Northwest
1038098,2024-01-08,2023,False,4,5,112,119,0,Charlotte Hornets,East,Southeast,Chicago Bulls,East,Central
1038099,2024-01-08,2023,False,12,2,133,131,1,Indiana Pacers,East,Central,Boston Celtics,East,Atlantic
1038102,2024-01-08,2023,False,17,29,116,132,0,Milwaukee Bucks,East,Central,Utah Jazz,West,Northwest
1038100,2024-01-08,2023,False,30,21,128,136,0,Washington Wizards,East,Southeast,Oklahoma City Thunder,West,Northwest
1038103,2024-01-08,2023,False,13,24,138,111,1,LA Clippers,West,Pacific,Phoenix Suns,West,Pacific
1038101,2024-01-08,2023,False,16,11,120,113,1,Miami Heat,East,Southeast,Houston Rockets,West,Southwest
1038104,2024-01-09,2023,False,9,26,110,131,0,Detroit Pistons,East,Central,Sacramento Kings,West,Pacific
1038106,2024-01-09,2023,False,20,25,112,84,1,New York Knicks,East,Atlantic,Portland Trail Blazers,West,Northwest
1038108,2024-01-09,2023,False,14,28,132,131,1,Los Angeles Lakers,West,Pacific,Toronto Raptors,East,Atlantic
1038105,2024-01-09,2023,False,22,18,92,113,0,Orlando Magic,East,Southeast,Minnesota Timberwolves,West,Northwest
1038107,2024-01-09,2023,False,7,15,103,120,0,Dallas Mavericks,West,Southwest,Memphis Grizzlies,West,Southwest
1038118,2024-01-10,2023,False,13,28,126,120,1,LA Clippers,West,Pacific,Toronto Raptors,East,Atlantic
1038110,2024-01-10,2023,False,4,26,98,123,0,Charlotte Hornets,East,Southeast,Sacramento Kings,West,Pacific
1038117,2024-01-10,2023,False,10,19,105,141,0,Golden State Warriors,West,Pacific,New Orleans Pelicans,West,Southwest
1038115,2024-01-10,2023,False,5,11,124,119,1,Chicago Bulls,East,Central,Houston Rockets,West,Southwest
1038109,2024-01-10,2023,False,2,18,127,120,1,Boston Celtics,East,Atlantic,Minnesota Timberwolves,West,Northwest
1038112,2024-01-10,2023,False,12,30,112,104,1,Indiana Pacers,East,Central,Washington Wizards,East,Southeast
1038113,2024-01-10,2023,False,1,23,139,132,1,Atlanta Hawks,East,Southeast,Philadelphia 76ers,East,Atlantic
1038116,2024-01-10,2023,False,29,8,124,111,1,Utah Jazz,West,Northwest,Denver Nuggets,West,Northwest
1038111,2024-01-10,2023,False,9,27,108,130,0,Detroit Pistons,East,Central,San Antonio Spurs,West,Southwest
1038114,2024-01-10,2023,False,16,21,120,128,0,Miami Heat,East,Southeast,Oklahoma City Thunder,West,Northwest
1038120,2024-01-11,2023,False,17,2,135,102,1,Milwaukee Bucks,East,Central,Boston Celtics,East,Atlantic
1038123,2024-01-11,2023,False,14,24,109,127,0,Los Angeles Lakers,West,Pacific,Phoenix Suns,West,Pacific
1038119,2024-01-11,2023,False,6,3,111,102,1,Cleveland Cavaliers,East,Central,Brooklyn Nets,East,Atlantic
1038122,2024-01-11,2023,False,7,20,128,124,1,Dallas Mavericks,West,Southwest,New York Knicks,East,Atlantic
1038121,2024-01-11,2023,False,21,25,139,77,1,Oklahoma City Thunder,West,Northwest,Portland Trail Blazers,West,Northwest
1038132,2024-01-12,2023,False,29,28,145,113,1,Utah Jazz,West,Northwest,Toronto Raptors,East,Atlantic
1038131,2024-01-12,2023,False,8,19,125,113,1,Denver Nuggets,West,Northwest,New Orleans Pelicans,West,Southwest
1038130,2024-01-12,2023,False,18,25,116,93,1,Minnesota Timberwolves,West,Northwest,Portland Trail Blazers,West,Northwest
1038129,2024-01-12,2023,False,15,13,119,128,0,Memphis Grizzlies,West,Southwest,LA Clippers,West,Pacific
1038128,2024-01-12,2023,False,5,10,131,140,0,Chicago Bulls,East,Central,Golden State Warriors,West,Pacific
1038133,2024-01-12,2023,False,27,4,135,99,1,San Antonio Spurs,West,Southwest,Charlotte Hornets,East,Southeast
1038127,2024-01-12,2023,False,16,22,99,96,1,Miami Heat,East,Southeast,Orlando Magic,East,Southeast
1038124,2024-01-12,2023,False,23,26,112,93,1,Philadelphia 76ers,East,Atlantic,Sacramento Kings,West,Pacific
1038125,2024-01-12,2023,False,1,12,108,126,0,Atlanta Hawks,East,Southeast,Indiana Pacers,East,Central
1038126,2024-01-12,2023,False,9,11,110,112,0,Detroit Pistons,East,Central,Houston Rockets,West,Southwest
1038140,2024-01-13,2023,False,27,5,116,122,0,San Antonio Spurs,West,Southwest,Chicago Bulls,East,Central
1038134,2024-01-13,2023,False,2,11,145,113,1,Boston Celtics,East,Atlantic,Houston Rockets,West,Southwest
1038138,2024-01-13,2023,False,21,22,112,100,1,Oklahoma City Thunder,West,Northwest,Orlando Magic,East,Southeast
1038141,2024-01-13,2023,False,29,14,132,125,1,Utah Jazz,West,Northwest,Los Angeles Lakers,West,Pacific
1038137,2024-01-13,2023,False,17,10,129,118,1,Milwaukee Bucks,East,Central,Golden State Warriors,West,Pacific
1038136,2024-01-13,2023,False,15,20,94,106,0,Memphis Grizzlies,West,Southwest,New York Knicks,East,Atlantic
1038139,2024-01-13,2023,False,7,19,108,118,0,Dallas Mavericks,West,Southwest,New Orleans Pelicans,West,Southwest
1038135,2024-01-13,2023,False,1,30,99,127,0,Atlanta Hawks,East,Southeast,Washington Wizards,East,Southeast
1038144,2024-01-14,2023,False,17,26,143,142,1,Milwaukee Bucks,East,Central,Sacramento Kings,West,Pacific
1038143,2024-01-14,2023,False,16,4,104,87,1,Miami Heat,East,Southeast,Charlotte Hornets,East,Southeast
1038145,2024-01-14,2023,False,18,13,109,105,1,Minnesota Timberwolves,West,Northwest,LA Clippers,West,Pacific
1038146,2024-01-14,2023,False,25,24,116,127,0,Portland Trail Blazers,West,Northwest,Phoenix Suns,West,Pacific
1038142,2024-01-14,2023,False,8,12,117,109,1,Denver Nuggets,West,Northwest,Indiana Pacers,East,Central
1038154,2024-01-15,2023,False,3,16,95,96,0,Brooklyn Nets,East,Atlantic,Miami Heat,East,Southeast
1038156,2024-01-15,2023,False,29,12,132,105,1,Utah Jazz,West,Northwest,Indiana Pacers,East,Central
1038152,2024-01-15,2023,False,15,10,116,107,1,Memphis Grizzlies,West,Southwest,Golden State Warriors,West,Pacific
1038149,2024-01-15,2023,False,20,22,94,98,0,New York Knicks,East,Atlantic,Orlando Magic,East,Southeast
1038157,2024-01-15,2023,False,14,21,112,105,1,Los Angeles Lakers,West,Pacific,Oklahoma City Thunder,West,Northwest
1038148,2024-01-15,2023,False,7,19,125,120,1,Dallas Mavericks,West,Southwest,New Orleans Pelicans,West,Southwest
1038150,2024-01-15,2023,False,30,9,117,129,0,Washington Wizards,East,Southeast,Detroit Pistons,East,Central
1038151,2024-01-15,2023,False,1,27,109,99,1,Atlanta Hawks,East,Southeast,San Antonio Spurs,West,Southwest
1038153,2024-01-15,2023,False,6,5,109,91,1,Cleveland Cavaliers,East,Central,Chicago Bulls,East,Central
1038147,2024-01-15,2023,False,23,11,124,115,1,Philadelphia 76ers,East,Atlantic,Houston Rockets,West,Southwest
1038155,2024-01-15,2023,False,28,2,96,105,0,Toronto Raptors,East,Atlantic,Boston Celtics,East,Atlantic
1038158,2024-01-16,2023,False,23,8,126,121,1,Philadelphia 76ers,East,Atlantic,Denver Nuggets,West,Northwest
1038160,2024-01-16,2023,False,13,21,128,117,1,LA Clippers,West,Pacific,Oklahoma City Thunder,West,Northwest
1038159,2024-01-16,2023,False,24,26,119,117,1,Phoenix Suns,West,Pacific,Sacramento Kings,West,Pacific
1038167,2024-01-17,2023,False,19,4,132,112,1,New Orleans Pelicans,West,Southwest,Charlotte Hornets,East,Southeast
1038162,2024-01-17,2023,False,1,22,106,104,1,Atlanta Hawks,East,Southeast,Orlando Magic,East,Southeast
1038170,2024-01-17,2023,False,25,3,105,103,1,Portland Trail Blazers,West,Northwest,Brooklyn Nets,East,Atlantic
1038166,2024-01-17,2023,False,28,16,121,97,1,Toronto Raptors,East,Atlantic,Miami Heat,East,Southeast
1038163,2024-01-17,2023,False,2,27,117,98,1,Boston Celtics,East,Atlantic,San Antonio Spurs,West,Southwest
1038161,2024-01-17,2023,False,9,18,117,124,0,Detroit Pistons,East,Central,Minnesota Timberwolves,West,Northwest
1038169,2024-01-17,2023,False,14,7,127,110,1,Los Angeles Lakers,West,Pacific,Dallas Mavericks,West,Southwest
1038164,2024-01-17,2023,False,6,17,135,95,1,Cleveland Cavaliers,East,Central,Milwaukee Bucks,East,Central
1038165,2024-01-17,2023,False,20,11,109,94,1,New York Knicks,East,Atlantic,Houston Rockets,West,Southwest
1038172,2024-01-18,2023,False,28,5,110,116,0,Toronto Raptors,East,Atlantic,Chicago Bulls,East,Central
1038173,2024-01-18,2023,False,29,21,129,134,0,Utah Jazz,West,Northwest,Oklahoma City Thunder,West,Northwest
1038171,2024-01-18,2023,False,20,30,113,109,1,New York Knicks,East,Atlantic,Washington Wizards,East,Southeast
1038174,2024-01-18,2023,False,18,15,118,103,1,Minnesota Timberwolves,West,Northwest,Memphis Grizzlies,West,Southwest
1038175,2024-01-18,2023,False,26,12,121,126,0,Sacramento Kings,West,Pacific,Indiana Pacers,East,Central
1038178,2024-01-19,2023,False,2,8,100,102,0,Boston Celtics,East,Atlantic,Denver Nuggets,West,Northwest
1038177,2024-01-19,2023,False,22,23,109,124,0,Orlando Magic,East,Southeast,Philadelphia 76ers,East,Atlantic
1038179,2024-01-19,2023,False,16,1,108,109,0,Miami Heat,East,Southeast,Atlanta Hawks,East,Southeast
1038176,2024-01-19,2023,False,4,27,124,120,1,Charlotte Hornets,East,Southeast,San Antonio Spurs,West,Southwest
1038183,2024-01-19,2023,False,14,3,112,130,0,Los Angeles Lakers,West,Pacific,Brooklyn Nets,East,Atlantic
1038180,2024-01-19,2023,False,19,24,109,123,0,New Orleans Pelicans,West,Southwest,Phoenix Suns,West,Pacific
1038182,2024-01-19,2023,False,25,12,118,115,1,Portland Trail Blazers,West,Northwest,Indiana Pacers,East,Central
1038185,2024-01-20,2023,False,4,23,89,97,0,Charlotte Hornets,East,Southeast,Philadelphia 76ers,East,Atlantic
1038184,2024-01-20,2023,False,9,17,135,141,0,Detroit Pistons,East,Central,Milwaukee Bucks,East,Central
1038186,2024-01-20,2023,False,30,27,127,131,0,Washington Wizards,East,Southeast,San Antonio Spurs,West,Southwest
1038187,2024-01-20,2023,False,1,6,95,116,0,Atlanta Hawks,East,Southeast,Cleveland Cavaliers,East,Central
1038190,2024-01-20,2023,False,11,29,127,126,1,Houston Rockets,West,Southwest,Utah Jazz,West,Northwest
1038189,2024-01-20,2023,False,5,15,125,96,1,Chicago Bulls,East,Central,Memphis Grizzlies,West,Southwest
1038191,2024-01-20,2023,False,18,21,97,102,0,Minnesota Timberwolves,West,Northwest,Oklahoma City Thunder,West,Northwest
1038188,2024-01-20,2023,False,20,28,126,100,1,New York Knicks,East,Atlantic,Toronto Raptors,East,Atlantic
1038197,2024-01-21,2023,False,14,25,134,110,1,Los Angeles Lakers,West,Pacific,Portland Trail Blazers,West,Northwest
1038192,2024-01-21,2023,False,13,3,125,114,1,LA Clippers,West,Pacific,Brooklyn Nets,East,Atlantic
1038193,2024-01-21,2023,False,22,16,105,87,1,Orlando Magic,East,Southeast,Miami Heat,East,Southeast
1038196,2024-01-21,2023,False,24,12,117,110,1,Phoenix Suns,West,Pacific,Indiana Pacers,East,Central
1038195,2024-01-21,2023,False,11,2,107,116,0,Houston Rockets,West,Southwest,Boston Celtics,East,Atlantic
1038194,2024-01-21,2023,False,30,8,104,113,0,Washington Wizards,East,Southeast,Denver Nuggets,West,Northwest
1038201,2024-01-22,2023,False,28,15,100,108,0,Toronto Raptors,East,Atlantic,Memphis Grizzlies,West,Southwest
1038200,2024-01-22,2023,False,23,27,133,123,1,Philadelphia 76ers,East,Atlantic,San Antonio Spurs,West,Southwest
1038202,2024-01-22,2023,False,18,4,125,128,0,Minnesota Timberwolves,West,Northwest,Charlotte Hornets,East,Southeast
1038205,2024-01-22,2023,False,26,1,122,107,1,Sacramento Kings,West,Pacific,Atlanta Hawks,East,Southeast
1038199,2024-01-22,2023,False,22,6,99,126,0,Orlando Magic,East,Southeast,Cleveland Cavaliers,East,Central
1038204,2024-01-22,2023,False,24,5,115,113,1,Phoenix Suns,West,Pacific,Chicago Bulls,East,Central
1038203,2024-01-22,2023,False,7,2,110,119,0,Dallas Mavericks,West,Southwest,Boston Celtics,East,Atlantic
1038198,2024-01-22,2023,False,9,17,113,122,0,Detroit Pistons,East,Central,Milwaukee Bucks,East,Central
1038207,2024-01-23,2023,False,3,20,103,108,0,Brooklyn Nets,East,Atlantic,New York Knicks,East,Atlantic
1038210,2024-01-23,2023,False,13,14,127,116,1,LA Clippers,West,Pacific,Los Angeles Lakers,West,Pacific
1038209,2024-01-23,2023,False,21,25,111,109,1,Oklahoma City Thunder,West,Northwest,Portland Trail Blazers,West,Northwest
1038206,2024-01-23,2023,False,12,8,109,114,0,Indiana Pacers,East,Central,Denver Nuggets,West,Northwest
1038208,2024-01-23,2023,False,19,29,153,124,1,New Orleans Pelicans,West,Southwest,Utah Jazz,West,Northwest
1038214,2024-01-24,2023,False,27,21,114,140,0,San Antonio Spurs,West,Southwest,Oklahoma City Thunder,West,Northwest
1038217,2024-01-24,2023,False,7,24,109,132,0,Dallas Mavericks,West,Southwest,Phoenix Suns,West,Pacific
1038212,2024-01-24,2023,False,30,18,107,118,0,Washington Wizards,East,Southeast,Minnesota Timberwolves,West,Northwest
1038216,2024-01-24,2023,False,17,6,126,116,1,Milwaukee Bucks,East,Central,Cleveland Cavaliers,East,Central
1038213,2024-01-24,2023,False,16,15,96,105,0,Miami Heat,East,Southeast,Memphis Grizzlies,West,Southwest
1038218,2024-01-24,2023,False,10,1,134,112,1,Golden State Warriors,West,Pacific,Atlanta Hawks,East,Southeast
1038215,2024-01-24,2023,False,11,25,131,137,0,Houston Rockets,West,Southwest,Portland Trail Blazers,West,Northwest
1038211,2024-01-24,2023,False,9,4,113,106,1,Detroit Pistons,East,Central,Charlotte Hornets,East,Southeast
1038222,2024-01-25,2023,False,16,2,110,143,0,Miami Heat,East,Southeast,Boston Celtics,East,Atlantic
1038224,2024-01-25,2023,False,10,26,133,134,0,Golden State Warriors,West,Pacific,Sacramento Kings,West,Pacific
1038221,2024-01-25,2023,False,3,18,94,96,0,Brooklyn Nets,East,Atlantic,Minnesota Timberwolves,West,Northwest
1038225,2024-01-25,2023,False,14,5,141,132,1,Los Angeles Lakers,West,Pacific,Chicago Bulls,East,Central
1038220,2024-01-25,2023,False,30,29,108,123,0,Washington Wizards,East,Southeast,Utah Jazz,West,Northwest
1038223,2024-01-25,2023,False,20,8,122,84,1,New York Knicks,East,Atlantic,Denver Nuggets,West,Northwest
1038219,2024-01-25,2023,False,12,23,134,122,1,Indiana Pacers,East,Central,Philadelphia 76ers,East,Atlantic
1038232,2024-01-26,2023,False,19,21,83,107,0,New Orleans Pelicans,West,Southwest,Oklahoma City Thunder,West,Northwest
1038229,2024-01-26,2023,False,28,13,107,127,0,Toronto Raptors,East,Atlantic,LA Clippers,West,Pacific
1038228,2024-01-26,2023,False,12,24,133,131,1,Indiana Pacers,East,Central,Phoenix Suns,West,Pacific
1038226,2024-01-26,2023,False,1,7,143,148,0,Atlanta Hawks,East,Southeast,Dallas Mavericks,West,Southwest
1038227,2024-01-26,2023,False,4,11,104,138,0,Charlotte Hornets,East,Southeast,Houston Rockets,West,Southwest
1038230,2024-01-26,2023,False,15,22,107,106,1,Memphis Grizzlies,West,Southwest,Orlando Magic,East,Southeast
1038233,2024-01-26,2023,False,27,25,116,100,1,San Antonio Spurs,West,Southwest,Portland Trail Blazers,West,Northwest
1038231,2024-01-26,2023,False,17,6,100,112,0,Milwaukee Bucks,East,Central,Cleveland Cavaliers,East,Central
1038240,2024-01-27,2023,False,17,19,141,117,1,Milwaukee Bucks,East,Central,New Orleans Pelicans,West,Southwest
1038243,2024-01-27,2023,False,7,26,115,120,0,Dallas Mavericks,West,Southwest,Sacramento Kings,West,Pacific
1038234,2024-01-27,2023,False,9,30,104,118,0,Detroit Pistons,East,Central,Washington Wizards,East,Southeast
1038237,2024-01-27,2023,False,3,11,106,104,1,Brooklyn Nets,East,Atlantic,Houston Rockets,West,Southwest
1038236,2024-01-27,2023,False,8,23,111,105,1,Denver Nuggets,West,Northwest,Philadelphia 76ers,East,Atlantic
1038242,2024-01-27,2023,False,10,14,144,145,0,Golden State Warriors,West,Pacific,Los Angeles Lakers,West,Pacific
1038241,2024-01-27,2023,False,27,18,113,112,1,San Antonio Spurs,West,Southwest,Minnesota Timberwolves,West,Northwest
1038235,2024-01-27,2023,False,20,16,125,109,1,New York Knicks,East,Atlantic,Miami Heat,East,Southeast
1038239,2024-01-27,2023,False,4,29,122,134,0,Charlotte Hornets,East,Southeast,Utah Jazz,West,Northwest
1038238,2024-01-27,2023,False,2,13,96,115,0,Boston Celtics,East,Atlantic,LA Clippers,West,Pacific
1038245,2024-01-28,2023,False,1,28,126,125,1,Atlanta Hawks,East,Southeast,Toronto Raptors,East,Atlantic
1038248,2024-01-28,2023,False,25,5,96,104,0,Portland Trail Blazers,West,Northwest,Chicago Bulls,East,Central
1038244,2024-01-28,2023,False,12,15,116,110,1,Indiana Pacers,East,Central,Memphis Grizzlies,West,Southwest
1038247,2024-01-28,2023,False,22,24,113,98,1,Orlando Magic,East,Southeast,Phoenix Suns,West,Pacific
1038246,2024-01-28,2023,False,9,21,120,104,1,Detroit Pistons,East,Central,Oklahoma City Thunder,West,Northwest
1038253,2024-01-29,2023,False,16,24,105,118,0,Miami Heat,East,Southeast,Phoenix Suns,West,Pacific
1038257,2024-01-29,2023,False,27,30,113,118,0,San Antonio Spurs,West,Southwest,Washington Wizards,East,Southeast
1038249,2024-01-29,2023,False,4,20,92,113,0,Charlotte Hornets,East,Southeast,New York Knicks,East,Atlantic
1038259,2024-01-29,2023,False,8,17,113,107,1,Denver Nuggets,West,Northwest,Milwaukee Bucks,East,Central
1038260,2024-01-29,2023,False,25,23,130,104,1,Portland Trail Blazers,West,Northwest,Philadelphia 76ers,East,Atlantic
1038252,2024-01-29,2023,False,3,29,147,114,1,Brooklyn Nets,East,Atlantic,Utah Jazz,West,Northwest
1038250,2024-01-29,2023,False,6,13,118,108,1,Cleveland Cavaliers,East,Central,LA Clippers,West,Pacific
1038255,2024-01-29,2023,False,15,26,94,103,0,Memphis Grizzlies,West,Southwest,Sacramento Kings,West,Pacific
1038256,2024-01-29,2023,False,21,18,101,107,0,Oklahoma City Thunder,West,Northwest,Minnesota Timberwolves,West,Northwest
1038254,2024-01-29,2023,False,11,14,135,119,1,Houston Rockets,West,Southwest,Los Angeles Lakers,West,Pacific
1038251,2024-01-29,2023,False,2,19,118,112,1,Boston Celtics,East,Atlantic,New Orleans Pelicans,West,Southwest
1038258,2024-01-29,2023,False,7,22,131,129,1,Dallas Mavericks,West,Southwest,Orlando Magic,East,Southeast
1038261,2024-01-30,2023,False,1,14,138,122,1,Atlanta Hawks,East,Southeast,Los Angeles Lakers,West,Pacific
1038264,2024-01-30,2023,False,5,28,107,118,0,Chicago Bulls,East,Central,Toronto Raptors,East,Atlantic
1038265,2024-01-30,2023,False,10,23,119,107,1,Golden State Warriors,West,Pacific,Philadelphia 76ers,East,Atlantic
1038262,2024-01-30,2023,False,2,12,129,124,1,Boston Celtics,East,Atlantic,Indiana Pacers,East,Central
1038263,2024-01-30,2023,False,20,29,118,103,1,New York Knicks,East,Atlantic,Utah Jazz,West,Northwest
1038275,2024-01-31,2023,False,25,17,119,116,1,Portland Trail Blazers,West,Northwest,Milwaukee Bucks,East,Central
1038267,2024-01-31,2023,False,6,9,128,121,1,Cleveland Cavaliers,East,Central,Detroit Pistons,East,Central
1038270,2024-01-31,2023,False,16,26,115,106,1,Miami Heat,East,Southeast,Sacramento Kings,West,Pacific
1038272,2024-01-31,2023,False,18,7,121,87,1,Minnesota Timberwolves,West,Northwest,Dallas Mavericks,West,Southwest
1038273,2024-01-31,2023,False,27,22,98,108,0,San Antonio Spurs,West,Southwest,Orlando Magic,East,Southeast
1038268,2024-01-31,2023,False,30,13,109,125,0,Washington Wizards,East,Southeast,LA Clippers,West,Pacific
1038269,2024-01-31,2023,False,3,24,120,136,0,Brooklyn Nets,East,Atlantic,Phoenix Suns,West,Pacific
1038271,2024-01-31,2023,False,11,19,99,110,0,Houston Rockets,West,Southwest,New Orleans Pelicans,West,Southwest
1038266,2024-01-31,2023,False,4,5,110,117,0,Charlotte Hornets,East,Southeast,Chicago Bulls,East,Central
1038274,2024-01-31,2023,False,21,8,105,100,1,Oklahoma City Thunder,West,Northwest,Denver Nuggets,West,Northwest
1038278,2024-02-01,2023,False,29,23,124,127,0,Utah Jazz,West,Northwest,Philadelphia 76ers,East,Atlantic
1038276,2024-02-01,2023,False,2,14,105,114,0,Boston Celtics,East,Atlantic,Los Angeles Lakers,West,Pacific
1038277,2024-02-01,2023,False,20,12,109,105,1,New York Knicks,East,Atlantic,Indiana Pacers,East,Central
1038279,2024-02-01,2023,False,15,6,101,108,0,Memphis Grizzlies,West,Southwest,Cleveland Cavaliers,East,Central
1038282,2024-02-02,2023,False,1,24,129,120,1,Atlanta Hawks,East,Southeast,Phoenix Suns,West,Pacific
1038289,2024-02-02,2023,False,8,25,120,108,1,Denver Nuggets,West,Northwest,Portland Trail Blazers,West,Northwest
1038287,2024-02-02,2023,False,21,4,126,106,1,Oklahoma City Thunder,West,Northwest,Charlotte Hornets,East,Southeast
1038283,2024-02-02,2023,False,12,26,122,133,0,Indiana Pacers,East,Central,Sacramento Kings,West,Pacific
1038281,2024-02-02,2023,False,30,16,102,110,0,Washington Wizards,East,Southeast,Miami Heat,East,Southeast
1038285,2024-02-02,2023,False,15,10,101,121,0,Memphis Grizzlies,West,Southwest,Golden State Warriors,West,Pacific
1038288,2024-02-02,2023,False,27,19,113,114,0,San Antonio Spurs,West,Southwest,New Orleans Pelicans,West,Southwest
1038280,2024-02-02,2023,False,9,13,125,136,0,Detroit Pistons,East,Central,LA Clippers,West,Pacific
1038286,2024-02-02,2023,False,18,22,106,108,0,Minnesota Timberwolves,West,Northwest,Orlando Magic,East,Southeast
1038284,2024-02-02,2023,False,11,28,135,106,1,Houston Rockets,West,Southwest,Toronto Raptors,East,Atlantic
1038294,2024-02-03,2023,False,7,17,117,129,0,Dallas Mavericks,West,Southwest,Milwaukee Bucks,East,Central
1038293,2024-02-03,2023,False,20,14,105,113,0,New York Knicks,East,Atlantic,Los Angeles Lakers,West,Pacific
1038295,2024-02-03,2023,False,27,6,101,117,0,San Antonio Spurs,West,Southwest,Cleveland Cavaliers,East,Central
1038290,2024-02-03,2023,False,23,3,121,136,0,Philadelphia 76ers,East,Atlantic,Brooklyn Nets,East,Atlantic
1038292,2024-02-03,2023,False,5,26,115,123,0,Chicago Bulls,East,Central,Sacramento Kings,West,Pacific
1038291,2024-02-03,2023,False,1,10,141,134,1,Atlanta Hawks,East,Southeast,Golden State Warriors,West,Pacific
1038297,2024-02-04,2023,False,30,24,112,140,0,Washington Wizards,East,Southeast,Phoenix Suns,West,Pacific
1038303,2024-02-04,2023,False,29,17,123,108,1,Utah Jazz,West,Northwest,Milwaukee Bucks,East,Central
1038304,2024-02-04,2023,False,8,25,112,103,1,Denver Nuggets,West,Northwest,Portland Trail Blazers,West,Northwest
1038296,2024-02-04,2023,False,9,22,99,111,0,Detroit Pistons,East,Central,Orlando Magic,East,Southeast
1038302,2024-02-04,2023,False,21,28,135,127,1,Oklahoma City Thunder,West,Northwest,Toronto Raptors,East,Atlantic
1038298,2024-02-04,2023,False,2,15,131,91,1,Boston Celtics,East,Atlantic,Memphis Grizzlies,West,Southwest
1038301,2024-02-04,2023,False,18,11,111,90,1,Minnesota Timberwolves,West,Northwest,Houston Rockets,West,Southwest
1038300,2024-02-04,2023,False,16,13,95,103,0,Miami Heat,East,Southeast,LA Clippers,West,Pacific
1038299,2024-02-04,2023,False,4,12,99,115,0,Charlotte Hornets,East,Southeast,Indiana Pacers,East,Central
1038306,2024-02-05,2023,False,6,26,136,110,1,Cleveland Cavaliers,East,Central,Sacramento Kings,West,Pacific
1038307,2024-02-05,2023,False,23,7,102,118,0,Philadelphia 76ers,East,Atlantic,Dallas Mavericks,West,Southwest
1038305,2024-02-05,2023,False,4,14,118,124,0,Charlotte Hornets,East,Southeast,Los Angeles Lakers,West,Pacific
1038309,2024-02-05,2023,False,3,10,98,109,0,Brooklyn Nets,East,Atlantic,Golden State Warriors,West,Pacific
1038308,2024-02-05,2023,False,1,13,144,149,0,Atlanta Hawks,East,Southeast,LA Clippers,West,Pacific
1038310,2024-02-05,2023,False,19,28,138,100,1,New Orleans Pelicans,West,Southwest,Toronto Raptors,East,Atlantic
1038316,2024-02-06,2023,False,29,21,124,117,1,Utah Jazz,West,Northwest,Oklahoma City Thunder,West,Northwest
1038315,2024-02-06,2023,False,5,18,129,123,1,Chicago Bulls,East,Central,Minnesota Timberwolves,West,Northwest
1038311,2024-02-06,2023,False,12,11,132,129,1,Indiana Pacers,East,Central,Houston Rockets,West,Southwest
1038314,2024-02-06,2023,False,20,15,123,113,1,New York Knicks,East,Atlantic,Memphis Grizzlies,West,Southwest
1038317,2024-02-06,2023,False,24,17,114,106,1,Phoenix Suns,West,Pacific,Milwaukee Bucks,East,Central
1038313,2024-02-06,2023,False,16,22,121,95,1,Miami Heat,East,Southeast,Orlando Magic,East,Southeast
1038312,2024-02-06,2023,False,3,7,107,119,0,Brooklyn Nets,East,Atlantic,Dallas Mavericks,West,Southwest
1038318,2024-02-07,2023,False,4,28,117,123,0,Charlotte Hornets,East,Southeast,Toronto Raptors,East,Atlantic
1038322,2024-02-07,2023,False,16,27,116,104,1,Miami Heat,East,Southeast,San Antonio Spurs,West,Southwest
1038324,2024-02-07,2023,False,26,9,120,133,0,Sacramento Kings,West,Pacific,Detroit Pistons,East,Central
1038323,2024-02-07,2023,False,13,19,106,117,0,LA Clippers,West,Pacific,New Orleans Pelicans,West,Southwest
1038321,2024-02-07,2023,False,2,1,125,117,1,Boston Celtics,East,Atlantic,Atlanta Hawks,East,Southeast
1038320,2024-02-07,2023,False,30,6,106,114,0,Washington Wizards,East,Southeast,Cleveland Cavaliers,East,Central
1038319,2024-02-07,2023,False,23,10,104,127,0,Philadelphia 76ers,East,Atlantic,Golden State Warriors,West,Pacific
1038331,2024-02-08,2023,False,24,29,129,115,1,Phoenix Suns,West,Pacific,Utah Jazz,West,Northwest
1038332,2024-02-08,2023,False,14,8,106,114,0,Los Angeles Lakers,West,Pacific,Denver Nuggets,West,Northwest
1038328,2024-02-08,2023,False,20,7,108,122,0,New York Knicks,East,Atlantic,Dallas Mavericks,West,Southwest
1038327,2024-02-08,2023,False,3,6,95,118,0,Brooklyn Nets,East,Atlantic,Cleveland Cavaliers,East,Central
1038329,2024-02-08,2023,False,15,5,110,118,0,Memphis Grizzlies,West,Southwest,Chicago Bulls,East,Central
1038333,2024-02-08,2023,False,25,9,122,128,0,Portland Trail Blazers,West,Northwest,Detroit Pistons,East,Central
1038325,2024-02-08,2023,False,12,10,109,131,0,Indiana Pacers,East,Central,Golden State Warriors,West,Pacific
1038326,2024-02-08,2023,False,22,27,127,111,1,Orlando Magic,East,Southeast,San Antonio Spurs,West,Southwest
1038330,2024-02-08,2023,False,17,18,105,129,0,Milwaukee Bucks,East,Central,Minnesota Timberwolves,West,Northwest
1038336,2024-02-09,2023,False,28,11,107,104,1,Toronto Raptors,East,Atlantic,Houston Rockets,West,Southwest
1038337,2024-02-09,2023,False,17,4,120,84,1,Milwaukee Bucks,East,Central,Charlotte Hornets,East,Southeast
1038334,2024-02-09,2023,False,23,1,121,127,0,Philadelphia 76ers,East,Atlantic,Atlanta Hawks,East,Southeast
1038339,2024-02-09,2023,False,14,19,139,122,1,Los Angeles Lakers,West,Pacific,New Orleans Pelicans,West,Southwest
1038338,2024-02-09,2023,False,26,8,135,106,1,Sacramento Kings,West,Pacific,Denver Nuggets,West,Northwest
1038335,2024-02-09,2023,False,2,30,133,129,1,Boston Celtics,East,Atlantic,Washington Wizards,East,Southeast
1038342,2024-02-10,2023,False,3,27,123,103,1,Brooklyn Nets,East,Atlantic,San Antonio Spurs,West,Southwest
1038343,2024-02-10,2023,False,4,15,115,106,1,Charlotte Hornets,East,Southeast,Memphis Grizzlies,West,Southwest
1038341,2024-02-10,2023,False,13,9,112,106,1,LA Clippers,West,Pacific,Detroit Pistons,East,Central
1038350,2024-02-10,2023,False,25,19,84,93,0,Portland Trail Blazers,West,Northwest,New Orleans Pelicans,West,Southwest
1038345,2024-02-10,2023,False,30,23,113,119,0,Washington Wizards,East,Southeast,Philadelphia 76ers,East,Atlantic
1038340,2024-02-10,2023,False,7,21,146,111,1,Dallas Mavericks,West,Southwest,Oklahoma City Thunder,West,Northwest
1038348,2024-02-10,2023,False,28,6,95,119,0,Toronto Raptors,East,Atlantic,Cleveland Cavaliers,East,Central
1038344,2024-02-10,2023,False,22,5,114,108,1,Orlando Magic,East,Southeast,Chicago Bulls,East,Central
1038349,2024-02-10,2023,False,10,24,113,112,1,Golden State Warriors,West,Pacific,Phoenix Suns,West,Pacific
1038347,2024-02-10,2023,False,20,12,111,125,0,New York Knicks,East,Atlantic,Indiana Pacers,East,Central
1038346,2024-02-10,2023,False,1,11,122,113,1,Atlanta Hawks,East,Southeast,Houston Rockets,West,Southwest
1038351,2024-02-11,2023,False,16,2,106,110,0,Miami Heat,East,Southeast,Boston Celtics,East,Atlantic
1038352,2024-02-11,2023,False,21,26,127,113,1,Oklahoma City Thunder,West,Northwest,Sacramento Kings,West,Pacific
1038360,2024-02-12,2023,False,7,30,112,104,1,Dallas Mavericks,West,Southwest,Washington Wizards,East,Southeast
1038361,2024-02-12,2023,False,29,10,107,129,0,Utah Jazz,West,Northwest,Golden State Warriors,West,Pacific
1038356,2024-02-12,2023,False,28,27,99,122,0,Toronto Raptors,East,Atlantic,San Antonio Spurs,West,Southwest
1038359,2024-02-12,2023,False,17,8,112,95,1,Milwaukee Bucks,East,Central,Denver Nuggets,West,Northwest
1038358,2024-02-12,2023,False,15,19,87,96,0,Memphis Grizzlies,West,Southwest,New Orleans Pelicans,West,Southwest
1038357,2024-02-12,2023,False,11,20,105,103,1,Houston Rockets,West,Southwest,New York Knicks,East,Atlantic
1038353,2024-02-12,2023,False,4,12,111,102,1,Charlotte Hornets,East,Southeast,Indiana Pacers,East,Central
1038355,2024-02-12,2023,False,1,5,126,136,0,Atlanta Hawks,East,Southeast,Chicago Bulls,East,Central
1038354,2024-02-12,2023,False,6,23,121,123,0,Cleveland Cavaliers,East,Central,Philadelphia 76ers,East,Atlantic
1038362,2024-02-12,2023,False,13,18,100,121,0,LA Clippers,West,Pacific,Minnesota Timberwolves,West,Northwest
1038364,2024-02-13,2023,False,22,21,113,127,0,Orlando Magic,East,Southeast,Oklahoma City Thunder,West,Northwest
1038366,2024-02-13,2023,False,24,26,130,125,1,Phoenix Suns,West,Pacific,Sacramento Kings,West,Pacific
1038363,2024-02-13,2023,False,3,2,110,118,0,Brooklyn Nets,East,Atlantic,Boston Celtics,East,Atlantic
1038367,2024-02-13,2023,False,25,18,109,121,0,Portland Trail Blazers,West,Northwest,Minnesota Timberwolves,West,Northwest
1038365,2024-02-13,2023,False,17,16,97,123,0,Milwaukee Bucks,East,Central,Miami Heat,East,Southeast
1038368,2024-02-13,2023,False,14,9,125,111,1,Los Angeles Lakers,West,Pacific,Detroit Pistons,East,Central
1038375,2024-02-14,2023,False,15,11,121,113,1,Memphis Grizzlies,West,Southwest,Houston Rockets,West,Southwest
1038374,2024-02-14,2023,False,28,12,125,127,0,Toronto Raptors,East,Atlantic,Indiana Pacers,East,Central
1038379,2024-02-14,2023,False,24,9,116,100,1,Phoenix Suns,West,Pacific,Detroit Pistons,East,Central
1038370,2024-02-14,2023,False,22,20,118,100,1,Orlando Magic,East,Southeast,New York Knicks,East,Atlantic
1038371,2024-02-14,2023,False,23,16,104,109,0,Philadelphia 76ers,East,Atlantic,Miami Heat,East,Southeast
1038373,2024-02-14,2023,False,6,5,108,105,1,Cleveland Cavaliers,East,Central,Chicago Bulls,East,Central
1038378,2024-02-14,2023,False,8,26,98,102,0,Denver Nuggets,West,Northwest,Sacramento Kings,West,Pacific
1038376,2024-02-14,2023,False,19,30,133,126,1,New Orleans Pelicans,West,Southwest,Washington Wizards,East,Southeast
1038380,2024-02-14,2023,False,29,14,122,138,0,Utah Jazz,West,Northwest,Los Angeles Lakers,West,Pacific
1038377,2024-02-14,2023,False,7,27,116,93,1,Dallas Mavericks,West,Southwest,San Antonio Spurs,West,Southwest
1038381,2024-02-14,2023,False,10,13,125,130,0,Golden State Warriors,West,Pacific,LA Clippers,West,Pacific
1038372,2024-02-14,2023,False,2,3,136,86,1,Boston Celtics,East,Atlantic,Brooklyn Nets,East,Atlantic
1038369,2024-02-14,2023,False,4,1,122,99,1,Charlotte Hornets,East,Southeast,Atlanta Hawks,East,Southeast
1038168,2024-02-15,2023,False,29,10,137,140,0,Utah Jazz,West,Northwest,Golden State Warriors,West,Pacific
1038383,2024-02-15,2023,False,25,18,91,128,0,Portland Trail Blazers,West,Northwest,Minnesota Timberwolves,West,Northwest
1038382,2024-02-15,2023,False,15,17,113,110,1,Memphis Grizzlies,West,Southwest,Milwaukee Bucks,East,Central
1038391,2024-02-22,2023,False,21,13,129,107,1,Oklahoma City Thunder,West,Northwest,LA Clippers,West,Pacific
1038387,2024-02-22,2023,False,28,3,121,93,1,Toronto Raptors,East,Atlantic,Brooklyn Nets,East,Atlantic
1038388,2024-02-22,2023,False,7,24,123,113,1,Dallas Mavericks,West,Southwest,Phoenix Suns,West,Pacific
1038393,2024-02-22,2023,False,29,4,107,115,0,Utah Jazz,West,Northwest,Charlotte Hornets,East,Southeast
1038386,2024-02-22,2023,False,23,20,96,110,0,Philadelphia 76ers,East,Atlantic,New York Knicks,East,Atlantic
1038389,2024-02-22,2023,False,5,2,112,129,0,Chicago Bulls,East,Central,Boston Celtics,East,Atlantic
1038392,2024-02-22,2023,False,8,30,130,110,1,Denver Nuggets,West,Northwest,Washington Wizards,East,Southeast
1038390,2024-02-22,2023,False,19,11,127,105,1,New Orleans Pelicans,West,Southwest,Houston Rockets,West,Southwest
1038394,2024-02-22,2023,False,10,14,128,110,1,Golden State Warriors,West,Pacific,Los Angeles Lakers,West,Pacific
1038385,2024-02-22,2023,False,12,9,129,115,1,Indiana Pacers,East,Central,Detroit Pistons,East,Central
1038395,2024-02-22,2023,False,26,27,127,122,1,Sacramento Kings,West,Pacific,San Antonio Spurs,West,Southwest
1038384,2024-02-22,2023,False,6,22,109,116,0,Cleveland Cavaliers,East,Central,Orlando Magic,East,Southeast
1038404,2024-02-23,2023,False,25,8,112,127,0,Portland Trail Blazers,West,Northwest,Denver Nuggets,West,Northwest
1038398,2024-02-23,2023,False,11,24,114,110,1,Houston Rockets,West,Southwest,Phoenix Suns,West,Pacific
1038400,2024-02-23,2023,False,18,17,107,112,0,Minnesota Timberwolves,West,Northwest,Milwaukee Bucks,East,Central
1038396,2024-02-23,2023,False,1,28,121,123,0,Atlanta Hawks,East,Southeast,Toronto Raptors,East,Atlantic
1038403,2024-02-23,2023,False,10,4,97,84,1,Golden State Warriors,West,Pacific,Charlotte Hornets,East,Southeast
1038402,2024-02-23,2023,False,19,16,95,106,0,New Orleans Pelicans,West,Southwest,Miami Heat,East,Southeast
1038405,2024-02-23,2023,False,14,27,123,118,1,Los Angeles Lakers,West,Pacific,San Antonio Spurs,West,Southwest
1038401,2024-02-23,2023,False,21,30,147,106,1,Oklahoma City Thunder,West,Northwest,Washington Wizards,East,Southeast
1038399,2024-02-23,2023,False,15,13,95,101,0,Memphis Grizzlies,West,Southwest,LA Clippers,West,Pacific
1038397,2024-02-23,2023,False,23,6,104,97,1,Philadelphia 76ers,East,Atlantic,Cleveland Cavaliers,East,Central
1038407,2024-02-24,2023,False,18,3,101,86,1,Minnesota Timberwolves,West,Northwest,Brooklyn Nets,East,Atlantic
1038408,2024-02-24,2023,False,20,2,102,116,0,New York Knicks,East,Atlantic,Boston Celtics,East,Atlantic
1038406,2024-02-24,2023,False,9,22,109,112,0,Detroit Pistons,East,Central,Orlando Magic,East,Southeast
1038412,2024-02-25,2023,False,30,6,105,114,0,Washington Wizards,East,Southeast,Cleveland Cavaliers,East,Central
1038419,2024-02-25,2023,False,13,26,107,123,0,LA Clippers,West,Pacific,Sacramento Kings,West,Pacific
1038417,2024-02-25,2023,False,29,27,128,109,1,Utah Jazz,West,Northwest,San Antonio Spurs,West,Southwest
1038411,2024-02-25,2023,False,12,7,133,111,1,Indiana Pacers,East,Central,Dallas Mavericks,West,Southwest
1038410,2024-02-25,2023,False,24,14,123,113,1,Phoenix Suns,West,Pacific,Los Angeles Lakers,West,Pacific
1038416,2024-02-25,2023,False,10,8,103,119,0,Golden State Warriors,West,Pacific,Denver Nuggets,West,Northwest
1038418,2024-02-25,2023,False,25,4,80,93,0,Portland Trail Blazers,West,Northwest,Charlotte Hornets,East,Southeast
1038415,2024-02-25,2023,False,19,5,106,114,0,New Orleans Pelicans,West,Southwest,Chicago Bulls,East,Central
1038409,2024-02-25,2023,False,23,17,98,119,0,Philadelphia 76ers,East,Atlantic,Milwaukee Bucks,East,Central
1038414,2024-02-25,2023,False,11,21,110,123,0,Houston Rockets,West,Southwest,Oklahoma City Thunder,West,Northwest
1038413,2024-02-25,2023,False,1,22,109,92,1,Atlanta Hawks,East,Southeast,Orlando Magic,East,Southeast
1038423,2024-02-26,2023,False,26,16,110,121,0,Sacramento Kings,West,Pacific,Miami Heat,East,Southeast
1038421,2024-02-26,2023,False,12,28,122,130,0,Indiana Pacers,East,Central,Toronto Raptors,East,Atlantic
1038422,2024-02-26,2023,False,15,3,86,111,0,Memphis Grizzlies,West,Southwest,Brooklyn Nets,East,Atlantic
1038420,2024-02-26,2023,False,20,9,113,111,1,New York Knicks,East,Atlantic,Detroit Pistons,East,Central
1038427,2024-02-27,2023,False,1,29,124,97,1,Atlanta Hawks,East,Southeast,Utah Jazz,West,Northwest
1038425,2024-02-27,2023,False,22,3,108,81,1,Orlando Magic,East,Southeast,Brooklyn Nets,East,Atlantic
1038429,2024-02-27,2023,False,20,19,92,115,0,New York Knicks,East,Atlantic,New Orleans Pelicans,West,Southwest
1038424,2024-02-27,2023,False,6,7,121,119,1,Cleveland Cavaliers,East,Central,Dallas Mavericks,West,Southwest
1038430,2024-02-27,2023,False,18,27,114,105,1,Minnesota Timberwolves,West,Northwest,San Antonio Spurs,West,Southwest
1038434,2024-02-27,2023,False,25,16,96,106,0,Portland Trail Blazers,West,Northwest,Miami Heat,East,Southeast
1038431,2024-02-27,2023,False,5,9,95,105,0,Chicago Bulls,East,Central,Detroit Pistons,East,Central
1038426,2024-02-27,2023,False,30,10,112,123,0,Washington Wizards,East,Southeast,Golden State Warriors,West,Pacific
1038428,2024-02-27,2023,False,2,23,117,99,1,Boston Celtics,East,Atlantic,Philadelphia 76ers,East,Atlantic
1038432,2024-02-27,2023,False,17,4,123,85,1,Milwaukee Bucks,East,Central,Charlotte Hornets,East,Southeast
1038433,2024-02-27,2023,False,21,11,112,95,1,Oklahoma City Thunder,West,Northwest,Houston Rockets,West,Southwest
1038438,2024-02-28,2023,False,5,6,132,123,1,Chicago Bulls,East,Central,Cleveland Cavaliers,East,Central
1038440,2024-02-28,2023,False,13,14,112,116,0,LA Clippers,West,Pacific,Los Angeles Lakers,West,Pacific
1038436,2024-02-28,2023,False,28,7,125,136,0,Toronto Raptors,East,Atlantic,Dallas Mavericks,West,Southwest
1038435,2024-02-28,2023,False,12,19,123,114,1,Indiana Pacers,East,Central,New Orleans Pelicans,West,Southwest
1038439,2024-02-28,2023,False,8,26,117,96,1,Denver Nuggets,West,Northwest,Sacramento Kings,West,Pacific
1038437,2024-02-28,2023,False,18,15,110,101,1,Minnesota Timberwolves,West,Northwest,Memphis Grizzlies,West,Southwest
1038442,2024-02-29,2023,False,22,29,115,107,1,Orlando Magic,East,Southeast,Utah Jazz,West,Northwest
1038443,2024-02-29,2023,False,3,1,124,97,1,Brooklyn Nets,East,Atlantic,Atlanta Hawks,East,Southeast
1038448,2024-02-29,2023,False,14,30,134,131,1,Los Angeles Lakers,West,Pacific,Washington Wizards,East,Southeast
1038446,2024-02-29,2023,False,24,11,110,105,1,Phoenix Suns,West,Pacific,Houston Rockets,West,Southwest
1038447,2024-02-29,2023,False,8,16,103,97,1,Denver Nuggets,West,Northwest,Miami Heat,East,Southeast
1038444,2024-02-29,2023,False,20,10,99,110,0,New York Knicks,East,Atlantic,Golden State Warriors,West,Pacific
1038441,2024-02-29,2023,False,4,17,99,111,0,Charlotte Hornets,East,Southeast,Milwaukee Bucks,East,Central
1038445,2024-02-29,2023,False,27,21,132,118,1,San Antonio Spurs,West,Southwest,Oklahoma City Thunder,West,Northwest
1038452,2024-03-01,2023,False,28,10,105,120,0,Toronto Raptors,East,Atlantic,Golden State Warriors,West,Pacific
1038453,2024-03-01,2023,False,15,25,92,122,0,Memphis Grizzlies,West,Southwest,Portland Trail Blazers,West,Northwest
1038450,2024-03-01,2023,False,23,4,121,114,1,Philadelphia 76ers,East,Atlantic,Charlotte Hornets,East,Southeast
1038451,2024-03-01,2023,False,2,7,138,110,1,Boston Celtics,East,Atlantic,Dallas Mavericks,West,Southwest
1038457,2024-03-01,2023,False,13,30,140,115,1,LA Clippers,West,Pacific,Washington Wizards,East,Southeast
1038456,2024-03-01,2023,False,5,17,97,113,0,Chicago Bulls,East,Central,Milwaukee Bucks,East,Central
1038454,2024-03-01,2023,False,18,26,120,124,0,Minnesota Timberwolves,West,Northwest,Sacramento Kings,West,Pacific
1038455,2024-03-01,2023,False,19,12,129,102,1,New Orleans Pelicans,West,Southwest,Indiana Pacers,East,Central
1038449,2024-03-01,2023,False,9,6,100,110,0,Detroit Pistons,East,Central,Cleveland Cavaliers,East,Central
1038461,2024-03-02,2023,False,14,8,114,124,0,Los Angeles Lakers,West,Pacific,Denver Nuggets,West,Northwest
1038459,2024-03-02,2023,False,16,29,126,120,1,Miami Heat,East,Southeast,Utah Jazz,West,Northwest
1038458,2024-03-02,2023,False,3,1,114,102,1,Brooklyn Nets,East,Atlantic,Atlanta Hawks,East,Southeast
1038460,2024-03-02,2023,False,15,25,100,107,0,Memphis Grizzlies,West,Southwest,Portland Trail Blazers,West,Northwest
1038462,2024-03-02,2023,False,24,11,109,118,0,Phoenix Suns,West,Pacific,Houston Rockets,West,Southwest
1038470,2024-03-03,2023,False,24,21,110,118,0,Phoenix Suns,West,Pacific,Oklahoma City Thunder,West,Northwest
1038463,2024-03-03,2023,False,7,23,116,120,0,Dallas Mavericks,West,Southwest,Philadelphia 76ers,East,Atlantic
1038464,2024-03-03,2023,False,2,10,140,88,1,Boston Celtics,East,Atlantic,Golden State Warriors,West,Pacific
1038468,2024-03-03,2023,False,6,20,98,107,0,Cleveland Cavaliers,East,Central,New York Knicks,East,Atlantic
1038469,2024-03-03,2023,False,27,12,117,105,1,San Antonio Spurs,West,Southwest,Indiana Pacers,East,Central
1038467,2024-03-03,2023,False,28,4,111,106,1,Toronto Raptors,East,Atlantic,Charlotte Hornets,East,Southeast
1038466,2024-03-03,2023,False,22,9,113,91,1,Orlando Magic,East,Southeast,Detroit Pistons,East,Central
1038465,2024-03-03,2023,False,18,13,88,89,0,Minnesota Timberwolves,West,Northwest,LA Clippers,West,Pacific
1038476,2024-03-04,2023,False,14,21,116,104,1,Los Angeles Lakers,West,Pacific,Oklahoma City Thunder,West,Northwest
1038474,2024-03-04,2023,False,29,30,127,115,1,Utah Jazz,West,Northwest,Washington Wizards,East,Southeast
1038475,2024-03-04,2023,False,26,5,109,113,0,Sacramento Kings,West,Pacific,Chicago Bulls,East,Central
1038472,2024-03-04,2023,False,17,13,113,106,1,Milwaukee Bucks,East,Central,LA Clippers,West,Pacific
1038471,2024-03-04,2023,False,3,15,102,106,0,Brooklyn Nets,East,Atlantic,Memphis Grizzlies,West,Southwest
1038473,2024-03-04,2023,False,18,25,119,114,1,Minnesota Timberwolves,West,Northwest,Portland Trail Blazers,West,Northwest
1038485,2024-03-05,2023,False,8,24,107,117,0,Denver Nuggets,West,Northwest,Phoenix Suns,West,Pacific
1038481,2024-03-05,2023,False,20,1,100,116,0,New York Knicks,East,Atlantic,Atlanta Hawks,East,Southeast
1038483,2024-03-05,2023,False,11,27,114,101,1,Houston Rockets,West,Southwest,San Antonio Spurs,West,Southwest
1038477,2024-03-05,2023,False,4,22,89,101,0,Charlotte Hornets,East,Southeast,Orlando Magic,East,Southeast
1038479,2024-03-05,2023,False,3,23,112,107,1,Brooklyn Nets,East,Atlantic,Philadelphia 76ers,East,Atlantic
1038478,2024-03-05,2023,False,6,2,105,104,1,Cleveland Cavaliers,East,Central,Boston Celtics,East,Atlantic
1038484,2024-03-05,2023,False,7,12,120,137,0,Dallas Mavericks,West,Southwest,Indiana Pacers,East,Central
1038480,2024-03-05,2023,False,16,9,118,110,1,Miami Heat,East,Southeast,Detroit Pistons,East,Central
1038482,2024-03-05,2023,False,28,19,98,139,0,Toronto Raptors,East,Atlantic,New Orleans Pelicans,West,Southwest
1038489,2024-03-06,2023,False,11,13,116,122,0,Houston Rockets,West,Southwest,LA Clippers,West,Pacific
1038490,2024-03-06,2023,False,29,5,117,119,0,Utah Jazz,West,Northwest,Chicago Bulls,East,Central
1038486,2024-03-06,2023,False,30,22,109,119,0,Washington Wizards,East,Southeast,Orlando Magic,East,Southeast
1038487,2024-03-06,2023,False,1,6,112,101,1,Atlanta Hawks,East,Southeast,Cleveland Cavaliers,East,Central
1038488,2024-03-06,2023,False,23,15,109,115,0,Philadelphia 76ers,East,Atlantic,Memphis Grizzlies,West,Southwest
1038493,2024-03-06,2023,False,14,26,120,130,0,Los Angeles Lakers,West,Pacific,Sacramento Kings,West,Pacific
1038492,2024-03-06,2023,False,25,21,120,128,0,Portland Trail Blazers,West,Northwest,Oklahoma City Thunder,West,Northwest
1038491,2024-03-06,2023,False,10,17,125,90,1,Golden State Warriors,West,Pacific,Milwaukee Bucks,East,Central
1038494,2024-03-07,2023,False,9,3,118,112,1,Detroit Pistons,East,Central,Brooklyn Nets,East,Atlantic
1038500,2024-03-07,2023,False,26,27,131,129,1,Sacramento Kings,West,Pacific,San Antonio Spurs,West,Southwest
1038497,2024-03-07,2023,False,24,28,120,113,1,Phoenix Suns,West,Pacific,Toronto Raptors,East,Atlantic
1038495,2024-03-07,2023,False,12,18,111,113,0,Indiana Pacers,East,Central,Minnesota Timberwolves,West,Northwest
1038499,2024-03-07,2023,False,10,5,122,125,0,Golden State Warriors,West,Pacific,Chicago Bulls,East,Central
1038496,2024-03-07,2023,False,7,16,114,108,1,Dallas Mavericks,West,Southwest,Miami Heat,East,Southeast
1038498,2024-03-07,2023,False,8,2,115,109,1,Denver Nuggets,West,Northwest,Boston Celtics,East,Atlantic
1038506,2024-03-08,2023,False,21,16,107,100,1,Oklahoma City Thunder,West,Northwest,Miami Heat,East,Southeast
1038502,2024-03-08,2023,False,30,4,112,100,1,Washington Wizards,East,Southeast,Charlotte Hornets,East,Southeast
1038504,2024-03-08,2023,False,20,22,98,74,1,New York Knicks,East,Atlantic,Orlando Magic,East,Southeast
1038507,2024-03-08,2023,False,14,17,123,122,1,Los Angeles Lakers,West,Pacific,Milwaukee Bucks,East,Central
1038508,2024-03-08,2023,False,25,11,107,123,0,Portland Trail Blazers,West,Northwest,Houston Rockets,West,Southwest
1038505,2024-03-08,2023,False,15,1,92,99,0,Memphis Grizzlies,West,Southwest,Atlanta Hawks,East,Southeast
1038503,2024-03-08,2023,False,6,18,113,104,1,Cleveland Cavaliers,East,Central,Minnesota Timberwolves,West,Northwest
1038501,2024-03-08,2023,False,23,19,95,103,0,Philadelphia 76ers,East,Atlantic,New Orleans Pelicans,West,Southwest
1038509,2024-03-09,2023,False,13,5,112,102,1,LA Clippers,West,Pacific,Chicago Bulls,East,Central
1038511,2024-03-09,2023,False,9,7,124,142,0,Detroit Pistons,East,Central,Dallas Mavericks,West,Southwest
1038514,2024-03-09,2023,False,8,29,142,121,1,Denver Nuggets,West,Northwest,Utah Jazz,West,Northwest
1038513,2024-03-09,2023,False,10,27,113,126,0,Golden State Warriors,West,Pacific,San Antonio Spurs,West,Southwest
1038510,2024-03-09,2023,False,4,3,110,99,1,Charlotte Hornets,East,Southeast,Brooklyn Nets,East,Atlantic
1038515,2024-03-09,2023,False,25,28,128,118,1,Portland Trail Blazers,West,Northwest,Toronto Raptors,East,Atlantic
1038512,2024-03-09,2023,False,24,2,107,117,0,Phoenix Suns,West,Pacific,Boston Celtics,East,Atlantic
1038521,2024-03-10,2023,False,26,11,104,112,0,Sacramento Kings,West,Pacific,Houston Rockets,West,Southwest
1038523,2024-03-10,2023,False,21,15,124,93,1,Oklahoma City Thunder,West,Northwest,Memphis Grizzlies,West,Southwest
1038524,2024-03-10,2023,False,14,18,120,109,1,Los Angeles Lakers,West,Pacific,Minnesota Timberwolves,West,Northwest
1038522,2024-03-10,2023,False,6,3,101,120,0,Cleveland Cavaliers,East,Central,Brooklyn Nets,East,Atlantic
1038518,2024-03-10,2023,False,16,30,108,110,0,Miami Heat,East,Southeast,Washington Wizards,East,Southeast
1038516,2024-03-10,2023,False,13,17,117,124,0,LA Clippers,West,Pacific,Milwaukee Bucks,East,Central
1038519,2024-03-10,2023,False,20,23,73,79,0,New York Knicks,East,Atlantic,Philadelphia 76ers,East,Atlantic
1038517,2024-03-10,2023,False,1,19,103,116,0,Atlanta Hawks,East,Southeast,New Orleans Pelicans,West,Southwest
1038520,2024-03-10,2023,False,22,12,97,111,0,Orlando Magic,East,Southeast,Indiana Pacers,East,Central
1038528,2024-03-11,2023,False,27,10,102,112,0,San Antonio Spurs,West,Southwest,Golden State Warriors,West,Pacific
1038527,2024-03-11,2023,False,5,7,92,127,0,Chicago Bulls,East,Central,Dallas Mavericks,West,Southwest
1038525,2024-03-11,2023,False,9,4,114,97,1,Detroit Pistons,East,Central,Charlotte Hornets,East,Southeast
1038530,2024-03-11,2023,False,25,2,99,121,0,Portland Trail Blazers,West,Northwest,Boston Celtics,East,Atlantic
1038529,2024-03-11,2023,False,8,28,125,119,1,Denver Nuggets,West,Northwest,Toronto Raptors,East,Atlantic
1038526,2024-03-11,2023,False,6,24,111,117,0,Cleveland Cavaliers,East,Central,Phoenix Suns,West,Pacific
1038535,2024-03-12,2023,False,29,2,107,123,0,Utah Jazz,West,Northwest,Boston Celtics,East,Atlantic
1038532,2024-03-12,2023,False,15,30,109,97,1,Memphis Grizzlies,West,Southwest,Washington Wizards,East,Southeast
1038534,2024-03-12,2023,False,27,11,101,103,0,San Antonio Spurs,West,Southwest,Houston Rockets,West,Southwest
1038531,2024-03-12,2023,False,20,23,106,79,1,New York Knicks,East,Atlantic,Philadelphia 76ers,East,Atlantic
1038537,2024-03-12,2023,False,26,17,129,94,1,Sacramento Kings,West,Pacific,Milwaukee Bucks,East,Central
1038536,2024-03-12,2023,False,13,18,100,118,0,LA Clippers,West,Pacific,Minnesota Timberwolves,West,Northwest
1038533,2024-03-12,2023,False,21,12,111,121,0,Oklahoma City Thunder,West,Northwest,Indiana Pacers,East,Central
1038545,2024-03-13,2023,False,25,1,106,102,1,Portland Trail Blazers,West,Northwest,Atlanta Hawks,East,Southeast
1038543,2024-03-13,2023,False,19,6,95,116,0,New Orleans Pelicans,West,Southwest,Cleveland Cavaliers,East,Central
1038544,2024-03-13,2023,False,7,10,109,99,1,Dallas Mavericks,West,Southwest,Golden State Warriors,West,Pacific
1038546,2024-03-13,2023,False,26,14,120,107,1,Sacramento Kings,West,Pacific,Los Angeles Lakers,West,Pacific
1038540,2024-03-13,2023,False,12,5,129,132,0,Indiana Pacers,East,Central,Chicago Bulls,East,Central
1038538,2024-03-13,2023,False,9,28,113,104,1,Detroit Pistons,East,Central,Toronto Raptors,East,Atlantic
1038539,2024-03-13,2023,False,22,3,114,106,1,Orlando Magic,East,Southeast,Brooklyn Nets,East,Atlantic
1038541,2024-03-13,2023,False,16,8,88,100,0,Miami Heat,East,Southeast,Denver Nuggets,West,Northwest
1038542,2024-03-13,2023,False,15,4,98,110,0,Memphis Grizzlies,West,Southwest,Charlotte Hornets,East,Southeast
1038548,2024-03-14,2023,False,5,13,111,126,0,Chicago Bulls,East,Central,LA Clippers,West,Pacific
1038549,2024-03-14,2023,False,11,30,135,119,1,Houston Rockets,West,Southwest,Washington Wizards,East,Southeast
1038551,2024-03-14,2023,False,21,7,126,119,1,Oklahoma City Thunder,West,Northwest,Dallas Mavericks,West,Southwest
1038550,2024-03-14,2023,False,17,23,114,105,1,Milwaukee Bucks,East,Central,Philadelphia 76ers,East,Atlantic
1038552,2024-03-14,2023,False,25,20,93,105,0,Portland Trail Blazers,West,Northwest,New York Knicks,East,Atlantic
1038547,2024-03-14,2023,False,2,24,127,112,1,Boston Celtics,East,Atlantic,Phoenix Suns,West,Pacific
1038558,2024-03-15,2023,False,29,1,124,122,1,Utah Jazz,West,Northwest,Atlanta Hawks,East,Southeast
1038557,2024-03-15,2023,False,27,8,106,117,0,San Antonio Spurs,West,Southwest,Denver Nuggets,West,Northwest
1038556,2024-03-15,2023,False,19,13,112,104,1,New Orleans Pelicans,West,Southwest,LA Clippers,West,Pacific
1038554,2024-03-15,2023,False,9,16,95,108,0,Detroit Pistons,East,Central,Miami Heat,East,Southeast
1038555,2024-03-15,2023,False,28,22,103,113,0,Toronto Raptors,East,Atlantic,Orlando Magic,East,Southeast
1038553,2024-03-15,2023,False,4,24,96,107,0,Charlotte Hornets,East,Southeast,Phoenix Suns,West,Pacific
1038562,2024-03-16,2023,False,19,25,126,107,1,New Orleans Pelicans,West,Southwest,Portland Trail Blazers,West,Northwest
1038563,2024-03-16,2023,False,5,30,127,98,1,Chicago Bulls,East,Central,Washington Wizards,East,Southeast
1038566,2024-03-16,2023,False,29,18,100,119,0,Utah Jazz,West,Northwest,Minnesota Timberwolves,West,Northwest
1038565,2024-03-16,2023,False,14,10,121,128,0,Los Angeles Lakers,West,Pacific,Golden State Warriors,West,Pacific
1038567,2024-03-16,2023,False,26,20,91,98,0,Sacramento Kings,West,Pacific,New York Knicks,East,Atlantic
1038564,2024-03-16,2023,False,15,21,112,118,0,Memphis Grizzlies,West,Southwest,Oklahoma City Thunder,West,Northwest
1038560,2024-03-16,2023,False,12,3,121,100,1,Indiana Pacers,East,Central,Brooklyn Nets,East,Atlantic
1038561,2024-03-16,2023,False,23,4,109,98,1,Philadelphia 76ers,East,Atlantic,Charlotte Hornets,East,Southeast
1038559,2024-03-16,2023,False,11,6,117,103,1,Houston Rockets,West,Southwest,Cleveland Cavaliers,East,Central
1038569,2024-03-17,2023,False,9,16,101,104,0,Detroit Pistons,East,Central,Miami Heat,East,Southeast
1038571,2024-03-17,2023,False,22,28,111,96,1,Orlando Magic,East,Southeast,Toronto Raptors,East,Atlantic
1038574,2024-03-17,2023,False,13,1,93,110,0,LA Clippers,West,Pacific,Atlanta Hawks,East,Southeast
1038570,2024-03-17,2023,False,7,8,107,105,1,Dallas Mavericks,West,Southwest,Denver Nuggets,West,Northwest
1038572,2024-03-17,2023,False,30,2,104,130,0,Washington Wizards,East,Southeast,Boston Celtics,East,Atlantic
1038573,2024-03-17,2023,False,27,3,122,115,1,San Antonio Spurs,West,Southwest,Brooklyn Nets,East,Atlantic
1038568,2024-03-17,2023,False,17,24,140,129,1,Milwaukee Bucks,East,Central,Phoenix Suns,West,Pacific
1038582,2024-03-18,2023,False,14,1,136,105,1,Los Angeles Lakers,West,Pacific,Atlanta Hawks,East,Southeast
1038577,2024-03-18,2023,False,23,16,98,91,1,Philadelphia 76ers,East,Atlantic,Miami Heat,East,Southeast
1038579,2024-03-18,2023,False,29,18,104,114,0,Utah Jazz,West,Northwest,Minnesota Timberwolves,West,Northwest
1038581,2024-03-18,2023,False,26,15,121,111,1,Sacramento Kings,West,Pacific,Memphis Grizzlies,West,Southwest
1038578,2024-03-18,2023,False,5,25,110,107,1,Chicago Bulls,East,Central,Portland Trail Blazers,West,Northwest
1038580,2024-03-18,2023,False,10,20,112,119,0,Golden State Warriors,West,Pacific,New York Knicks,East,Atlantic
1038575,2024-03-18,2023,False,12,6,103,108,0,Indiana Pacers,East,Central,Cleveland Cavaliers,East,Central
1038576,2024-03-18,2023,False,2,9,119,94,1,Boston Celtics,East,Atlantic,Detroit Pistons,East,Central
1038584,2024-03-19,2023,False,30,11,114,137,0,Washington Wizards,East,Southeast,Houston Rockets,West,Southwest
1038586,2024-03-19,2023,False,27,7,107,113,0,San Antonio Spurs,West,Southwest,Dallas Mavericks,West,Southwest
1038585,2024-03-19,2023,False,3,19,91,104,0,Brooklyn Nets,East,Atlantic,New Orleans Pelicans,West,Southwest
1038583,2024-03-19,2023,False,22,4,112,92,1,Orlando Magic,East,Southeast,Charlotte Hornets,East,Southeast
1038587,2024-03-19,2023,False,18,8,112,115,0,Minnesota Timberwolves,West,Northwest,Denver Nuggets,West,Northwest
1038593,2024-03-20,2023,False,10,15,137,116,1,Golden State Warriors,West,Pacific,Memphis Grizzlies,West,Southwest
1038592,2024-03-20,2023,False,21,29,119,107,1,Oklahoma City Thunder,West,Northwest,Utah Jazz,West,Northwest
1038588,2024-03-20,2023,False,6,16,104,107,0,Cleveland Cavaliers,East,Central,Miami Heat,East,Southeast
1038595,2024-03-20,2023,False,25,13,103,116,0,Portland Trail Blazers,West,Northwest,LA Clippers,West,Pacific
1038589,2024-03-20,2023,False,9,12,103,122,0,Detroit Pistons,East,Central,Indiana Pacers,East,Central
1038590,2024-03-20,2023,False,2,17,122,119,1,Boston Celtics,East,Atlantic,Milwaukee Bucks,East,Central
1038594,2024-03-20,2023,False,24,23,115,102,1,Phoenix Suns,West,Pacific,Philadelphia 76ers,East,Atlantic
1038591,2024-03-20,2023,False,28,26,89,123,0,Toronto Raptors,East,Atlantic,Sacramento Kings,West,Pacific
1038596,2024-03-21,2023,False,22,19,121,106,1,Orlando Magic,East,Southeast,New Orleans Pelicans,West,Southwest
1038602,2024-03-21,2023,False,24,1,128,115,1,Phoenix Suns,West,Pacific,Atlanta Hawks,East,Southeast
1038601,2024-03-21,2023,False,8,20,113,100,1,Denver Nuggets,West,Northwest,New York Knicks,East,Atlantic
1038599,2024-03-21,2023,False,17,3,115,108,1,Milwaukee Bucks,East,Central,Brooklyn Nets,East,Atlantic
1038598,2024-03-21,2023,False,11,5,127,117,1,Houston Rockets,West,Southwest,Chicago Bulls,East,Central
1038600,2024-03-21,2023,False,7,29,113,97,1,Dallas Mavericks,West,Southwest,Utah Jazz,West,Northwest
1038597,2024-03-21,2023,False,30,26,109,102,1,Washington Wizards,East,Southeast,Sacramento Kings,West,Pacific
1038608,2024-03-22,2023,False,10,12,111,123,0,Golden State Warriors,West,Pacific,Indiana Pacers,East,Central
1038605,2024-03-22,2023,False,16,19,88,111,0,Miami Heat,East,Southeast,New Orleans Pelicans,West,Southwest
1038603,2024-03-22,2023,False,9,2,102,129,0,Detroit Pistons,East,Central,Boston Celtics,East,Atlantic
1038606,2024-03-22,2023,False,18,6,104,91,1,Minnesota Timberwolves,West,Northwest,Cleveland Cavaliers,East,Central
1038610,2024-03-22,2023,False,14,23,101,94,1,Los Angeles Lakers,West,Pacific,Philadelphia 76ers,East,Atlantic
1038609,2024-03-22,2023,False,25,13,117,125,0,Portland Trail Blazers,West,Northwest,LA Clippers,West,Pacific
1038604,2024-03-22,2023,False,28,21,103,123,0,Toronto Raptors,East,Atlantic,Oklahoma City Thunder,West,Northwest
1038607,2024-03-22,2023,False,27,15,97,99,0,San Antonio Spurs,West,Southwest,Memphis Grizzlies,West,Southwest
1038613,2024-03-23,2023,False,1,4,132,91,1,Atlanta Hawks,East,Southeast,Charlotte Hornets,East,Southeast
1038618,2024-03-23,2023,False,25,8,111,114,0,Portland Trail Blazers,West,Northwest,Denver Nuggets,West,Northwest
1038614,2024-03-23,2023,False,30,28,112,109,1,Washington Wizards,East,Southeast,Toronto Raptors,East,Atlantic
1038612,2024-03-23,2023,False,22,26,107,109,0,Orlando Magic,East,Southeast,Sacramento Kings,West,Pacific
1038616,2024-03-23,2023,False,11,29,147,119,1,Houston Rockets,West,Southwest,Utah Jazz,West,Northwest
1038611,2024-03-23,2023,False,20,3,105,93,1,New York Knicks,East,Atlantic,Brooklyn Nets,East,Atlantic
1038615,2024-03-23,2023,False,5,2,113,124,0,Chicago Bulls,East,Central,Boston Celtics,East,Atlantic
1038617,2024-03-23,2023,False,27,24,106,131,0,San Antonio Spurs,West,Southwest,Phoenix Suns,West,Pacific
1038620,2024-03-24,2023,False,13,23,107,121,0,LA Clippers,West,Pacific,Philadelphia 76ers,East,Atlantic
1038624,2024-03-24,2023,False,14,12,150,145,1,Los Angeles Lakers,West,Pacific,Indiana Pacers,East,Central
1038622,2024-03-24,2023,False,17,21,118,93,1,Milwaukee Bucks,East,Central,Oklahoma City Thunder,West,Northwest
1038623,2024-03-24,2023,False,18,10,114,110,1,Minnesota Timberwolves,West,Northwest,Golden State Warriors,West,Pacific
1038621,2024-03-24,2023,False,16,6,121,84,1,Miami Heat,East,Southeast,Cleveland Cavaliers,East,Central
1038619,2024-03-24,2023,False,9,19,101,114,0,Detroit Pistons,East,Central,New Orleans Pelicans,West,Southwest
1038627,2024-03-25,2023,False,20,9,124,99,1,New York Knicks,East,Atlantic,Detroit Pistons,East,Central
1038632,2024-03-25,2023,False,8,15,128,103,1,Denver Nuggets,West,Northwest,Memphis Grizzlies,West,Southwest
1038630,2024-03-25,2023,False,11,25,110,92,1,Houston Rockets,West,Southwest,Portland Trail Blazers,West,Northwest
1038626,2024-03-25,2023,False,1,2,120,118,1,Atlanta Hawks,East,Southeast,Boston Celtics,East,Atlantic
1038631,2024-03-25,2023,False,27,24,104,102,1,San Antonio Spurs,West,Southwest,Phoenix Suns,West,Pacific
1038633,2024-03-25,2023,False,29,7,105,115,0,Utah Jazz,West,Northwest,Dallas Mavericks,West,Southwest
1038635,2024-03-25,2023,False,13,12,116,133,0,LA Clippers,West,Pacific,Indiana Pacers,East,Central
1038628,2024-03-25,2023,False,28,3,88,96,0,Toronto Raptors,East,Atlantic,Brooklyn Nets,East,Atlantic
1038634,2024-03-25,2023,False,26,23,108,96,1,Sacramento Kings,West,Pacific,Philadelphia 76ers,East,Atlantic
1038625,2024-03-25,2023,False,6,4,115,92,1,Cleveland Cavaliers,East,Central,Charlotte Hornets,East,Southeast
1038629,2024-03-25,2023,False,5,30,105,107,0,Chicago Bulls,East,Central,Washington Wizards,East,Southeast
1038639,2024-03-26,2023,False,26,7,96,132,0,Sacramento Kings,West,Pacific,Dallas Mavericks,West,Southwest
1038637,2024-03-26,2023,False,17,14,124,128,0,Milwaukee Bucks,East,Central,Los Angeles Lakers,West,Pacific
1038638,2024-03-26,2023,False,19,21,112,119,0,New Orleans Pelicans,West,Southwest,Oklahoma City Thunder,West,Northwest
1038636,2024-03-26,2023,False,16,10,92,113,0,Miami Heat,East,Southeast,Golden State Warriors,West,Pacific
1038640,2024-03-27,2023,False,4,6,118,111,1,Charlotte Hornets,East,Southeast,Cleveland Cavaliers,East,Central
1038649,2024-03-27,2023,False,21,11,126,132,0,Oklahoma City Thunder,West,Northwest,Houston Rockets,West,Southwest
1038650,2024-03-27,2023,False,29,27,111,118,0,Utah Jazz,West,Northwest,San Antonio Spurs,West,Southwest
1038644,2024-03-27,2023,False,23,13,107,108,0,Philadelphia 76ers,East,Atlantic,LA Clippers,West,Pacific
1038646,2024-03-27,2023,False,5,12,125,99,1,Chicago Bulls,East,Central,Indiana Pacers,East,Central
1038641,2024-03-27,2023,False,22,10,93,101,0,Orlando Magic,East,Southeast,Golden State Warriors,West,Pacific
1038642,2024-03-27,2023,False,30,3,119,122,0,Washington Wizards,East,Southeast,Brooklyn Nets,East,Atlantic
1038645,2024-03-27,2023,False,28,20,101,145,0,Toronto Raptors,East,Atlantic,New York Knicks,East,Atlantic
1038647,2024-03-27,2023,False,15,14,124,136,0,Memphis Grizzlies,West,Southwest,Los Angeles Lakers,West,Pacific
1038648,2024-03-27,2023,False,18,9,106,91,1,Minnesota Timberwolves,West,Northwest,Detroit Pistons,East,Central
1038643,2024-03-27,2023,False,1,25,120,106,1,Atlanta Hawks,East,Southeast,Portland Trail Blazers,West,Northwest
1038651,2024-03-27,2023,False,8,24,97,104,0,Denver Nuggets,West,Northwest,Phoenix Suns,West,Pacific
1038652,2024-03-28,2023,False,1,2,123,122,1,Atlanta Hawks,East,Southeast,Boston Celtics,East,Atlantic
1038653,2024-03-28,2023,False,19,17,107,100,1,New Orleans Pelicans,West,Southwest,Milwaukee Bucks,East,Central
1038662,2024-03-29,2023,False,27,20,130,126,1,San Antonio Spurs,West,Southwest,New York Knicks,East,Atlantic
1038658,2024-03-29,2023,False,3,5,125,108,1,Brooklyn Nets,East,Atlantic,Chicago Bulls,East,Central
1038661,2024-03-29,2023,False,21,24,128,103,1,Oklahoma City Thunder,West,Northwest,Phoenix Suns,West,Pacific
1038655,2024-03-29,2023,False,12,14,109,90,1,Indiana Pacers,East,Central,Los Angeles Lakers,West,Pacific
1038663,2024-03-29,2023,False,8,18,98,111,0,Denver Nuggets,West,Northwest,Minnesota Timberwolves,West,Northwest
1038664,2024-03-29,2023,False,29,11,100,101,0,Utah Jazz,West,Northwest,Houston Rockets,West,Southwest
1038654,2024-03-29,2023,False,4,10,97,115,0,Charlotte Hornets,East,Southeast,Golden State Warriors,West,Pacific
1038660,2024-03-29,2023,False,16,25,142,82,1,Miami Heat,East,Southeast,Portland Trail Blazers,West,Northwest
1038657,2024-03-29,2023,False,30,9,87,96,0,Washington Wizards,East,Southeast,Detroit Pistons,East,Central
1038656,2024-03-29,2023,False,22,13,97,100,0,Orlando Magic,East,Southeast,LA Clippers,West,Pacific
1038659,2024-03-29,2023,False,6,23,117,114,1,Cleveland Cavaliers,East,Central,Philadelphia 76ers,East,Atlantic
1038665,2024-03-29,2023,False,26,7,103,107,0,Sacramento Kings,West,Pacific,Dallas Mavericks,West,Southwest
1038666,2024-03-30,2023,False,19,2,92,104,0,New Orleans Pelicans,West,Southwest,Boston Celtics,East,Atlantic
1038667,2024-03-30,2023,False,22,15,118,88,1,Orlando Magic,East,Southeast,Memphis Grizzlies,West,Southwest
1038668,2024-03-30,2023,False,1,17,113,122,0,Atlanta Hawks,East,Southeast,Milwaukee Bucks,East,Central
1038671,2024-03-31,2023,False,4,13,118,130,0,Charlotte Hornets,East,Southeast,LA Clippers,West,Pacific
1038670,2024-03-31,2023,False,3,14,104,116,0,Brooklyn Nets,East,Atlantic,Los Angeles Lakers,West,Pacific
1038672,2024-03-31,2023,False,28,23,120,135,0,Toronto Raptors,East,Atlantic,Philadelphia 76ers,East,Atlantic
1038676,2024-03-31,2023,False,18,5,101,109,0,Minnesota Timberwolves,West,Northwest,Chicago Bulls,East,Central
1038669,2024-03-31,2023,False,8,6,130,101,1,Denver Nuggets,West,Northwest,Cleveland Cavaliers,East,Central
1038677,2024-03-31,2023,False,27,10,113,117,0,San Antonio Spurs,West,Southwest,Golden State Warriors,West,Pacific
1038674,2024-03-31,2023,False,20,21,112,113,0,New York Knicks,East,Atlantic,Oklahoma City Thunder,West,Northwest
1038678,2024-03-31,2023,False,26,29,127,106,1,Sacramento Kings,West,Pacific,Utah Jazz,West,Northwest
1038673,2024-03-31,2023,False,30,16,107,119,0,Washington Wizards,East,Southeast,Miami Heat,East,Southeast
1038675,2024-03-31,2023,False,11,7,107,125,0,Houston Rockets,West,Southwest,Dallas Mavericks,West,Southwest
1038682,2024-04-01,2023,False,22,25,104,103,1,Orlando Magic,East,Southeast,Portland Trail Blazers,West,Northwest
1038679,2024-04-01,2023,False,4,2,104,118,0,Charlotte Hornets,East,Southeast,Boston Celtics,East,Atlantic
1038680,2024-04-01,2023,False,9,15,108,110,0,Detroit Pistons,East,Central,Memphis Grizzlies,West,Southwest
1038681,2024-04-01,2023,False,12,3,133,111,1,Indiana Pacers,East,Central,Brooklyn Nets,East,Atlantic
1038684,2024-04-01,2023,False,19,24,111,124,0,New Orleans Pelicans,West,Southwest,Phoenix Suns,West,Pacific
1038683,2024-04-01,2023,False,5,1,101,113,0,Chicago Bulls,East,Central,Atlanta Hawks,East,Southeast
1038687,2024-04-02,2023,False,30,17,117,113,1,Washington Wizards,East,Southeast,Milwaukee Bucks,East,Central
1038693,2024-04-02,2023,False,26,13,109,95,1,Sacramento Kings,West,Pacific,LA Clippers,West,Pacific
1038181,2024-04-02,2023,False,10,7,104,100,1,Golden State Warriors,West,Pacific,Dallas Mavericks,West,Southwest
1038692,2024-04-02,2023,False,29,6,113,129,0,Utah Jazz,West,Northwest,Cleveland Cavaliers,East,Central
1038686,2024-04-02,2023,False,28,14,111,128,0,Toronto Raptors,East,Atlantic,Los Angeles Lakers,West,Pacific
1038685,2024-04-02,2023,False,23,21,109,105,1,Philadelphia 76ers,East,Atlantic,Oklahoma City Thunder,West,Northwest
1038691,2024-04-02,2023,False,8,27,110,105,1,Denver Nuggets,West,Northwest,San Antonio Spurs,West,Southwest
1038690,2024-04-02,2023,False,18,11,113,106,1,Minnesota Timberwolves,West,Northwest,Houston Rockets,West,Southwest
1038688,2024-04-02,2023,False,16,20,109,99,1,Miami Heat,East,Southeast,New York Knicks,East,Atlantic
1038697,2024-04-03,2023,False,2,21,135,100,1,Boston Celtics,East,Atlantic,Oklahoma City Thunder,West,Northwest
1038695,2024-04-03,2023,False,30,14,120,125,0,Washington Wizards,East,Southeast,Los Angeles Lakers,West,Pacific
1038696,2024-04-03,2023,False,1,9,121,113,1,Atlanta Hawks,East,Southeast,Detroit Pistons,East,Central
1038701,2024-04-03,2023,False,19,22,108,117,0,New Orleans Pelicans,West,Southwest,Orlando Magic,East,Southeast
1038699,2024-04-03,2023,False,17,15,101,111,0,Milwaukee Bucks,East,Central,Memphis Grizzlies,West,Southwest
1038702,2024-04-03,2023,False,24,6,122,101,1,Phoenix Suns,West,Pacific,Cleveland Cavaliers,East,Central
1038698,2024-04-03,2023,False,3,12,115,111,1,Brooklyn Nets,East,Atlantic,Indiana Pacers,East,Central
1038700,2024-04-03,2023,False,18,28,133,85,1,Minnesota Timberwolves,West,Northwest,Toronto Raptors,East,Atlantic
1038694,2024-04-03,2023,False,4,25,86,89,0,Charlotte Hornets,East,Southeast,Portland Trail Blazers,West,Northwest
1038716,2024-04-04,2023,False,7,1,109,95,1,Dallas Mavericks,West,Southwest,Atlanta Hawks,East,Southeast
1038706,2024-04-04,2023,False,13,8,102,100,1,LA Clippers,West,Pacific,Denver Nuggets,West,Northwest
1038703,2024-04-04,2023,False,16,23,105,109,0,Miami Heat,East,Southeast,Philadelphia 76ers,East,Atlantic
1038704,2024-04-04,2023,False,20,26,120,109,1,New York Knicks,East,Atlantic,Sacramento Kings,West,Pacific
1038705,2024-04-04,2023,False,11,10,110,133,0,Houston Rockets,West,Southwest,Golden State Warriors,West,Pacific
1038717,2024-04-05,2023,False,24,18,97,87,1,Phoenix Suns,West,Pacific,Minnesota Timberwolves,West,Northwest
1038718,2024-04-05,2023,False,13,29,131,102,1,LA Clippers,West,Pacific,Utah Jazz,West,Northwest
1038711,2024-04-05,2023,False,5,20,108,100,1,Chicago Bulls,East,Central,New York Knicks,East,Atlantic
1038714,2024-04-05,2023,False,17,28,111,117,0,Milwaukee Bucks,East,Central,Toronto Raptors,East,Atlantic
1038689,2024-04-05,2023,False,7,10,108,106,1,Dallas Mavericks,West,Southwest,Golden State Warriors,West,Pacific
1038715,2024-04-05,2023,False,19,27,109,111,0,New Orleans Pelicans,West,Southwest,San Antonio Spurs,West,Southwest
1038712,2024-04-05,2023,False,11,16,104,119,0,Houston Rockets,West,Southwest,Miami Heat,East,Southeast
1038713,2024-04-05,2023,False,15,9,108,90,1,Memphis Grizzlies,West,Southwest,Detroit Pistons,East,Central
1038707,2024-04-05,2023,False,4,22,124,115,1,Charlotte Hornets,East,Southeast,Orlando Magic,East,Southeast
1038709,2024-04-05,2023,False,30,25,102,108,0,Washington Wizards,East,Southeast,Portland Trail Blazers,West,Northwest
1038708,2024-04-05,2023,False,12,21,126,112,1,Indiana Pacers,East,Central,Oklahoma City Thunder,West,Northwest
1038710,2024-04-05,2023,False,2,26,101,100,1,Boston Celtics,East,Atlantic,Sacramento Kings,West,Pacific
1038721,2024-04-06,2023,False,15,23,96,116,0,Memphis Grizzlies,West,Southwest,Philadelphia 76ers,East,Atlantic
1038720,2024-04-06,2023,False,3,9,113,103,1,Brooklyn Nets,East,Atlantic,Detroit Pistons,East,Central
1038722,2024-04-06,2023,False,8,1,142,110,1,Denver Nuggets,West,Northwest,Atlanta Hawks,East,Southeast
1038719,2024-04-06,2023,False,14,6,116,97,1,Los Angeles Lakers,West,Pacific,Cleveland Cavaliers,East,Central
1038732,2024-04-07,2023,False,27,23,126,133,0,San Antonio Spurs,West,Southwest,Philadelphia 76ers,East,Atlantic
1038726,2024-04-07,2023,False,2,25,124,107,1,Boston Celtics,East,Atlantic,Portland Trail Blazers,West,Northwest
1038729,2024-04-07,2023,False,28,30,130,122,1,Toronto Raptors,East,Atlantic,Washington Wizards,East,Southeast
1038728,2024-04-07,2023,False,22,5,113,98,1,Orlando Magic,East,Southeast,Chicago Bulls,East,Central
1038725,2024-04-07,2023,False,12,16,117,115,1,Indiana Pacers,East,Central,Miami Heat,East,Southeast
1038730,2024-04-07,2023,False,24,19,105,113,0,Phoenix Suns,West,Pacific,New Orleans Pelicans,West,Southwest
1038723,2024-04-07,2023,False,7,11,147,136,1,Dallas Mavericks,West,Southwest,Houston Rockets,West,Southwest
1038734,2024-04-07,2023,False,10,29,118,110,1,Golden State Warriors,West,Pacific,Utah Jazz,West,Northwest
1038731,2024-04-07,2023,False,17,20,109,122,0,Milwaukee Bucks,East,Central,New York Knicks,East,Atlantic
1038733,2024-04-07,2023,False,3,26,77,107,0,Brooklyn Nets,East,Atlantic,Sacramento Kings,West,Pacific
1038735,2024-04-07,2023,False,14,18,117,127,0,Los Angeles Lakers,West,Pacific,Minnesota Timberwolves,West,Northwest
1038727,2024-04-07,2023,False,4,21,118,121,0,Charlotte Hornets,East,Southeast,Oklahoma City Thunder,West,Northwest
1038724,2024-04-07,2023,False,13,6,120,118,1,LA Clippers,West,Pacific,Cleveland Cavaliers,East,Central
1038741,2024-04-09,2023,False,5,20,117,128,0,Chicago Bulls,East,Central,New York Knicks,East,Atlantic
1038744,2024-04-09,2023,False,18,30,130,121,1,Minnesota Timberwolves,West,Northwest,Washington Wizards,East,Southeast
1038742,2024-04-09,2023,False,11,22,118,106,1,Houston Rockets,West,Southwest,Orlando Magic,East,Southeast
1038739,2024-04-09,2023,False,1,16,111,117,0,Atlanta Hawks,East,Southeast,Miami Heat,East,Southeast
1038748,2024-04-09,2023,False,24,13,92,105,0,Phoenix Suns,West,Pacific,LA Clippers,West,Pacific
1038737,2024-04-09,2023,False,23,9,120,102,1,Philadelphia 76ers,East,Atlantic,Detroit Pistons,East,Central
1038740,2024-04-09,2023,False,17,2,104,91,1,Milwaukee Bucks,East,Central,Boston Celtics,East,Atlantic
1038746,2024-04-09,2023,False,29,8,95,111,0,Utah Jazz,West,Northwest,Denver Nuggets,West,Northwest
1038747,2024-04-09,2023,False,14,10,120,134,0,Los Angeles Lakers,West,Pacific,Golden State Warriors,West,Pacific
1038736,2024-04-09,2023,False,4,7,104,130,0,Charlotte Hornets,East,Southeast,Dallas Mavericks,West,Southwest
1038745,2024-04-09,2023,False,21,26,112,105,1,Oklahoma City Thunder,West,Northwest,Sacramento Kings,West,Pacific
1038738,2024-04-09,2023,False,28,12,123,140,0,Toronto Raptors,East,Atlantic,Indiana Pacers,East,Central
1038749,2024-04-09,2023,False,25,19,100,110,0,Portland Trail Blazers,West,Northwest,New Orleans Pelicans,West,Southwest
1038743,2024-04-09,2023,False,15,27,87,102,0,Memphis Grizzlies,West,Southwest,San Antonio Spurs,West,Southwest
1038755,2024-04-10,2023,False,21,27,127,89,1,Oklahoma City Thunder,West,Northwest,San Antonio Spurs,West,Southwest
1038757,2024-04-10,2023,False,13,24,108,124,0,LA Clippers,West,Pacific,Phoenix Suns,West,Pacific
1038752,2024-04-10,2023,False,3,28,106,102,1,Brooklyn Nets,East,Atlantic,Toronto Raptors,East,Atlantic
1038751,2024-04-10,2023,False,1,4,114,115,0,Atlanta Hawks,East,Southeast,Charlotte Hornets,East,Southeast
1038756,2024-04-10,2023,False,8,18,116,107,1,Denver Nuggets,West,Northwest,Minnesota Timberwolves,West,Northwest
1038753,2024-04-10,2023,False,16,7,92,111,0,Miami Heat,East,Southeast,Dallas Mavericks,West,Southwest
1038754,2024-04-10,2023,False,17,22,117,99,1,Milwaukee Bucks,East,Central,Orlando Magic,East,Southeast
1038750,2024-04-10,2023,False,6,15,110,98,1,Cleveland Cavaliers,East,Central,Memphis Grizzlies,West,Southwest
1038760,2024-04-11,2023,False,29,11,124,121,1,Utah Jazz,West,Northwest,Houston Rockets,West,Southwest
1038762,2024-04-11,2023,False,26,19,123,135,0,Sacramento Kings,West,Pacific,New Orleans Pelicans,West,Southwest
1038761,2024-04-11,2023,False,25,10,92,100,0,Portland Trail Blazers,West,Northwest,Golden State Warriors,West,Pacific
1038759,2024-04-11,2023,False,2,20,109,118,0,Boston Celtics,East,Atlantic,New York Knicks,East,Atlantic
1038758,2024-04-11,2023,False,9,5,105,127,0,Detroit Pistons,East,Central,Chicago Bulls,East,Central
1038766,2024-04-12,2023,False,6,12,129,120,1,Cleveland Cavaliers,East,Central,Indiana Pacers,East,Central
1038776,2024-04-12,2023,False,13,29,109,110,0,LA Clippers,West,Pacific,Utah Jazz,West,Northwest
1038777,2024-04-12,2023,False,26,24,107,108,0,Sacramento Kings,West,Pacific,Phoenix Suns,West,Pacific
1038771,2024-04-12,2023,False,21,17,125,107,1,Oklahoma City Thunder,West,Northwest,Milwaukee Bucks,East,Central
1038770,2024-04-12,2023,False,18,1,109,106,1,Minnesota Timberwolves,West,Northwest,Atlanta Hawks,East,Southeast
1038772,2024-04-12,2023,False,27,8,121,120,1,San Antonio Spurs,West,Southwest,Denver Nuggets,West,Northwest
1038763,2024-04-12,2023,False,23,22,125,113,1,Philadelphia 76ers,East,Atlantic,Orlando Magic,East,Southeast
1038767,2024-04-12,2023,False,20,3,111,107,1,New York Knicks,East,Atlantic,Brooklyn Nets,East,Atlantic
1038775,2024-04-12,2023,False,25,11,107,116,0,Portland Trail Blazers,West,Northwest,Houston Rockets,West,Southwest
1038768,2024-04-12,2023,False,16,28,125,103,1,Miami Heat,East,Southeast,Toronto Raptors,East,Atlantic
1038765,2024-04-12,2023,False,2,4,131,98,1,Boston Celtics,East,Atlantic,Charlotte Hornets,East,Southeast
1038764,2024-04-12,2023,False,30,5,127,129,0,Washington Wizards,East,Southeast,Chicago Bulls,East,Central
1038773,2024-04-12,2023,False,7,9,89,107,0,Dallas Mavericks,West,Southwest,Detroit Pistons,East,Central
1038774,2024-04-12,2023,False,10,19,109,114,0,Golden State Warriors,West,Pacific,New Orleans Pelicans,West,Southwest
1038769,2024-04-12,2023,False,15,14,120,123,0,Memphis Grizzlies,West,Southwest,Los Angeles Lakers,West,Pacific
1038789,2024-04-14,2023,False,27,9,123,95,1,San Antonio Spurs,West,Southwest,Detroit Pistons,East,Central
1038787,2024-04-14,2023,False,19,14,108,124,0,New Orleans Pelicans,West,Southwest,Los Angeles Lakers,West,Pacific
1038792,2024-04-14,2023,False,26,25,121,82,1,Sacramento Kings,West,Pacific,Portland Trail Blazers,West,Northwest
1038779,2024-04-14,2023,False,6,4,110,120,0,Cleveland Cavaliers,East,Central,Charlotte Hornets,East,Southeast
1038783,2024-04-14,2023,False,22,17,113,88,1,Orlando Magic,East,Southeast,Milwaukee Bucks,East,Central
1038788,2024-04-14,2023,False,21,7,135,86,1,Oklahoma City Thunder,West,Northwest,Dallas Mavericks,West,Southwest
1038785,2024-04-14,2023,False,15,8,111,126,0,Memphis Grizzlies,West,Southwest,Denver Nuggets,West,Northwest
1038784,2024-04-14,2023,False,23,3,107,86,1,Philadelphia 76ers,East,Atlantic,Brooklyn Nets,East,Atlantic
1038782,2024-04-14,2023,False,20,5,120,119,1,New York Knicks,East,Atlantic,Chicago Bulls,East,Central
1038778,2024-04-14,2023,False,2,30,132,122,1,Boston Celtics,East,Atlantic,Washington Wizards,East,Southeast
1038780,2024-04-14,2023,False,12,1,157,115,1,Indiana Pacers,East,Central,Atlanta Hawks,East,Southeast
1038781,2024-04-14,2023,False,16,28,118,103,1,Miami Heat,East,Southeast,Toronto Raptors,East,Atlantic
1038786,2024-04-14,2023,False,18,24,106,125,0,Minnesota Timberwolves,West,Northwest,Phoenix Suns,West,Pacific
1038791,2024-04-14,2023,False,13,11,105,116,0,LA Clippers,West,Pacific,Houston Rockets,West,Southwest
1038790,2024-04-14,2023,False,10,29,123,116,1,Golden State Warriors,West,Pacific,Utah Jazz,West,Northwest
15881955,2024-04-16,2023,False,19,14,106,110,0,New Orleans Pelicans,West,Southwest,Los Angeles Lakers,West,Pacific
15881956,2024-04-16,2023,False,26,10,118,94,1,Sacramento Kings,West,Pacific,Golden State Warriors,West,Pacific
15881512,2024-04-17,2023,False,5,1,131,116,1,Chicago Bulls,East,Central,Atlanta Hawks,East,Southeast
15881938,2024-04-17,2023,False,23,16,105,104,1,Philadelphia 76ers,East,Atlantic,Miami Heat,East,Southeast
15883285,2024-04-19,2023,False,16,5,112,91,1,Miami Heat,East,Southeast,Chicago Bulls,East,Central
15882388,2024-04-19,2023,False,19,26,105,98,1,New Orleans Pelicans,West,Southwest,Sacramento Kings,West,Pacific
15881959,2024-04-20,2023,True,6,22,97,83,1,Cleveland Cavaliers,East,Central,Orlando Magic,East,Southeast
15881960,2024-04-20,2023,True,18,24,120,95,1,Minnesota Timberwolves,West,Northwest,Phoenix Suns,West,Pacific
15882375,2024-04-20,2023,True,8,14,114,103,1,Denver Nuggets,West,Northwest,Los Angeles Lakers,West,Pacific
15883156,2024-04-20,2023,True,20,23,111,104,1,New York Knicks,East,Atlantic,Philadelphia 76ers,East,Atlantic
15881962,2024-04-21,2023,True,13,7,109,97,1,LA Clippers,West,Pacific,Dallas Mavericks,West,Southwest
15885376,2024-04-21,2023,True,21,19,94,92,1,Oklahoma City Thunder,West,Northwest,New Orleans Pelicans,West,Southwest
15885226,2024-04-21,2023,True,2,16,114,94,1,Boston Celtics,East,Atlantic,Miami Heat,East,Southeast
15881961,2024-04-21,2023,True,17,12,109,94,1,Milwaukee Bucks,East,Central,Indiana Pacers,East,Central
15883162,2024-04-22,2023,True,20,23,104,101,1,New York Knicks,East,Atlantic,Philadelphia 76ers,East,Atlantic
15882403,2024-04-22,2023,True,8,14,101,99,1,Denver Nuggets,West,Northwest,Los Angeles Lakers,West,Pacific
15882402,2024-04-22,2023,True,6,22,96,86,1,Cleveland Cavaliers,East,Central,Orlando Magic,East,Southeast
15882406,2024-04-23,2023,True,13,7,93,96,0,LA Clippers,West,Pacific,Dallas Mavericks,West,Southwest
15882404,2024-04-23,2023,True,17,12,108,125,0,Milwaukee Bucks,East,Central,Indiana Pacers,East,Central
15882405,2024-04-23,2023,True,18,24,105,93,1,Minnesota Timberwolves,West,Northwest,Phoenix Suns,West,Pacific
15885385,2024-04-24,2023,True,21,19,124,92,1,Oklahoma City Thunder,West,Northwest,New Orleans Pelicans,West,Southwest
15885235,2024-04-24,2023,True,2,16,101,111,0,Boston Celtics,East,Atlantic,Miami Heat,East,Southeast
15882407,2024-04-25,2023,True,22,6,121,83,1,Orlando Magic,East,Southeast,Cleveland Cavaliers,East,Central
15882408,2024-04-25,2023,True,14,8,105,112,0,Los Angeles Lakers,West,Pacific,Denver Nuggets,West,Northwest
15883168,2024-04-25,2023,True,23,20,125,114,1,Philadelphia 76ers,East,Atlantic,New York Knicks,East,Atlantic
15882411,2024-04-26,2023,True,7,13,101,90,1,Dallas Mavericks,West,Southwest,LA Clippers,West,Pacific
15882409,2024-04-26,2023,True,12,17,121,118,1,Indiana Pacers,East,Central,Milwaukee Bucks,East,Central
15882410,2024-04-26,2023,True,24,18,109,126,0,Phoenix Suns,West,Pacific,Minnesota Timberwolves,West,Northwest
15882413,2024-04-27,2023,True,14,8,119,108,1,Los Angeles Lakers,West,Pacific,Denver Nuggets,West,Northwest
15885242,2024-04-27,2023,True,16,2,84,104,0,Miami Heat,East,Southeast,Boston Celtics,East,Atlantic
15882412,2024-04-27,2023,True,22,6,112,89,1,Orlando Magic,East,Southeast,Cleveland Cavaliers,East,Central
15885394,2024-04-27,2023,True,19,21,85,106,0,New Orleans Pelicans,West,Southwest,Oklahoma City Thunder,West,Northwest
15882416,2024-04-28,2023,True,7,13,111,116,0,Dallas Mavericks,West,Southwest,LA Clippers,West,Pacific
15882414,2024-04-28,2023,True,12,17,126,113,1,Indiana Pacers,East,Central,Milwaukee Bucks,East,Central
15882415,2024-04-28,2023,True,24,18,116,122,0,Phoenix Suns,West,Pacific,Minnesota Timberwolves,West,Northwest
15883176,2024-04-28,2023,True,23,20,92,97,0,Philadelphia 76ers,East,Atlantic,New York Knicks,East,Atlantic
15882417,2024-04-29,2023,True,8,14,108,106,1,Denver Nuggets,West,Northwest,Los Angeles Lakers,West,Pacific
15885401,2024-04-29,2023,True,19,21,89,97,0,New Orleans Pelicans,West,Southwest,Oklahoma City Thunder,West,Northwest
15885249,2024-04-29,2023,True,16,2,88,102,0,Miami Heat,East,Southeast,Boston Celtics,East,Atlantic
15882418,2024-04-30,2023,True,17,12,115,92,1,Milwaukee Bucks,East,Central,Indiana Pacers,East,Central
15883181,2024-04-30,2023,True,20,23,106,112,0,New York Knicks,East,Atlantic,Philadelphia 76ers,East,Atlantic
15882419,2024-04-30,2023,True,6,22,104,103,1,Cleveland Cavaliers,East,Central,Orlando Magic,East,Southeast
15882421,2024-05-01,2023,True,13,7,93,123,0,LA Clippers,West,Pacific,Dallas Mavericks,West,Southwest
15885255,2024-05-01,2023,True,2,16,118,84,1,Boston Celtics,East,Atlantic,Miami Heat,East,Southeast
15882422,2024-05-02,2023,True,12,17,120,98,1,Indiana Pacers,East,Central,Milwaukee Bucks,East,Central
15883186,2024-05-02,2023,True,23,20,115,118,0,Philadelphia 76ers,East,Atlantic,New York Knicks,East,Atlantic
15882425,2024-05-03,2023,True,22,6,103,96,1,Orlando Magic,East,Southeast,Cleveland Cavaliers,East,Central
15882426,2024-05-03,2023,True,7,13,114,101,1,Dallas Mavericks,West,Southwest,LA Clippers,West,Pacific
15895038,2024-05-04,2023,True,8,18,99,106,0,Denver Nuggets,West,Northwest,Minnesota Timberwolves,West,Northwest
15882430,2024-05-05,2023,True,6,22,106,94,1,Cleveland Cavaliers,East,Central,Orlando Magic,East,Southeast
15895042,2024-05-06,2023,True,8,18,80,106,0,Denver Nuggets,West,Northwest,Minnesota Timberwolves,West,Northwest
15896341,2024-05-06,2023,True,20,12,121,117,1,New York Knicks,East,Atlantic,Indiana Pacers,East,Central
15897590,2024-05-07,2023,True,2,6,120,95,1,Boston Celtics,East,Atlantic,Cleveland Cavaliers,East,Central
15896732,2024-05-07,2023,True,21,7,117,95,1,Oklahoma City Thunder,West,Northwest,Dallas Mavericks,West,Southwest
15896343,2024-05-08,2023,True,20,12,130,121,1,New York Knicks,East,Atlantic,Indiana Pacers,East,Central
15897593,2024-05-09,2023,True,2,6,94,118,0,Boston Celtics,East,Atlantic,Cleveland Cavaliers,East,Central
15896734,2024-05-09,2023,True,21,7,110,119,0,Oklahoma City Thunder,West,Northwest,Dallas Mavericks,West,Southwest
15895043,2024-05-10,2023,True,18,8,90,117,0,Minnesota Timberwolves,West,Northwest,Denver Nuggets,West,Northwest
15896344,2024-05-10,2023,True,12,20,111,106,1,Indiana Pacers,East,Central,New York Knicks,East,Atlantic
15897597,2024-05-11,2023,True,6,2,93,106,0,Cleveland Cavaliers,East,Central,Boston Celtics,East,Atlantic
15896737,2024-05-11,2023,True,7,21,105,101,1,Dallas Mavericks,West,Southwest,Oklahoma City Thunder,West,Northwest
15896346,2024-05-12,2023,True,12,20,121,89,1,Indiana Pacers,East,Central,New York Knicks,East,Atlantic
15895044,2024-05-12,2023,True,18,8,107,115,0,Minnesota Timberwolves,West,Northwest,Denver Nuggets,West,Northwest
15896740,2024-05-13,2023,True,7,21,96,100,0,Dallas Mavericks,West,Southwest,Oklahoma City Thunder,West,Northwest
15897601,2024-05-13,2023,True,6,2,102,109,0,Cleveland Cavaliers,East,Central,Boston Celtics,East,Atlantic
15895045,2024-05-14,2023,True,8,18,112,97,1,Denver Nuggets,West,Northwest,Minnesota Timberwolves,West,Northwest
15896618,2024-05-14,2023,True,20,12,121,91,1,New York Knicks,East,Atlantic,Indiana Pacers,East,Central
15897605,2024-05-15,2023,True,2,6,113,98,1,Boston Celtics,East,Atlantic,Cleveland Cavaliers,East,Central
15896743,2024-05-15,2023,True,21,7,92,104,0,Oklahoma City Thunder,West,Northwest,Dallas Mavericks,West,Southwest
15895046,2024-05-16,2023,True,18,8,115,70,1,Minnesota Timberwolves,West,Northwest,Denver Nuggets,West,Northwest
15896621,2024-05-17,2023,True,12,20,116,103,1,Indiana Pacers,East,Central,New York Knicks,East,Atlantic
15896746,2024-05-18,2023,True,7,21,117,116,1,Dallas Mavericks,West,Southwest,Oklahoma City Thunder,West,Northwest
15896622,2024-05-19,2023,True,20,12,109,130,0,New York Knicks,East,Atlantic,Indiana Pacers,East,Central
15895047,2024-05-19,2023,True,8,18,90,98,0,Denver Nuggets,West,Northwest,Minnesota Timberwolves,West,Northwest
15902612,2024-05-21,2023,True,2,12,133,128,1,Boston Celtics,East,Atlantic,Indiana Pacers,East,Central
15902644,2024-05-22,2023,True,18,7,105,108,0,Minnesota Timberwolves,West,Northwest,Dallas Mavericks,West,Southwest
15902613,2024-05-23,2023,True,2,12,126,110,1,Boston Celtics,East,Atlantic,Indiana Pacers,East,Central
15902646,2024-05-24,2023,True,18,7,108,109,0,Minnesota Timberwolves,West,Northwest,Dallas Mavericks,West,Southwest
15902614,2024-05-25,2023,True,12,2,111,114,0,Indiana Pacers,East,Central,Boston Celtics,East,Atlantic
15902648,2024-05-26,2023,True,7,18,116,107,1,Dallas Mavericks,West,Southwest,Minnesota Timberwolves,West,Northwest
15902615,2024-05-27,2023,True,12,2,102,105,0,Indiana Pacers,East,Central,Boston Celtics,East,Atlantic
15902650,2024-05-28,2023,True,7,18,100,105,0,Dallas Mavericks,West,Southwest,Minnesota Timberwolves,West,Northwest
15902652,2024-05-30,2023,True,18,7,103,124,0,Minnesota Timberwolves,West,Northwest,Dallas Mavericks,West,Southwest
15905063,2024-06-06,2023,True,2,7,107,89,1,Boston Celtics,East,Atlantic,Dallas Mavericks,West,Southwest
15905064,2024-06-09,2023,True,2,7,105,98,1,Boston Celtics,East,Atlantic,Dallas Mavericks,West,Southwest
15905065,2024-06-12,2023,True,7,2,99,106,0,Dallas Mavericks,West,Southwest,Boston Celtics,East,Atlantic
15905066,2024-06-14,2023,True,7,2,122,84,1,Dallas Mavericks,West,Southwest,Boston Celtics,East,Atlantic
15905067,2024-06-17,2023,True,2,7,106,88,1,Boston Celtics,East,Atlantic,Dallas Mavericks,West,Southwest
