game_id,season,actual_home_win,predicted_home_win,predicted_probability,home_team_name,visitor_team_name
473409,2021,0,1,0.562076881009848,Los Angeles Lakers,Golden State Warriors
473410,2021,1,1,0.562076881009848,Milwaukee Bucks,Brooklyn Nets
473411,2021,1,1,0.562076881009848,Charlotte Hornets,Indiana Pacers
473412,2021,0,1,0.562076881009848,Detroit Pistons,Chicago Bulls
473413,2021,0,1,0.562076881009848,Toronto Raptors,Washington Wizards
473414,2021,1,1,0.562076881009848,New York Knicks,Boston Celtics
473415,2021,1,1,0.562076881009848,Memphis Grizzlies,Cleveland Cavaliers
473416,2021,1,1,0.562076881009848,Minnesota Timberwolves,Houston Rockets
473417,2021,0,1,0.562076881009848,New Orleans Pelicans,Philadelphia 76ers
473418,2021,1,1,0.562076881009848,San Antonio Spurs,Orlando Magic
473419,2021,1,1,0.562076881009848,Utah Jazz,Oklahoma City Thunder
473420,2021,0,1,0.562076881009848,Portland Trail Blazers,Sacramento Kings
473421,2021,0,1,0.562076881009848,Phoenix Suns,Denver Nuggets
473422,2021,1,1,0.8371141093500193,Golden State Warriors,LA Clippers
473423,2021,1,0,0.32809223772672574,Miami Heat,Milwaukee Bucks
473424,2021,1,1,0.562076881009848,Atlanta Hawks,Dallas Mavericks
473425,2021,0,1,0.9310757175743289,Philadelphia 76ers,Brooklyn Nets
473426,2021,1,1,0.9310757175743289,Washington Wizards,Indiana Pacers
473427,2021,0,0,0.4572798141449841,Boston Celtics,Toronto Raptors
473428,2021,0,0,0.10869493920911584,Cleveland Cavaliers,Charlotte Hornets
473429,2021,1,0,0.4572798141449841,Houston Rockets,Oklahoma City Thunder
473430,2021,1,1,0.6616126304281909,Denver Nuggets,San Antonio Spurs
473431,2021,0,0,0.10869493920911584,Orlando Magic,New York Knicks
473432,2021,0,0,0.4572798141449841,Los Angeles Lakers,Phoenix Suns
473433,2021,1,1,0.9310757175743289,Chicago Bulls,New Orleans Pelicans
473434,2021,0,1,0.6616126304281909,Sacramento Kings,Utah Jazz
473435,2021,0,0,0.10869493920911584,LA Clippers,Memphis Grizzlies
473436,2021,1,0,0.10869493920911584,Indiana Pacers,Miami Heat
473437,2021,1,1,0.9310757175743289,Minnesota Timberwolves,New Orleans Pelicans
473438,2021,1,1,0.9310757175743289,Chicago Bulls,Detroit Pistons
473439,2021,1,0,0.10869493920911584,Cleveland Cavaliers,Atlanta Hawks
473440,2021,0,1,0.7713618268670481,Toronto Raptors,Dallas Mavericks
473441,2021,1,0,0.24273922675984538,Portland Trail Blazers,Phoenix Suns
473442,2021,0,1,0.562076881009848,San Antonio Spurs,Milwaukee Bucks
473443,2021,0,1,0.7713618268670481,Houston Rockets,Boston Celtics
473444,2021,0,1,0.9310757175743289,New York Knicks,Orlando Magic
473445,2021,0,0,0.24273922675984538,Oklahoma City Thunder,Philadelphia 76ers
473446,2021,1,0,0.10869493920911584,Los Angeles Lakers,Memphis Grizzlies
473447,2021,0,0,0.32809223772672574,Sacramento Kings,Golden State Warriors
473448,2021,0,0,0.32809223772672574,Brooklyn Nets,Charlotte Hornets
473449,2021,0,1,0.9310757175743289,Minnesota Timberwolves,New Orleans Pelicans
473450,2021,0,0,0.23518443114190682,Toronto Raptors,Chicago Bulls
473451,2021,1,1,0.63916360376757,Miami Heat,Orlando Magic
473452,2021,0,0,0.369355281256151,Indiana Pacers,Milwaukee Bucks
473453,2021,1,0,0.23518443114190682,Brooklyn Nets,Washington Wizards
473454,2021,1,1,0.7713618268670481,Atlanta Hawks,Detroit Pistons
473455,2021,0,1,0.876430213821046,Charlotte Hornets,Boston Celtics
473456,2021,0,1,0.876430213821046,Denver Nuggets,Cleveland Cavaliers
473457,2021,1,0,0.24273922675984538,LA Clippers,Portland Trail Blazers
473458,2021,1,1,0.63916360376757,Dallas Mavericks,Houston Rockets
473459,2021,0,0,0.10869493920911584,Oklahoma City Thunder,Golden State Warriors
473460,2021,0,1,0.5272971776344058,San Antonio Spurs,Los Angeles Lakers
473461,2021,1,1,0.5962569790808147,New York Knicks,Philadelphia 76ers
473462,2021,1,1,0.7883102503324304,Utah Jazz,Denver Nuggets
473463,2021,0,0,0.3173010756480958,New Orleans Pelicans,Atlanta Hawks
473464,2021,0,1,0.6504714956683127,Milwaukee Bucks,Minnesota Timberwolves
473465,2021,1,0,0.24273922675984538,Oklahoma City Thunder,Los Angeles Lakers
473466,2021,0,0,0.2834782665105458,Orlando Magic,Charlotte Hornets
473467,2021,0,0,0.4818716375453844,Boston Celtics,Washington Wizards
473468,2021,1,1,0.5097858607925376,Toronto Raptors,Indiana Pacers
473469,2021,0,1,0.5272971776344058,Phoenix Suns,Sacramento Kings
473470,2021,0,0,0.4818716375453844,Brooklyn Nets,Miami Heat
473471,2021,0,0,0.4469891907092865,LA Clippers,Cleveland Cavaliers
473472,2021,1,0,0.369355281256151,Portland Trail Blazers,Memphis Grizzlies
473473,2021,1,1,0.6130241637522745,Washington Wizards,Atlanta Hawks
473474,2021,0,1,0.7601860356259682,Chicago Bulls,New York Knicks
473475,2021,1,1,0.7713618268670481,Philadelphia 76ers,Detroit Pistons
473476,2021,0,0,0.19615774348674345,Houston Rockets,Utah Jazz
473477,2021,1,1,0.7676777194475475,Dallas Mavericks,San Antonio Spurs
473478,2021,0,1,0.8371141093500193,Golden State Warriors,Memphis Grizzlies
473479,2021,1,1,0.63459604177798,Toronto Raptors,Orlando Magic
473480,2021,1,1,0.6754207394052605,Portland Trail Blazers,LA Clippers
473481,2021,1,1,0.63459604177798,Brooklyn Nets,Indiana Pacers
473482,2021,1,0,0.4418603027360021,Denver Nuggets,Dallas Mavericks
473483,2021,1,1,0.589863215054304,Miami Heat,Charlotte Hornets
473484,2021,0,0,0.3582899798663315,New Orleans Pelicans,Sacramento Kings
473485,2021,1,0,0.44493621873192485,Los Angeles Lakers,Cleveland Cavaliers
473486,2021,1,1,0.7816433313567207,Washington Wizards,Boston Celtics
473487,2021,0,0,0.4868044094708722,Memphis Grizzlies,Miami Heat
473488,2021,0,1,0.7515528254240603,Milwaukee Bucks,San Antonio Spurs
473489,2021,1,1,0.5288586010428914,Chicago Bulls,Utah Jazz
473490,2021,1,1,0.8404844903602939,Golden State Warriors,Oklahoma City Thunder
473491,2021,0,0,0.22277078080790702,New Orleans Pelicans,New York Knicks
473492,2021,0,1,0.6791718508031329,Minnesota Timberwolves,Denver Nuggets
473493,2021,1,0,0.37600986456879637,Detroit Pistons,Orlando Magic
473494,2021,0,0,0.32982429777541405,Indiana Pacers,Toronto Raptors
473495,2021,1,1,0.5826773657546219,Philadelphia 76ers,Atlanta Hawks
473496,2021,1,0,0.3814724366874956,Phoenix Suns,Cleveland Cavaliers
473497,2021,1,1,0.5826773657546219,Dallas Mavericks,Sacramento Kings
473498,2021,1,1,0.6997432999090374,Los Angeles Lakers,Houston Rockets
473499,2021,0,0,0.41413794701083756,Milwaukee Bucks,Utah Jazz
473500,2021,1,1,0.6242587775053855,Charlotte Hornets,Portland Trail Blazers
473501,2021,1,1,0.6997432999090374,Brooklyn Nets,Detroit Pistons
473502,2021,0,1,0.7349059140444736,New York Knicks,Toronto Raptors
473503,2021,1,1,0.6596439212288864,Philadelphia 76ers,Portland Trail Blazers
473504,2021,1,0,0.4115936768801403,Indiana Pacers,San Antonio Spurs
473505,2021,1,0,0.40173693887753126,Atlanta Hawks,Washington Wizards
473506,2021,0,1,0.7676227206307737,Minnesota Timberwolves,Orlando Magic
473507,2021,0,0,0.3030197985949672,Boston Celtics,Chicago Bulls
473508,2021,0,1,0.7101157446156466,Charlotte Hornets,Cleveland Cavaliers
473509,2021,1,0,0.4842521424090504,Memphis Grizzlies,Denver Nuggets
473510,2021,1,1,0.5120993644340013,LA Clippers,Oklahoma City Thunder
473511,2021,0,1,0.5257280071108712,Dallas Mavericks,Miami Heat
473512,2021,0,0,0.3727430084537943,Detroit Pistons,Milwaukee Bucks
473513,2021,1,1,0.7699750591916543,Utah Jazz,Sacramento Kings
473514,2021,1,1,0.6547557254856305,Phoenix Suns,New Orleans Pelicans
473515,2021,1,1,0.7534299283664451,Los Angeles Lakers,Houston Rockets
473516,2021,1,1,0.5752397476983868,Brooklyn Nets,Atlanta Hawks
473517,2021,1,0,0.30540076446763903,Indiana Pacers,New York Knicks
473518,2021,0,0,0.47925139651592435,Orlando Magic,Boston Celtics
473519,2021,0,1,0.6259495701582439,Washington Wizards,Toronto Raptors
473520,2021,1,1,0.6024046761899108,Cleveland Cavaliers,Portland Trail Blazers
473521,2021,1,1,0.5862509984716469,Memphis Grizzlies,Denver Nuggets
473522,2021,0,1,0.6292376415468258,Minnesota Timberwolves,LA Clippers
473523,2021,1,1,0.5474897555879175,Philadelphia 76ers,Chicago Bulls
473524,2021,0,0,0.37554698952220206,San Antonio Spurs,Dallas Mavericks
473525,2021,1,1,0.7341177729725665,Golden State Warriors,Charlotte Hornets
473526,2021,1,1,0.6774422694050747,Sacramento Kings,New Orleans Pelicans
473527,2021,0,0,0.22536443171792583,Detroit Pistons,Philadelphia 76ers
473528,2021,0,0,0.39295445950241353,Atlanta Hawks,Utah Jazz
473529,2021,0,1,0.8169896280467833,Miami Heat,Boston Celtics
473530,2021,0,1,0.7847221375621102,Los Angeles Lakers,Oklahoma City Thunder
473531,2021,1,1,0.7335251990331277,Phoenix Suns,Houston Rockets
473532,2021,0,1,0.5002931294318524,Milwaukee Bucks,New York Knicks
473533,2021,0,1,0.6553496235873191,Toronto Raptors,Cleveland Cavaliers
473534,2021,0,0,0.49450041389604454,Orlando Magic,San Antonio Spurs
473535,2021,1,1,0.5891546869798662,Washington Wizards,Memphis Grizzlies
473536,2021,0,0,0.25186366628244317,Detroit Pistons,Brooklyn Nets
473537,2021,0,1,0.5210355168219094,Minnesota Timberwolves,LA Clippers
473538,2021,1,1,0.8835303967941497,Golden State Warriors,New Orleans Pelicans
473539,2021,1,1,0.5505525161144046,Portland Trail Blazers,Indiana Pacers
473540,2021,1,1,0.5547505678733792,Sacramento Kings,Charlotte Hornets
473541,2021,1,1,0.7324002772295458,Denver Nuggets,Houston Rockets
473542,2021,0,1,0.5730262142067326,Chicago Bulls,Philadelphia 76ers
473543,2021,1,0,0.4908106770239275,Portland Trail Blazers,Los Angeles Lakers
473544,2021,1,1,0.6719653917041896,Dallas Mavericks,Boston Celtics
473545,2021,1,1,0.56369729299155,Miami Heat,Utah Jazz
473546,2021,1,1,0.6583243995388748,Phoenix Suns,Atlanta Hawks
473547,2021,1,1,0.8882384986119769,Golden State Warriors,Houston Rockets
473548,2021,1,0,0.4692535896877287,Oklahoma City Thunder,San Antonio Spurs
473549,2021,1,1,0.7118222609825636,Washington Wizards,Milwaukee Bucks
473550,2021,1,0,0.2592379139725616,Orlando Magic,Utah Jazz
473551,2021,1,1,0.5948243063770943,LA Clippers,Charlotte Hornets
473552,2021,0,1,0.5463296809995729,Toronto Raptors,Brooklyn Nets
473553,2021,0,1,0.6810191257778146,Sacramento Kings,Indiana Pacers
473554,2021,0,1,0.6242587775053855,New York Knicks,Cleveland Cavaliers
473555,2021,1,1,0.8299967331482092,Golden State Warriors,Atlanta Hawks
473556,2021,1,1,0.8195537008165308,Dallas Mavericks,New Orleans Pelicans
473557,2021,1,1,0.6729170501867707,Memphis Grizzlies,Minnesota Timberwolves
473558,2021,1,0,0.4664281840761398,Denver Nuggets,Miami Heat
473559,2021,0,0,0.48068234077460925,Sacramento Kings,Phoenix Suns
473560,2021,0,1,0.7311444627520235,Philadelphia 76ers,New York Knicks
473561,2021,1,1,0.5407599529828896,Chicago Bulls,Brooklyn Nets
473562,2021,1,1,0.6115815488978341,Los Angeles Lakers,Charlotte Hornets
473563,2021,0,1,0.7620681729281759,Philadelphia 76ers,Milwaukee Bucks
473564,2021,1,1,0.7531856961183437,Utah Jazz,Atlanta Hawks
473565,2021,1,1,0.6186040638573299,LA Clippers,Portland Trail Blazers
473566,2021,0,0,0.46005928491272474,Houston Rockets,Detroit Pistons
473567,2021,1,0,0.46577152952841905,Boston Celtics,Toronto Raptors
473568,2021,0,1,0.5763566992400182,Cleveland Cavaliers,Washington Wizards
473569,2021,0,0,0.33456228818230654,Orlando Magic,Brooklyn Nets
473570,2021,0,1,0.6677249024868027,New York Knicks,Milwaukee Bucks
473571,2021,1,0,0.4552593233285002,San Antonio Spurs,Sacramento Kings
473572,2021,0,0,0.33557011178721363,New Orleans Pelicans,Oklahoma City Thunder
473573,2021,1,1,0.5895449025365814,Chicago Bulls,Dallas Mavericks
473574,2021,1,1,0.6677168654080047,Denver Nuggets,Indiana Pacers
473575,2021,0,1,0.7009093766209009,Memphis Grizzlies,Charlotte Hornets
473576,2021,1,1,0.7061419586801444,Phoenix Suns,Portland Trail Blazers
473577,2021,1,1,0.8616447327957899,Golden State Warriors,Minnesota Timberwolves
473578,2021,1,1,0.5093630585621923,Los Angeles Lakers,Miami Heat
473579,2021,1,1,0.6041411358358908,LA Clippers,Miami Heat
473580,2021,0,1,0.745836582282346,Utah Jazz,Indiana Pacers
473581,2021,0,1,0.677037282843927,Philadelphia 76ers,Toronto Raptors
473582,2021,1,1,0.7496401128408345,Cleveland Cavaliers,Detroit Pistons
473583,2021,0,0,0.324539726462506,Houston Rockets,Portland Trail Blazers
473584,2021,1,1,0.5270785898212119,Boston Celtics,Milwaukee Bucks
473585,2021,0,0,0.470158842232382,Memphis Grizzlies,Phoenix Suns
473586,2021,1,1,0.502565595139231,Charlotte Hornets,New York Knicks
473587,2021,0,0,0.21503831855923472,New Orleans Pelicans,Brooklyn Nets
473588,2021,0,0,0.40805369332305624,San Antonio Spurs,Dallas Mavericks
473589,2021,1,1,0.7455183142681845,Denver Nuggets,Atlanta Hawks
473590,2021,1,1,0.5431418969314031,Oklahoma City Thunder,Sacramento Kings
473591,2021,1,1,0.7331077487482438,Golden State Warriors,Chicago Bulls
473592,2021,0,1,0.7286683499370634,Los Angeles Lakers,Minnesota Timberwolves
473593,2021,0,1,0.6585965855872884,Utah Jazz,Miami Heat
473594,2021,0,1,0.7193318707466114,Toronto Raptors,Detroit Pistons
473595,2021,1,1,0.7342316701758705,LA Clippers,Minnesota Timberwolves
473596,2021,1,0,0.45679728805071707,Indiana Pacers,Philadelphia 76ers
473597,2021,0,0,0.30821861738241896,Orlando Magic,Washington Wizards
473598,2021,1,0,0.28949530876825275,New Orleans Pelicans,Memphis Grizzlies
473599,2021,1,1,0.6183898468264856,Cleveland Cavaliers,Boston Celtics
473600,2021,0,1,0.6341264419903757,LA Clippers,Chicago Bulls
473601,2021,1,1,0.6800954420995939,Denver Nuggets,Portland Trail Blazers
473602,2021,1,1,0.652323695523431,Los Angeles Lakers,San Antonio Spurs
473603,2021,1,0,0.4411093736405522,Atlanta Hawks,Milwaukee Bucks
473604,2021,1,0,0.35318135386911936,Charlotte Hornets,Golden State Warriors
473605,2021,0,0,0.18745080919172094,Houston Rockets,Phoenix Suns
473606,2021,0,0,0.4420013643125654,Oklahoma City Thunder,Brooklyn Nets
473607,2021,1,1,0.5889303834033708,Atlanta Hawks,Orlando Magic
473608,2021,0,1,0.6664354230629843,Cleveland Cavaliers,Boston Celtics
473609,2021,1,1,0.7205754458729803,Memphis Grizzlies,Houston Rockets
473610,2021,0,0,0.30654409296834284,Minnesota Timberwolves,Phoenix Suns
473611,2021,1,1,0.5996673577709741,New York Knicks,Indiana Pacers
473612,2021,0,0,0.4859070844459362,Oklahoma City Thunder,Miami Heat
473613,2021,0,0,0.4691253216893599,Detroit Pistons,Sacramento Kings
473614,2021,1,1,0.5601478674496178,Dallas Mavericks,Denver Nuggets
473615,2021,1,1,0.8347184996484087,Washington Wizards,New Orleans Pelicans
473616,2021,1,1,0.5410024918556152,Portland Trail Blazers,Toronto Raptors
473617,2021,0,1,0.5292305279426167,Los Angeles Lakers,Chicago Bulls
473618,2021,0,1,0.5516800740615319,Brooklyn Nets,Golden State Warriors
473619,2021,1,1,0.7182748397836487,LA Clippers,San Antonio Spurs
473620,2021,1,1,0.6244238099193036,Utah Jazz,Philadelphia 76ers
473621,2021,1,0,0.48322914591847455,Atlanta Hawks,Boston Celtics
473622,2021,1,1,0.6242587775053855,Brooklyn Nets,Cleveland Cavaliers
473623,2021,1,1,0.783831929838355,Miami Heat,New Orleans Pelicans
473624,2021,1,0,0.41229670321076756,Detroit Pistons,Indiana Pacers
473625,2021,1,0,0.4359123202688602,Charlotte Hornets,Washington Wizards
473626,2021,0,1,0.7265374771751079,New York Knicks,Orlando Magic
473627,2021,1,0,0.48901876604973793,Milwaukee Bucks,Los Angeles Lakers
473628,2021,1,1,0.6945863335790937,Oklahoma City Thunder,Houston Rockets
473629,2021,1,0,0.48147333682124727,Minnesota Timberwolves,Sacramento Kings
473630,2021,1,1,0.6504510707538063,Phoenix Suns,Dallas Mavericks
473631,2021,1,0,0.4251192007714418,Portland Trail Blazers,Chicago Bulls
473632,2021,0,1,0.6935898747217638,Denver Nuggets,Philadelphia 76ers
473633,2021,0,0,0.4324436735276079,Cleveland Cavaliers,Golden State Warriors
473634,2021,1,1,0.5629474825682934,Miami Heat,Washington Wizards
473635,2021,1,1,0.5764363801404256,Minnesota Timberwolves,San Antonio Spurs
473636,2021,1,0,0.4738197435938679,Memphis Grizzlies,LA Clippers
473637,2021,1,1,0.6845281036060822,Utah Jazz,Toronto Raptors
473638,2021,1,1,0.5621932207750149,Milwaukee Bucks,Oklahoma City Thunder
473639,2021,1,1,0.7662435185702537,Brooklyn Nets,Orlando Magic
473640,2021,1,1,0.6669217631597771,Charlotte Hornets,Indiana Pacers
473641,2021,1,1,0.6939548746922438,Phoenix Suns,Dallas Mavericks
473642,2021,0,1,0.5575138892803096,Denver Nuggets,Chicago Bulls
473643,2021,0,0,0.2738335287563931,Detroit Pistons,Golden State Warriors
473644,2021,1,1,0.5544132758595701,Boston Celtics,Los Angeles Lakers
473645,2021,1,0,0.2745408335251203,New Orleans Pelicans,LA Clippers
473646,2021,0,1,0.5381449201242344,Sacramento Kings,Toronto Raptors
473647,2021,0,0,0.3959637005038674,Sacramento Kings,Utah Jazz
473648,2021,1,1,0.6128972524759015,Boston Celtics,Oklahoma City Thunder
473649,2021,1,1,0.7656014321734964,New York Knicks,Houston Rockets
473650,2021,1,0,0.49832009375537034,Minnesota Timberwolves,Memphis Grizzlies
473651,2021,1,1,0.6833162259915168,Milwaukee Bucks,Orlando Magic
473652,2021,1,0,0.4430175973090632,Atlanta Hawks,Charlotte Hornets
473653,2021,1,1,0.595561012950188,Indiana Pacers,New Orleans Pelicans
473654,2021,1,1,0.5730716685110527,Washington Wizards,Miami Heat
473655,2021,1,1,0.5714251520541068,Portland Trail Blazers,Philadelphia 76ers
473656,2021,0,0,0.44704458461964425,Detroit Pistons,Los Angeles Lakers
473657,2021,1,1,0.6678003243716786,Chicago Bulls,New York Knicks
473658,2021,1,1,0.5698372579195258,LA Clippers,Dallas Mavericks
473659,2021,1,1,0.7423470200082282,Phoenix Suns,Denver Nuggets
473660,2021,1,1,0.7961103257002261,Golden State Warriors,Toronto Raptors
473661,2021,0,1,0.6888032186868713,Utah Jazz,Memphis Grizzlies
473662,2021,0,1,0.7401777176524762,Chicago Bulls,Indiana Pacers
473663,2021,1,1,0.6301915102233351,Atlanta Hawks,Oklahoma City Thunder
473664,2021,1,1,0.770844090320745,Boston Celtics,Houston Rockets
473665,2021,0,0,0.4687441076981723,Cleveland Cavaliers,Brooklyn Nets
473666,2021,1,1,0.7044176181908397,Milwaukee Bucks,Orlando Magic
473667,2021,0,1,0.6345965101009539,Washington Wizards,Charlotte Hornets
473668,2021,0,0,0.25227913981979333,San Antonio Spurs,Phoenix Suns
473669,2021,0,0,0.35905972950690096,New Orleans Pelicans,Minnesota Timberwolves
473670,2021,0,0,0.4721654394902229,Sacramento Kings,Philadelphia 76ers
473671,2021,1,1,0.5863568308864069,New York Knicks,Los Angeles Lakers
473672,2021,1,1,0.6103086592726039,Portland Trail Blazers,Denver Nuggets
473673,2021,0,1,0.6001476341151532,LA Clippers,Dallas Mavericks
473674,2021,0,0,0.31791331717708277,Detroit Pistons,Miami Heat
473675,2021,0,0,0.378747573334159,Cleveland Cavaliers,Phoenix Suns
473676,2021,1,0,0.29319579575890425,New Orleans Pelicans,Washington Wizards
473677,2021,0,0,0.49608639056380427,Boston Celtics,Brooklyn Nets
473678,2021,1,1,0.72509382830708,Milwaukee Bucks,Detroit Pistons
473679,2021,0,1,0.6332631119717406,Memphis Grizzlies,Toronto Raptors
473680,2021,0,1,0.5461941847538561,Indiana Pacers,Los Angeles Lakers
473681,2021,1,0,0.46214757500328085,Minnesota Timberwolves,Miami Heat
473682,2021,1,0,0.21750472788032277,Houston Rockets,Chicago Bulls
473683,2021,0,0,0.3177424316198487,Orlando Magic,Charlotte Hornets
473684,2021,0,0,0.3894453203382647,Oklahoma City Thunder,Utah Jazz
473685,2021,0,0,0.3358517948183745,San Antonio Spurs,Atlanta Hawks
473686,2021,1,1,0.7773779547093176,Golden State Warriors,Philadelphia 76ers
473687,2021,1,0,0.39214244896912026,Sacramento Kings,Portland Trail Blazers
473688,2021,1,1,0.7157541791022844,LA Clippers,Detroit Pistons
473689,2021,0,0,0.3276604832483321,Orlando Magic,Chicago Bulls
473690,2021,0,1,0.5073697131191144,Memphis Grizzlies,Atlanta Hawks
473691,2021,0,0,0.4259117493382048,New York Knicks,Phoenix Suns
473692,2021,0,0,0.46223209146457417,Denver Nuggets,Milwaukee Bucks
473693,2021,1,1,0.512974788322294,Indiana Pacers,Toronto Raptors
473694,2021,1,1,0.5900348293582826,Charlotte Hornets,Minnesota Timberwolves
473695,2021,0,0,0.42838332359024106,Oklahoma City Thunder,Washington Wizards
473696,2021,1,0,0.3534821093377771,San Antonio Spurs,Boston Celtics
473697,2021,0,1,0.7747928523513588,Utah Jazz,New Orleans Pelicans
473698,2021,1,1,0.7665322969095044,Golden State Warriors,Portland Trail Blazers
473699,2021,0,1,0.6349191812795256,Los Angeles Lakers,Sacramento Kings
473700,2021,0,1,0.6134538818752542,Atlanta Hawks,New York Knicks
473701,2021,0,1,0.6024170595995144,Chicago Bulls,Miami Heat
473702,2021,1,1,0.7258432070949545,Utah Jazz,New Orleans Pelicans
473703,2021,1,0,0.24679950171332093,Houston Rockets,Charlotte Hornets
473704,2021,1,1,0.6805175115296384,Cleveland Cavaliers,Orlando Magic
473705,2021,0,1,0.5558716750234926,Philadelphia 76ers,Minnesota Timberwolves
473706,2021,0,1,0.5743615168822211,Dallas Mavericks,Washington Wizards
473707,2021,0,1,0.5483611425866318,Brooklyn Nets,Phoenix Suns
473708,2021,1,1,0.5884620264162671,Memphis Grizzlies,Sacramento Kings
473709,2021,0,0,0.4096578300604647,LA Clippers,Golden State Warriors
473710,2021,0,1,0.5158220026610751,Toronto Raptors,Boston Celtics
473711,2021,0,0,0.4328246584785496,Indiana Pacers,Milwaukee Bucks
473712,2021,1,1,0.6927449029775391,Los Angeles Lakers,Detroit Pistons
473713,2021,0,1,0.7097598329690447,Miami Heat,Denver Nuggets
473714,2021,1,1,0.598754137913674,Minnesota Timberwolves,Indiana Pacers
473715,2021,1,1,0.649817074367218,Utah Jazz,Portland Trail Blazers
473716,2021,1,0,0.3429381860365869,San Antonio Spurs,Washington Wizards
473717,2021,1,1,0.5900581497841269,Chicago Bulls,Charlotte Hornets
473718,2021,1,1,0.7121754255426547,Philadelphia 76ers,Orlando Magic
473719,2021,1,0,0.45527095291097625,Houston Rockets,Oklahoma City Thunder
473720,2021,0,1,0.6135700006874428,Dallas Mavericks,Cleveland Cavaliers
473721,2021,0,1,0.6948186915040311,LA Clippers,New Orleans Pelicans
473722,2021,0,1,0.5214611727759426,Toronto Raptors,Memphis Grizzlies
473723,2021,1,1,0.6692702500612014,Brooklyn Nets,New York Knicks
473724,2021,1,1,0.69618544992205,Portland Trail Blazers,Detroit Pistons
473725,2021,1,1,0.6066564412115776,Phoenix Suns,Golden State Warriors
473726,2021,0,0,0.4708352590536457,Sacramento Kings,Los Angeles Lakers
473727,2021,0,1,0.6332186586111084,Miami Heat,Cleveland Cavaliers
473728,2021,1,0,0.36685072952138537,Orlando Magic,Denver Nuggets
473729,2021,0,0,0.44894144786160806,Indiana Pacers,Atlanta Hawks
473730,2021,1,1,0.5819759897002066,Boston Celtics,Philadelphia 76ers
473731,2021,0,1,0.5169125816724914,Oklahoma City Thunder,Houston Rockets
473732,2021,1,1,0.5960628100019278,Washington Wizards,Minnesota Timberwolves
473733,2021,0,0,0.43037300224379416,New Orleans Pelicans,Dallas Mavericks
473734,2021,1,1,0.623292660176906,Milwaukee Bucks,Charlotte Hornets
473735,2021,0,1,0.6328287569424876,LA Clippers,Sacramento Kings
473736,2021,0,1,0.5310233208494279,New York Knicks,Chicago Bulls
473737,2021,1,0,0.3908658792253743,Toronto Raptors,Milwaukee Bucks
473738,2021,1,1,0.7015361933556026,Memphis Grizzlies,Oklahoma City Thunder
473739,2021,1,1,0.8740545342206603,Phoenix Suns,Detroit Pistons
473740,2021,0,1,0.6355202253912432,Portland Trail Blazers,San Antonio Spurs
473741,2021,0,1,0.6084135822417024,Los Angeles Lakers,LA Clippers
473742,2021,1,1,0.6164887211376975,Golden State Warriors,Phoenix Suns
473743,2021,1,1,0.5422490667432073,Houston Rockets,Orlando Magic
473744,2021,0,1,0.6123688072558499,Atlanta Hawks,Philadelphia 76ers
473745,2021,0,0,0.4434602320464555,Indiana Pacers,Miami Heat
473746,2021,1,1,0.6940601940234106,Brooklyn Nets,Minnesota Timberwolves
473747,2021,0,1,0.6254267859644468,Washington Wizards,Cleveland Cavaliers
473748,2021,0,1,0.6702361588083836,Dallas Mavericks,New Orleans Pelicans
473749,2021,1,1,0.6437523679879271,Utah Jazz,Boston Celtics
473750,2021,0,1,0.8084229104186502,Golden State Warriors,San Antonio Spurs
473751,2021,0,1,0.5956487413659473,New York Knicks,Denver Nuggets
473752,2021,1,1,0.6117791648030297,Milwaukee Bucks,Miami Heat
473753,2021,1,0,0.49711481183558176,Sacramento Kings,LA Clippers
473754,2021,0,1,0.5463195091821315,Dallas Mavericks,Memphis Grizzlies
473755,2021,0,1,0.6499071372279391,Brooklyn Nets,Chicago Bulls
473756,2021,0,1,0.5371221415960862,Portland Trail Blazers,Boston Celtics
473757,2021,0,1,0.5179389303380282,Cleveland Cavaliers,Utah Jazz
473758,2021,1,0,0.46410640228114985,Toronto Raptors,Washington Wizards
473759,2021,0,1,0.5739491829579209,Atlanta Hawks,Charlotte Hornets
473760,2021,1,1,0.509893728288196,Houston Rockets,New Orleans Pelicans
473761,2021,0,1,0.5536687409419064,Minnesota Timberwolves,Atlanta Hawks
473762,2021,1,1,0.7713043744227265,Phoenix Suns,San Antonio Spurs
473763,2021,1,1,0.684265555800922,Chicago Bulls,Denver Nuggets
473764,2021,0,1,0.5577770091750378,Miami Heat,Memphis Grizzlies
473765,2021,0,0,0.47074079535173746,Detroit Pistons,Oklahoma City Thunder
473766,2021,0,1,0.5975391770238415,Charlotte Hornets,Philadelphia 76ers
473767,2021,1,0,0.43669508651821365,Indiana Pacers,Washington Wizards
473768,2021,1,1,0.6091200934277858,Milwaukee Bucks,Cleveland Cavaliers
473769,2021,1,1,0.8434056434479432,Golden State Warriors,Orlando Magic
473770,2021,0,1,0.5519996934281534,Portland Trail Blazers,LA Clippers
473771,2021,0,1,0.5237330034794515,San Antonio Spurs,New York Knicks
473772,2021,0,0,0.46482875883241553,Dallas Mavericks,Brooklyn Nets
473773,2021,1,1,0.5406096580560061,Los Angeles Lakers,Boston Celtics
473774,2021,1,0,0.48085665978187275,Cleveland Cavaliers,Chicago Bulls
473775,2021,0,1,0.5489943537754345,Charlotte Hornets,Philadelphia 76ers
473776,2021,0,1,0.6684773051778637,Memphis Grizzlies,Dallas Mavericks
473777,2021,0,0,0.4264789121495026,New Orleans Pelicans,Denver Nuggets
473778,2021,0,0,0.34100997317288956,Detroit Pistons,Washington Wizards
473779,2021,1,1,0.5057073790440142,Miami Heat,Milwaukee Bucks
473780,2021,1,0,0.48450230957240803,Indiana Pacers,New York Knicks
473781,2021,0,0,0.42682288197348683,Minnesota Timberwolves,Utah Jazz
473782,2021,0,1,0.6326025606576328,Toronto Raptors,Oklahoma City Thunder
473783,2021,1,0,0.3687083668068002,Houston Rockets,Brooklyn Nets
473784,2021,1,1,0.7934458974518127,Golden State Warriors,Portland Trail Blazers
473785,2021,1,1,0.6521975544835823,Sacramento Kings,Orlando Magic
473786,2021,1,1,0.5535649791605992,LA Clippers,Boston Celtics
473787,2021,1,1,0.5953024853370207,Memphis Grizzlies,Los Angeles Lakers
473788,2021,1,0,0.4576165717214908,San Antonio Spurs,Denver Nuggets
473789,2021,0,0,0.4847175676700387,Philadelphia 76ers,Utah Jazz
473790,2021,0,0,0.44004020016524026,Oklahoma City Thunder,Los Angeles Lakers
473791,2021,1,1,0.5560132910014552,Toronto Raptors,New York Knicks
473792,2021,1,1,0.5747360148364097,Charlotte Hornets,Sacramento Kings
473793,2021,0,0,0.4209253259504394,Houston Rockets,Milwaukee Bucks
473794,2021,0,0,0.48618425932879805,Minnesota Timberwolves,Cleveland Cavaliers
473795,2021,1,1,0.5780351958220399,New Orleans Pelicans,Detroit Pistons
473796,2021,1,1,0.7699750591916543,Phoenix Suns,Boston Celtics
473797,2021,0,0,0.4921545667543188,Atlanta Hawks,Brooklyn Nets
473798,2021,1,1,0.5076729455967559,Indiana Pacers,Dallas Mavericks
473799,2021,0,0,0.47464940572946673,Washington Wizards,Utah Jazz
473800,2021,1,1,0.7227706108049293,LA Clippers,Orlando Magic
473801,2021,0,1,0.502556980454976,San Antonio Spurs,Denver Nuggets
473802,2021,1,0,0.45104619732013107,Philadelphia 76ers,Golden State Warriors
473803,2021,1,1,0.5197142576222897,Miami Heat,Chicago Bulls
473804,2021,1,1,0.620197269308646,Cleveland Cavaliers,Sacramento Kings
473805,2021,1,1,0.659187711677031,Memphis Grizzlies,Houston Rockets
473806,2021,0,0,0.2581011223190699,Detroit Pistons,Brooklyn Nets
473807,2021,0,0,0.47801293861117916,Oklahoma City Thunder,Dallas Mavericks
473808,2021,0,0,0.46517259011755213,New York Knicks,Milwaukee Bucks
473809,2021,1,1,0.7144712230776531,Los Angeles Lakers,Orlando Magic
473810,2021,1,1,0.5590067693361029,San Antonio Spurs,New Orleans Pelicans
473811,2021,0,1,0.5778049589017764,Portland Trail Blazers,Minnesota Timberwolves
473812,2021,1,1,0.5836293195325771,Memphis Grizzlies,Philadelphia 76ers
473813,2021,1,0,0.45088792430298474,LA Clippers,Phoenix Suns
473814,2021,0,0,0.39333644650461264,Indiana Pacers,Golden State Warriors
473815,2021,1,1,0.5740429194848292,Denver Nuggets,Washington Wizards
473816,2021,1,1,0.5540857992314212,Dallas Mavericks,Charlotte Hornets
473817,2021,1,1,0.5669194642533429,Toronto Raptors,Sacramento Kings
473818,2021,1,0,0.4535406831564047,Boston Celtics,Milwaukee Bucks
473819,2021,1,1,0.5672549786464106,Cleveland Cavaliers,Miami Heat
473820,2021,0,1,0.6200980400718176,Atlanta Hawks,Houston Rockets
473821,2021,1,1,0.7914642916050454,Chicago Bulls,Detroit Pistons
473822,2021,0,0,0.3847609664156633,New York Knicks,Golden State Warriors
473823,2021,1,1,0.6700383435925008,Brooklyn Nets,Toronto Raptors
473824,2021,0,0,0.35703012771243603,Portland Trail Blazers,Phoenix Suns
473825,2021,0,0,0.48617484678864525,San Antonio Spurs,Charlotte Hornets
473826,2021,0,1,0.5548457643453234,Dallas Mavericks,Los Angeles Lakers
473827,2021,1,1,0.6697174954538923,Utah Jazz,LA Clippers
473828,2021,0,1,0.5716504456957078,Philadelphia 76ers,Miami Heat
473829,2021,1,1,0.6773968771353654,Cleveland Cavaliers,Houston Rockets
473830,2021,1,1,0.6625278429825567,Milwaukee Bucks,Indiana Pacers
473831,2021,0,0,0.3715219195584198,Orlando Magic,Atlanta Hawks
473832,2021,0,1,0.5289355670054693,Oklahoma City Thunder,New Orleans Pelicans
473833,2021,0,1,0.6266397117320478,Denver Nuggets,Minnesota Timberwolves
473834,2021,0,0,0.40232709280307066,Portland Trail Blazers,Memphis Grizzlies
473835,2021,1,1,0.5040519219377968,Sacramento Kings,Washington Wizards
473836,2021,1,1,0.6777817760481168,Indiana Pacers,Detroit Pistons
473837,2021,1,1,0.7049730224486276,Brooklyn Nets,Philadelphia 76ers
473838,2021,0,0,0.4987358999646578,Houston Rockets,New York Knicks
473839,2021,1,0,0.4784544402816063,Toronto Raptors,Chicago Bulls
473840,2021,1,1,0.7646842534966022,Phoenix Suns,Washington Wizards
473841,2021,0,1,0.7684531197200656,Utah Jazz,San Antonio Spurs
473842,2021,1,0,0.45997308154075156,Portland Trail Blazers,Charlotte Hornets
473843,2021,0,1,0.5482808171818649,Atlanta Hawks,Denver Nuggets
473844,2021,0,0,0.4061523296113474,Boston Celtics,Golden State Warriors
473845,2021,0,0,0.4266511896927561,Sacramento Kings,Memphis Grizzlies
473846,2021,1,0,0.48560699070469987,Minnesota Timberwolves,Los Angeles Lakers
473847,2021,0,0,0.29733087462216173,Orlando Magic,Miami Heat
473848,2021,1,0,0.36973929704728975,New Orleans Pelicans,Milwaukee Bucks
473849,2021,0,1,0.5524233596727414,Milwaukee Bucks,Cleveland Cavaliers
473850,2021,0,0,0.4121162071261809,Detroit Pistons,Houston Rockets
473851,2021,0,1,0.7263403635832409,Utah Jazz,Washington Wizards
473852,2021,1,0,0.37853667233223626,Oklahoma City Thunder,LA Clippers
473853,2021,1,0,0.40104892513125906,Toronto Raptors,Golden State Warriors
473854,2021,0,1,0.8311488891500335,Brooklyn Nets,Orlando Magic
473855,2021,1,1,0.5871366835426605,Boston Celtics,New York Knicks
473856,2021,1,1,0.6067746766279805,Philadelphia 76ers,New Orleans Pelicans
473857,2021,1,0,0.45459342075641557,Atlanta Hawks,Cleveland Cavaliers
473858,2021,1,1,0.6123450976718409,Chicago Bulls,Los Angeles Lakers
473859,2021,0,1,0.6803430762398462,Brooklyn Nets,Denver Nuggets
473860,2021,0,1,0.7215734120079449,Memphis Grizzlies,Portland Trail Blazers
473861,2021,1,1,0.5161650830774329,Sacramento Kings,San Antonio Spurs
473862,2021,1,0,0.25928024953622203,Detroit Pistons,Miami Heat
473863,2021,1,1,0.7599258109892537,Phoenix Suns,Charlotte Hornets
473864,2021,1,1,0.5453773950165206,Minnesota Timberwolves,Dallas Mavericks
473865,2021,0,1,0.7126497334025192,Memphis Grizzlies,Oklahoma City Thunder
473866,2021,0,1,0.7087393387520459,Toronto Raptors,Orlando Magic
473867,2021,1,1,0.6900069154925486,Utah Jazz,Charlotte Hornets
473868,2021,1,1,0.7061437891698804,Chicago Bulls,Houston Rockets
473869,2021,0,1,0.6406815247093169,LA Clippers,San Antonio Spurs
473870,2021,1,1,0.7706877546424993,Golden State Warriors,Sacramento Kings
473871,2021,0,1,0.5615272893400134,Boston Celtics,Philadelphia 76ers
473872,2021,0,1,0.6946336092876984,Brooklyn Nets,Washington Wizards
473873,2021,1,1,0.6368138421772188,Miami Heat,Indiana Pacers
473874,2021,1,0,0.4851608000771468,New Orleans Pelicans,Portland Trail Blazers
473875,2021,1,1,0.5175611775833602,Dallas Mavericks,Minnesota Timberwolves
473876,2021,1,1,0.6585913344840463,New York Knicks,Detroit Pistons
473877,2021,0,0,0.42212536262987826,Los Angeles Lakers,Phoenix Suns
473878,2021,0,1,0.6693962925190258,Atlanta Hawks,Orlando Magic
473879,2021,1,0,0.41560367565377554,Oklahoma City Thunder,Denver Nuggets
473880,2021,1,1,0.6525937335591699,Chicago Bulls,Toronto Raptors
473881,2021,1,0,0.4821973376504756,Boston Celtics,Cleveland Cavaliers
473882,2021,1,1,0.687840940416502,Milwaukee Bucks,Houston Rockets
473883,2021,0,1,0.5007073840146942,Sacramento Kings,LA Clippers
473884,2021,0,1,0.5244452988159224,New York Knicks,Washington Wizards
473885,2021,1,1,0.5974829883987575,Indiana Pacers,Houston Rockets
473886,2021,0,1,0.5935270322907691,Philadelphia 76ers,Atlanta Hawks
473887,2021,0,1,0.5354614108914951,Dallas Mavericks,Milwaukee Bucks
473888,2021,1,1,0.7595545277997864,Miami Heat,Detroit Pistons
473889,2021,0,0,0.45310627998533853,Orlando Magic,New Orleans Pelicans
473890,2021,0,1,0.6104859768351276,Denver Nuggets,Charlotte Hornets
473891,2021,1,1,0.7916796967691873,Phoenix Suns,Oklahoma City Thunder
473892,2021,1,1,0.6670820666606909,Utah Jazz,Minnesota Timberwolves
473893,2021,1,1,0.7140540609408909,Golden State Warriors,Memphis Grizzlies
473894,2021,1,0,0.4469460412032236,Portland Trail Blazers,Brooklyn Nets
473895,2021,0,1,0.5860767977851696,Los Angeles Lakers,San Antonio Spurs
473896,2021,1,1,0.6303799829902417,Milwaukee Bucks,Boston Celtics
473897,2021,0,1,0.5169572904176015,Los Angeles Lakers,Brooklyn Nets
473898,2021,1,1,0.7062463200370921,Utah Jazz,Dallas Mavericks
473899,2021,1,1,0.5076755752539431,New York Knicks,Atlanta Hawks
473900,2021,0,1,0.6495586422060027,Phoenix Suns,Golden State Warriors
473901,2021,1,0,0.49910069914379906,Oklahoma City Thunder,New Orleans Pelicans
473902,2021,1,1,0.668878846363394,San Antonio Spurs,Detroit Pistons
473903,2021,1,1,0.6344150880385528,Cleveland Cavaliers,Toronto Raptors
473904,2021,1,1,0.7200365742584569,Miami Heat,Orlando Magic
473905,2021,1,1,0.703281600650412,Chicago Bulls,Indiana Pacers
473906,2021,0,1,0.5988523032045874,Washington Wizards,Philadelphia 76ers
473907,2021,0,1,0.5875192827745369,LA Clippers,Denver Nuggets
473908,2021,0,0,0.4697532811899006,Sacramento Kings,Memphis Grizzlies
473915,2021,0,1,0.5583531957757641,Portland Trail Blazers,Dallas Mavericks
473910,2021,1,1,0.6579358547635407,Charlotte Hornets,Houston Rockets
473912,2021,0,1,0.5325591112175412,LA Clippers,Brooklyn Nets
473913,2021,0,1,0.734565083824471,Phoenix Suns,Memphis Grizzlies
473911,2021,0,0,0.4403466886296495,San Antonio Spurs,Utah Jazz
473909,2021,0,0,0.4548695536646415,Atlanta Hawks,Chicago Bulls
473914,2021,1,1,0.5615099797890138,Minnesota Timberwolves,Boston Celtics
473917,2021,0,1,0.7439932776258966,Golden State Warriors,Denver Nuggets
473922,2021,1,0,0.42096261139984376,New Orleans Pelicans,Cleveland Cavaliers
473921,2021,0,1,0.5640170304933995,Minnesota Timberwolves,New York Knicks
473918,2021,1,0,0.4919205072379009,Sacramento Kings,Oklahoma City Thunder
473923,2021,0,0,0.47607063302029934,Houston Rockets,Los Angeles Lakers
473920,2021,0,1,0.5074640443673518,Toronto Raptors,Philadelphia 76ers
473919,2021,0,0,0.3364720467414165,Orlando Magic,Milwaukee Bucks
473916,2021,1,1,0.6275675215513856,Miami Heat,Washington Wizards
473925,2021,0,0,0.33110457841484287,Detroit Pistons,New York Knicks
473924,2021,0,1,0.5050131716874141,Indiana Pacers,Charlotte Hornets
473931,2021,1,1,0.6532898662261073,Memphis Grizzlies,Los Angeles Lakers
473932,2021,1,1,0.5086773709190565,Sacramento Kings,Dallas Mavericks
473928,2021,1,1,0.7063202252483103,Chicago Bulls,Atlanta Hawks
473927,2021,0,0,0.3937091421264948,Portland Trail Blazers,Utah Jazz
473930,2021,0,0,0.4385230935083023,San Antonio Spurs,Miami Heat
473929,2021,1,1,0.7663708820522298,Phoenix Suns,Oklahoma City Thunder
473926,2021,0,1,0.5680682160087707,Boston Celtics,LA Clippers
473935,2021,1,0,0.46272658598343697,Denver Nuggets,Golden State Warriors
473933,2021,0,1,0.6128032427734006,Brooklyn Nets,Philadelphia 76ers
473936,2021,1,1,0.5579126202530186,Washington Wizards,Cleveland Cavaliers
473934,2021,0,0,0.30507483871921165,Orlando Magic,Milwaukee Bucks
473938,2021,1,1,0.7371119245220691,Utah Jazz,Minnesota Timberwolves
473937,2021,0,1,0.6291010545064677,Cleveland Cavaliers,Atlanta Hawks
473945,2021,1,0,0.43872698680598116,Oklahoma City Thunder,New York Knicks
473939,2021,0,1,0.5250172259499211,Sacramento Kings,Dallas Mavericks
473944,2021,1,1,0.5158732990903329,Toronto Raptors,LA Clippers
473940,2021,0,0,0.3094634057122372,Houston Rockets,Miami Heat
473946,2021,1,1,0.5794564778446977,Los Angeles Lakers,Portland Trail Blazers
473941,2021,1,0,0.40025949781388404,Boston Celtics,Phoenix Suns
473943,2021,1,1,0.6576231347976309,Memphis Grizzlies,San Antonio Spurs
473942,2021,0,0,0.3751577441665677,Indiana Pacers,Chicago Bulls
473949,2021,0,1,0.6535045973751703,Brooklyn Nets,LA Clippers
473950,2021,0,0,0.460816518238385,Washington Wizards,Chicago Bulls
473948,2021,1,1,0.7099559261694599,Milwaukee Bucks,New Orleans Pelicans
473951,2021,0,0,0.37321792399779385,Houston Rockets,Denver Nuggets
473947,2021,1,0,0.3710770759887886,Detroit Pistons,San Antonio Spurs
473952,2021,0,1,0.6245325865089489,Utah Jazz,Golden State Warriors
473953,2021,1,1,0.6715902446554708,Boston Celtics,Orlando Magic
473957,2021,1,0,0.39198970897258273,Sacramento Kings,Miami Heat
473954,2021,0,0,0.4897151602096794,Oklahoma City Thunder,Dallas Mavericks
473959,2021,1,1,0.6443599955042347,Cleveland Cavaliers,Indiana Pacers
473955,2021,1,1,0.5228528110906747,Toronto Raptors,New York Knicks
473956,2021,0,0,0.48995132832807464,Charlotte Hornets,Phoenix Suns
473958,2021,1,1,0.5942253724893886,Los Angeles Lakers,Minnesota Timberwolves
473964,2021,1,1,0.6615825482589618,Golden State Warriors,Miami Heat
473967,2021,0,1,0.7971286364304747,Milwaukee Bucks,Detroit Pistons
473969,2021,0,1,0.6157429635288313,LA Clippers,Minnesota Timberwolves
473962,2021,0,1,0.5609768244615985,Brooklyn Nets,Memphis Grizzlies
473965,2021,1,1,0.8181067929226734,Chicago Bulls,Orlando Magic
473966,2021,1,1,0.5518524638452332,Washington Wizards,Charlotte Hornets
473968,2021,1,0,0.4979815234340534,Portland Trail Blazers,Atlanta Hawks
473963,2021,1,1,0.7299707873170528,Philadelphia 76ers,Houston Rockets
473961,2021,1,1,0.515724978965237,Dallas Mavericks,Denver Nuggets
473960,2021,0,0,0.3585767291573165,New Orleans Pelicans,Utah Jazz
473971,2021,1,1,0.6104954509455008,Toronto Raptors,San Antonio Spurs
473974,2021,1,1,0.6143302882106558,New York Knicks,Indiana Pacers
473970,2021,0,0,0.49283964825157944,Cleveland Cavaliers,Memphis Grizzlies
473972,2021,0,0,0.3618056750543279,New Orleans Pelicans,Phoenix Suns
473973,2021,1,1,0.5862769030815286,Los Angeles Lakers,Sacramento Kings
473977,2021,0,0,0.30481378084011856,Orlando Magic,Philadelphia 76ers
473979,2021,1,1,0.5939728803956051,Minnesota Timberwolves,Oklahoma City Thunder
473978,2021,0,1,0.7032145531014379,Washington Wizards,Houston Rockets
473975,2021,0,0,0.42564124395684433,Indiana Pacers,Brooklyn Nets
473982,2021,0,1,0.6567622553220834,Milwaukee Bucks,Toronto Raptors
473984,2021,0,0,0.4834100744020451,Denver Nuggets,Utah Jazz
473976,2021,1,1,0.6848502143416012,Charlotte Hornets,Detroit Pistons
473983,2021,0,0,0.4425666501715203,Portland Trail Blazers,Miami Heat
473985,2021,0,1,0.5528795734628292,Sacramento Kings,Atlanta Hawks
473981,2021,0,1,0.6413604902577843,Boston Celtics,San Antonio Spurs
473980,2021,1,0,0.4646427966726173,Dallas Mavericks,Golden State Warriors
473989,2021,1,0,0.354080630278468,New Orleans Pelicans,Golden State Warriors
473987,2021,1,1,0.7399430239521794,Phoenix Suns,LA Clippers
473988,2021,1,1,0.7718175511953329,Memphis Grizzlies,Detroit Pistons
473986,2021,1,1,0.5688989980638739,New York Knicks,Boston Celtics
473993,2021,1,0,0.4543563427194634,Toronto Raptors,Utah Jazz
473994,2021,0,0,0.4729670706952632,Oklahoma City Thunder,Minnesota Timberwolves
473991,2021,0,1,0.5749647259175359,Brooklyn Nets,Milwaukee Bucks
473998,2021,0,0,0.3712086398105037,Houston Rockets,Dallas Mavericks
473997,2021,1,1,0.601734392434548,Los Angeles Lakers,Atlanta Hawks
473996,2021,1,1,0.6290510745880313,Denver Nuggets,Sacramento Kings
473990,2021,1,1,0.7112272767186085,Chicago Bulls,Washington Wizards
473992,2021,1,1,0.693924074270283,Philadelphia 76ers,San Antonio Spurs
473995,2021,0,0,0.4959060578065487,Portland Trail Blazers,Cleveland Cavaliers
474003,2021,1,0,0.3597696403929749,Indiana Pacers,Utah Jazz
474001,2021,1,1,0.5168963887997738,Detroit Pistons,Orlando Magic
474000,2021,0,1,0.6948161408446876,Phoenix Suns,Miami Heat
473999,2021,0,0,0.44330929876514313,LA Clippers,Memphis Grizzlies
474002,2021,1,1,0.5282585333009486,Boston Celtics,New York Knicks
474004,2021,1,1,0.5134414494028746,Charlotte Hornets,Milwaukee Bucks
474011,2021,1,1,0.5462531673021166,Portland Trail Blazers,Sacramento Kings
474014,2021,1,0,0.47529875889409157,Dallas Mavericks,Chicago Bulls
474005,2021,0,0,0.42296310921653624,Oklahoma City Thunder,Denver Nuggets
474010,2021,1,1,0.6964723203797107,Golden State Warriors,Cleveland Cavaliers
474007,2021,0,0,0.3567422743826945,Orlando Magic,Washington Wizards
474009,2021,1,1,0.5579859256643892,LA Clippers,Atlanta Hawks
474008,2021,0,0,0.39971352270863153,Houston Rockets,Minnesota Timberwolves
474012,2021,1,1,0.6804874862308877,Brooklyn Nets,San Antonio Spurs
474013,2021,0,0,0.48107590840369896,Los Angeles Lakers,Memphis Grizzlies
474006,2021,1,1,0.6539572401964718,Toronto Raptors,New Orleans Pelicans
474019,2021,0,0,0.4680629365048654,Sacramento Kings,Cleveland Cavaliers
474018,2021,1,1,0.6172839167073763,New York Knicks,San Antonio Spurs
474017,2021,1,1,0.5466854694752358,Charlotte Hornets,Milwaukee Bucks
474016,2021,1,1,0.6251090177142264,Boston Celtics,Indiana Pacers
474015,2021,1,0,0.316099893232823,Detroit Pistons,Utah Jazz
474020,2021,1,1,0.5212112454137421,LA Clippers,Denver Nuggets
474022,2021,1,0,0.4178685081592601,New Orleans Pelicans,Minnesota Timberwolves
474023,2021,0,0,0.4859958328905665,Toronto Raptors,Phoenix Suns
474021,2021,1,1,0.5849456232162837,Memphis Grizzlies,Golden State Warriors
474024,2021,1,1,0.654581306826254,Washington Wizards,Oklahoma City Thunder
474027,2021,0,1,0.5804117328750055,San Antonio Spurs,Houston Rockets
474026,2021,0,1,0.6450866349641856,Utah Jazz,Cleveland Cavaliers
474029,2021,0,1,0.6662599734632856,Chicago Bulls,Brooklyn Nets
474025,2021,0,0,0.46422758267819847,Atlanta Hawks,Miami Heat
474034,2021,1,0,0.42465871379350295,Sacramento Kings,Los Angeles Lakers
474032,2021,0,0,0.4574422940108756,Indiana Pacers,Boston Celtics
474033,2021,1,0,0.4902981672404018,New York Knicks,Dallas Mavericks
474031,2021,1,1,0.7313203669833863,Washington Wizards,Orlando Magic
474030,2021,0,1,0.6156720088673877,Philadelphia 76ers,Charlotte Hornets
474028,2021,0,0,0.2704349817013091,Detroit Pistons,Phoenix Suns
474037,2021,1,1,0.6275404360615277,Denver Nuggets,Portland Trail Blazers
474035,2021,1,1,0.53867029350926,Milwaukee Bucks,Golden State Warriors
474036,2021,1,1,0.6656870305704836,Memphis Grizzlies,Minnesota Timberwolves
474039,2021,0,1,0.7393362323831382,Brooklyn Nets,Oklahoma City Thunder
474038,2021,1,0,0.47491767483345765,New Orleans Pelicans,LA Clippers
474042,2021,1,1,0.7006712557070456,Miami Heat,Atlanta Hawks
474043,2021,1,1,0.6120324886859296,Philadelphia 76ers,Boston Celtics
474044,2021,0,0,0.3267975552717655,Indiana Pacers,Phoenix Suns
474046,2021,0,1,0.6531466470768507,Memphis Grizzlies,Dallas Mavericks
474048,2021,1,1,0.5677415534435949,Sacramento Kings,Houston Rockets
474040,2021,0,0,0.42513938316358335,San Antonio Spurs,Cleveland Cavaliers
474041,2021,0,1,0.6297140211132424,Chicago Bulls,Golden State Warriors
474045,2021,1,0,0.3463432016148923,Detroit Pistons,Toronto Raptors
474047,2021,0,1,0.7509180115747973,Charlotte Hornets,Orlando Magic
474056,2021,0,1,0.6201372536467207,Milwaukee Bucks,Toronto Raptors
474054,2021,0,0,0.4739433914266869,Atlanta Hawks,New York Knicks
474057,2021,0,1,0.6093405653322639,Miami Heat,Philadelphia 76ers
474050,2021,1,1,0.7303770303004797,Dallas Mavericks,Orlando Magic
474058,2021,1,0,0.4574343039088113,San Antonio Spurs,LA Clippers
474053,2021,0,0,0.39256114788774493,Oklahoma City Thunder,Cleveland Cavaliers
474051,2021,1,1,0.5045985687763843,Boston Celtics,Chicago Bulls
474052,2021,0,1,0.6377299306077774,Washington Wizards,Portland Trail Blazers
474049,2021,1,1,0.586905973509835,Denver Nuggets,Los Angeles Lakers
474055,2021,1,1,0.6675182496176861,Brooklyn Nets,New Orleans Pelicans
474060,2021,1,0,0.4757768083378687,Minnesota Timberwolves,Golden State Warriors
474059,2021,0,1,0.5870301749078015,Sacramento Kings,Houston Rockets
474061,2021,0,1,0.5774001569259042,Denver Nuggets,Utah Jazz
474065,2021,1,1,0.6154539239947644,Boston Celtics,New Orleans Pelicans
474068,2021,1,0,0.45992286291094736,Atlanta Hawks,Milwaukee Bucks
474067,2021,1,1,0.6500069547675433,Memphis Grizzlies,Chicago Bulls
474069,2021,1,1,0.6452008625882518,Miami Heat,Toronto Raptors
474072,2021,0,0,0.32875555339442414,San Antonio Spurs,Phoenix Suns
474063,2021,1,1,0.6281447139304723,LA Clippers,Indiana Pacers
474062,2021,1,1,0.5715210660771454,Cleveland Cavaliers,Brooklyn Nets
474066,2021,0,1,0.539504769035217,New York Knicks,Charlotte Hornets
474071,2021,0,0,0.40207060921864685,Orlando Magic,Portland Trail Blazers
474064,2021,1,1,0.5152635273770549,Washington Wizards,Philadelphia 76ers
474070,2021,1,1,0.6954212537150968,Dallas Mavericks,Oklahoma City Thunder
474073,2021,1,1,0.5129171097327646,Los Angeles Lakers,Utah Jazz
474074,2021,1,1,0.7559682881249417,Golden State Warriors,Detroit Pistons
474075,2021,0,1,0.5609193576463158,New York Knicks,Minnesota Timberwolves
474084,2021,1,1,0.5521479692667379,San Antonio Spurs,Oklahoma City Thunder
474081,2021,1,1,0.7436603839520749,Philadelphia 76ers,Orlando Magic
474085,2021,0,1,0.7249217037877824,Utah Jazz,Houston Rockets
474080,2021,1,1,0.5478499194093136,Chicago Bulls,Cleveland Cavaliers
474083,2021,1,0,0.49565745416825424,Atlanta Hawks,Minnesota Timberwolves
474086,2021,1,1,0.5896840822971183,Denver Nuggets,LA Clippers
474077,2021,1,1,0.6818710483063337,Miami Heat,Portland Trail Blazers
474079,2021,0,1,0.5351214322637919,Boston Celtics,Charlotte Hornets
474087,2021,0,1,0.5798571118997419,Sacramento Kings,Detroit Pistons
474078,2021,1,1,0.626343300483786,Dallas Mavericks,Toronto Raptors
474088,2021,0,1,0.6446855151258604,Los Angeles Lakers,Indiana Pacers
474076,2021,0,1,0.5481351677737829,Washington Wizards,Brooklyn Nets
474082,2021,1,1,0.5102240352933598,Milwaukee Bucks,Memphis Grizzlies
474090,2021,0,0,0.4842119259139637,Dallas Mavericks,Phoenix Suns
474089,2021,0,1,0.6222217619661954,New York Knicks,New Orleans Pelicans
474091,2021,0,1,0.7547021721260879,Golden State Warriors,Indiana Pacers
474099,2021,0,0,0.4221553023730236,San Antonio Spurs,Brooklyn Nets
474096,2021,1,0,0.43436166784262814,Atlanta Hawks,Miami Heat
474097,2021,0,1,0.5907390872670844,Boston Celtics,Portland Trail Blazers
474098,2021,0,0,0.3845797407306909,Orlando Magic,Los Angeles Lakers
474095,2021,0,1,0.6401636575143773,Philadelphia 76ers,LA Clippers
474101,2021,0,1,0.5314774489732507,Denver Nuggets,Memphis Grizzlies
474100,2021,1,1,0.7155192352560722,Utah Jazz,Detroit Pistons
474093,2021,1,1,0.69892585678484,Charlotte Hornets,Oklahoma City Thunder
474092,2021,1,1,0.5933710891050331,Milwaukee Bucks,Chicago Bulls
474102,2021,1,1,0.7300799434778191,Golden State Warriors,Houston Rockets
474094,2021,0,1,0.6124837439126555,Washington Wizards,Toronto Raptors
474104,2021,1,1,0.7114446418954965,Cleveland Cavaliers,Oklahoma City Thunder
474103,2021,1,1,0.7930732132491852,Phoenix Suns,Indiana Pacers
474105,2021,1,1,0.6807957040597022,Milwaukee Bucks,Sacramento Kings
474111,2021,0,1,0.5777487312811842,Toronto Raptors,Portland Trail Blazers
474109,2021,1,1,0.5432933402890769,Dallas Mavericks,Memphis Grizzlies
474108,2021,1,1,0.5577147915591569,New York Knicks,LA Clippers
474110,2021,0,1,0.6218299458340293,Charlotte Hornets,Atlanta Hawks
474113,2021,0,1,0.5784331416107649,Washington Wizards,Boston Celtics
474112,2021,0,0,0.42878387530035417,San Antonio Spurs,Philadelphia 76ers
474114,2021,1,0,0.49612045350314565,Minnesota Timberwolves,Brooklyn Nets
474106,2021,1,0,0.33212222446171874,Orlando Magic,Chicago Bulls
474107,2021,1,1,0.6606503131194262,Miami Heat,Los Angeles Lakers
474116,2021,1,1,0.6452604759237605,Golden State Warriors,Utah Jazz
474115,2021,1,1,0.692649880206775,Denver Nuggets,Detroit Pistons
474119,2021,1,1,0.5444529057791427,New Orleans Pelicans,Indiana Pacers
474118,2021,1,1,0.6393327569818863,Cleveland Cavaliers,New York Knicks
474121,2021,1,1,0.5383473961666498,Atlanta Hawks,Chicago Bulls
474117,2021,0,0,0.3971632264534799,Houston Rockets,Philadelphia 76ers
474120,2021,1,1,0.7193907384283705,Phoenix Suns,Utah Jazz
474125,2021,0,1,0.567349624699321,Washington Wizards,LA Clippers
474129,2021,1,1,0.6404215798330685,Golden State Warriors,Dallas Mavericks
474123,2021,0,0,0.36154803849318673,Detroit Pistons,Denver Nuggets
474128,2021,0,1,0.522516526428486,Portland Trail Blazers,Minnesota Timberwolves
474126,2021,0,1,0.644180385080807,Brooklyn Nets,Los Angeles Lakers
474124,2021,1,1,0.6219934470346886,Boston Celtics,Sacramento Kings
474122,2021,1,1,0.520997743412508,Toronto Raptors,Charlotte Hornets
474127,2021,0,0,0.4924092434434945,Houston Rockets,San Antonio Spurs
474136,2021,0,0,0.45647837489792303,New Orleans Pelicans,Denver Nuggets
474134,2021,0,0,0.4232176057366416,San Antonio Spurs,Memphis Grizzlies
474130,2021,0,0,0.4376160254983772,Indiana Pacers,Charlotte Hornets
474140,2021,0,0,0.4841217540517242,Portland Trail Blazers,Dallas Mavericks
474139,2021,0,0,0.4652373736503108,Utah Jazz,Phoenix Suns
474138,2021,0,1,0.6252169318626223,Brooklyn Nets,Toronto Raptors
474131,2021,1,1,0.5809985738931545,Cleveland Cavaliers,Milwaukee Bucks
474133,2021,0,0,0.3553350425832823,Orlando Magic,LA Clippers
474137,2021,1,1,0.689208755004367,Miami Heat,New York Knicks
474135,2021,0,0,0.4045330697490707,Oklahoma City Thunder,Chicago Bulls
474132,2021,1,1,0.6457611401080189,Atlanta Hawks,Sacramento Kings
474141,2021,1,1,0.6735534400234541,Golden State Warriors,Minnesota Timberwolves
474142,2021,1,1,0.6169726068326253,Philadelphia 76ers,Los Angeles Lakers
474149,2021,1,0,0.43392199389545905,San Antonio Spurs,Chicago Bulls
474152,2021,1,1,0.7499222165961129,Phoenix Suns,Minnesota Timberwolves
474145,2021,1,1,0.5624614307794666,Atlanta Hawks,Boston Celtics
474150,2021,0,0,0.464353293788481,Houston Rockets,Portland Trail Blazers
474146,2021,1,1,0.6591424742293742,Miami Heat,LA Clippers
474143,2021,1,0,0.48615822210226,Orlando Magic,Detroit Pistons
474144,2021,1,1,0.6116520138117104,Charlotte Hornets,Los Angeles Lakers
474151,2021,1,1,0.666397670653071,Milwaukee Bucks,New York Knicks
474147,2021,0,0,0.4785777387952235,Oklahoma City Thunder,Indiana Pacers
474148,2021,1,1,0.6521211551970697,Memphis Grizzlies,Utah Jazz
474155,2021,1,1,0.6698342748359577,Dallas Mavericks,Indiana Pacers
474154,2021,0,0,0.4865442938326469,New Orleans Pelicans,Boston Celtics
474157,2021,0,1,0.6596770092872328,Miami Heat,Toronto Raptors
474158,2021,1,1,0.6972823317005225,Memphis Grizzlies,Washington Wizards
474156,2021,1,1,0.6876857422920244,Golden State Warriors,Brooklyn Nets
474153,2021,1,1,0.7277123059218441,Philadelphia 76ers,Sacramento Kings
474162,2021,0,1,0.5983477905796242,Charlotte Hornets,LA Clippers
474161,2021,1,0,0.3146469702832933,Detroit Pistons,Cleveland Cavaliers
474166,2021,1,1,0.799538862195487,Phoenix Suns,San Antonio Spurs
474160,2021,0,1,0.5873491508442528,Milwaukee Bucks,Denver Nuggets
474163,2021,1,1,0.5424055851389968,Minnesota Timberwolves,Utah Jazz
474165,2021,1,1,0.5993560324416976,Atlanta Hawks,Los Angeles Lakers
474159,2021,1,1,0.6297951937815026,Chicago Bulls,Portland Trail Blazers
474164,2021,1,0,0.33825080658034823,Orlando Magic,Dallas Mavericks
474170,2021,1,1,0.5065045271464443,Boston Celtics,Miami Heat
474171,2021,1,1,0.5517926286597452,Philadelphia 76ers,Memphis Grizzlies
474168,2021,1,0,0.4444527699821348,Indiana Pacers,LA Clippers
474172,2021,0,0,0.2884800211790999,Houston Rockets,Golden State Warriors
474169,2021,1,0,0.44658604392891305,Oklahoma City Thunder,Portland Trail Blazers
474167,2021,1,1,0.6769862387151746,Cleveland Cavaliers,New Orleans Pelicans
474173,2021,1,1,0.6267073570841871,New York Knicks,Sacramento Kings
474180,2021,1,1,0.5063160614754617,Minnesota Timberwolves,Denver Nuggets
474175,2021,0,0,0.338531312773699,San Antonio Spurs,Golden State Warriors
474177,2021,1,1,0.6778784360965895,Milwaukee Bucks,Washington Wizards
474174,2021,0,0,0.4474986526388657,Detroit Pistons,New Orleans Pelicans
474178,2021,0,1,0.5522520429592002,Atlanta Hawks,Toronto Raptors
474179,2021,1,1,0.7088391012795259,Chicago Bulls,Orlando Magic
474176,2021,1,1,0.7631145130246132,Phoenix Suns,Brooklyn Nets
474185,2021,1,0,0.3377757983570071,Houston Rockets,Cleveland Cavaliers
474183,2021,0,1,0.7083216581262176,Philadelphia 76ers,Washington Wizards
474184,2021,0,1,0.7029960401822228,Dallas Mavericks,Oklahoma City Thunder
474187,2021,1,1,0.577707124757986,Boston Celtics,Charlotte Hornets
474186,2021,0,0,0.46753565657213453,New York Knicks,Memphis Grizzlies
474188,2021,1,0,0.46816933754403,Sacramento Kings,Brooklyn Nets
474181,2021,0,1,0.5656296330119824,Indiana Pacers,Orlando Magic
474189,2021,1,1,0.5930623208827802,Los Angeles Lakers,Portland Trail Blazers
474182,2021,1,1,0.5431840913183293,Utah Jazz,Denver Nuggets
474191,2021,1,1,0.5323515476168941,Toronto Raptors,Miami Heat
474192,2021,1,1,0.7830652915699112,Golden State Warriors,Sacramento Kings
474190,2021,1,0,0.40379787610345325,Atlanta Hawks,Phoenix Suns
474193,2021,0,0,0.3698634188082341,Detroit Pistons,Minnesota Timberwolves
474194,2021,1,1,0.5770024892587974,LA Clippers,Los Angeles Lakers
474202,2021,1,1,0.6396990037284768,Utah Jazz,Brooklyn Nets
474201,2021,1,1,0.57463797129474,Toronto Raptors,Atlanta Hawks
474203,2021,0,1,0.5407237345509913,Charlotte Hornets,Cleveland Cavaliers
474198,2021,0,0,0.4126254491094429,Indiana Pacers,Chicago Bulls
474200,2021,0,0,0.34252683349397184,Detroit Pistons,Boston Celtics
474197,2021,0,1,0.6575230822705812,Denver Nuggets,New Orleans Pelicans
474199,2021,1,1,0.5741324467041193,San Antonio Spurs,Houston Rockets
474195,2021,1,1,0.5248799144601204,Dallas Mavericks,Philadelphia 76ers
474196,2021,0,1,0.5659702251661537,Portland Trail Blazers,Oklahoma City Thunder
474204,2021,0,0,0.3926129514625818,Washington Wizards,Phoenix Suns
474209,2021,0,0,0.4328916210715422,Portland Trail Blazers,Milwaukee Bucks
474207,2021,1,1,0.5751418015745967,Los Angeles Lakers,New York Knicks
474205,2021,0,0,0.3133553850139222,Orlando Magic,Memphis Grizzlies
474208,2021,1,1,0.5076963869358875,Sacramento Kings,Oklahoma City Thunder
474206,2021,0,1,0.539196562869379,Charlotte Hornets,Miami Heat
474215,2021,0,0,0.46628337722586605,Houston Rockets,New Orleans Pelicans
474214,2021,1,1,0.59850309337585,Dallas Mavericks,Atlanta Hawks
474212,2021,1,1,0.621319888206599,Denver Nuggets,Brooklyn Nets
474216,2021,0,1,0.5139520229551863,LA Clippers,Milwaukee Bucks
474213,2021,1,1,0.7003234236596761,Minnesota Timberwolves,Detroit Pistons
474217,2021,0,0,0.35521128080881315,Orlando Magic,Boston Celtics
474211,2021,1,1,0.684642647737016,Cleveland Cavaliers,Indiana Pacers
474210,2021,0,1,0.6063537690982442,Chicago Bulls,Philadelphia 76ers
474220,2021,1,1,0.6668629329568831,Utah Jazz,New York Knicks
474221,2021,0,0,0.49478751840326207,Charlotte Hornets,Toronto Raptors
474218,2021,0,0,0.4910853444402804,Chicago Bulls,Phoenix Suns
474219,2021,0,0,0.3203262887945065,Oklahoma City Thunder,Golden State Warriors
474222,2021,0,0,0.49136236287109947,Washington Wizards,Miami Heat
474230,2021,0,0,0.4712544783311656,Los Angeles Lakers,Milwaukee Bucks
474229,2021,1,1,0.6100475954893342,New Orleans Pelicans,Houston Rockets
474232,2021,1,1,0.6413385284807759,Denver Nuggets,New York Knicks
474225,2021,0,0,0.49284311888371146,Brooklyn Nets,Boston Celtics
474231,2021,1,1,0.7307825457665376,Dallas Mavericks,Detroit Pistons
474227,2021,0,0,0.42946440277835884,Sacramento Kings,Minnesota Timberwolves
474224,2021,1,1,0.637619064562282,Atlanta Hawks,Indiana Pacers
474226,2021,1,1,0.6906707007389252,Memphis Grizzlies,LA Clippers
474228,2021,0,1,0.5813937646630042,Portland Trail Blazers,Orlando Magic
474223,2021,0,0,0.48490692193827833,Philadelphia 76ers,Phoenix Suns
474233,2021,0,0,0.4992213596850292,Charlotte Hornets,Chicago Bulls
474237,2021,0,0,0.38152125597639763,Oklahoma City Thunder,Toronto Raptors
474236,2021,1,0,0.4848671242611036,Portland Trail Blazers,Los Angeles Lakers
474235,2021,1,0,0.49543242362359,Utah Jazz,Golden State Warriors
474238,2021,1,0,0.40301657909824434,Sacramento Kings,Minnesota Timberwolves
474234,2021,1,1,0.6826517609547937,Cleveland Cavaliers,San Antonio Spurs
474241,2021,1,1,0.6921840556837654,Phoenix Suns,Milwaukee Bucks
474245,2021,0,0,0.33756740666838136,Houston Rockets,Toronto Raptors
474240,2021,1,1,0.5675355244523195,Washington Wizards,Brooklyn Nets
474243,2021,0,1,0.7541257743016423,Golden State Warriors,New York Knicks
474239,2021,0,0,0.47181619472900066,New Orleans Pelicans,Miami Heat
474242,2021,1,1,0.6332958432452287,Dallas Mavericks,LA Clippers
474244,2021,0,0,0.27870673926839495,Detroit Pistons,Memphis Grizzlies
474250,2021,0,0,0.3770105624512217,Indiana Pacers,Cleveland Cavaliers
474246,2021,1,1,0.5953085952329852,Chicago Bulls,Minnesota Timberwolves
474251,2021,1,1,0.6897580876651166,Philadelphia 76ers,Oklahoma City Thunder
474248,2021,1,1,0.7386268804329594,Utah Jazz,Orlando Magic
474247,2021,1,1,0.6019698349328295,Boston Celtics,Denver Nuggets
474249,2021,0,0,0.40795632763756634,Detroit Pistons,Charlotte Hornets
474252,2021,0,1,0.6182832472951616,Atlanta Hawks,San Antonio Spurs
474259,2021,0,1,0.6167465597909716,Toronto Raptors,Denver Nuggets
474254,2021,0,0,0.45539541520326066,Charlotte Hornets,Memphis Grizzlies
474262,2021,0,1,0.5672003528478075,New Orleans Pelicans,San Antonio Spurs
474253,2021,1,1,0.5300865437714919,Portland Trail Blazers,New York Knicks
474256,2021,1,1,0.6945623889689971,Miami Heat,Brooklyn Nets
474260,2021,0,1,0.6661063937056843,Dallas Mavericks,LA Clippers
474258,2021,1,1,0.5499372324293733,Philadelphia 76ers,Cleveland Cavaliers
474257,2021,1,1,0.7175795340450992,Golden State Warriors,Los Angeles Lakers
474255,2021,0,1,0.5806101816490918,Washington Wizards,Sacramento Kings
474261,2021,1,1,0.726208897218875,Chicago Bulls,Oklahoma City Thunder
474263,2021,1,1,0.8273609707491417,Phoenix Suns,Orlando Magic
474264,2021,1,1,0.6331254568421552,Boston Celtics,Atlanta Hawks
474265,2021,0,0,0.4170204258321808,Indiana Pacers,Minnesota Timberwolves
474274,2021,0,1,0.6314261656592149,New York Knicks,Oklahoma City Thunder
474273,2021,1,0,0.44384927604643587,New Orleans Pelicans,Toronto Raptors
474271,2021,1,1,0.7552106666751772,Utah Jazz,Houston Rockets
474272,2021,1,1,0.5776493613484497,Brooklyn Nets,Sacramento Kings
474268,2021,1,1,0.684847715878433,Washington Wizards,Detroit Pistons
474270,2021,1,1,0.720873374893348,Denver Nuggets,Orlando Magic
474269,2021,1,1,0.672044602034593,Chicago Bulls,San Antonio Spurs
474266,2021,0,1,0.6867139626333704,Milwaukee Bucks,Portland Trail Blazers
474267,2021,1,0,0.45102883371558394,LA Clippers,Golden State Warriors
474278,2021,0,0,0.38371343187602136,New Orleans Pelicans,Memphis Grizzlies
474275,2021,1,0,0.46945387266212013,Atlanta Hawks,Cleveland Cavaliers
474280,2021,1,1,0.7306354494661467,Milwaukee Bucks,Indiana Pacers
474277,2021,0,1,0.6104269942128132,Miami Heat,Dallas Mavericks
474276,2021,0,1,0.5605140199330556,Philadelphia 76ers,Boston Celtics
474279,2021,1,1,0.6112539520737611,Minnesota Timberwolves,Charlotte Hornets
474281,2021,1,1,0.7726662877663382,Phoenix Suns,LA Clippers
474286,2021,1,0,0.4457240282257945,Indiana Pacers,Washington Wizards
474290,2021,1,1,0.8498097216288621,Phoenix Suns,Houston Rockets
474291,2021,0,1,0.6368286568517343,Golden State Warriors,Denver Nuggets
474285,2021,0,1,0.7180271397496251,Memphis Grizzlies,Portland Trail Blazers
474292,2021,1,0,0.4222406902121591,Los Angeles Lakers,Utah Jazz
474283,2021,0,1,0.5590352573883588,Minnesota Timberwolves,Toronto Raptors
474289,2021,0,0,0.46652512648488387,Oklahoma City Thunder,San Antonio Spurs
474288,2021,0,1,0.7638302753766427,Boston Celtics,Detroit Pistons
474282,2021,0,1,0.5310833527180495,New York Knicks,Brooklyn Nets
474287,2021,0,0,0.39089460330250325,Orlando Magic,Atlanta Hawks
474284,2021,1,1,0.6873212908069805,Chicago Bulls,Sacramento Kings
474296,2021,1,1,0.6792961486174858,LA Clippers,Houston Rockets
474293,2021,0,1,0.5904206714805335,Milwaukee Bucks,Philadelphia 76ers
474294,2021,0,0,0.4286452431065563,New Orleans Pelicans,Dallas Mavericks
474295,2021,0,0,0.4619267504386889,Charlotte Hornets,Miami Heat
474300,2021,1,0,0.33121957690692405,Detroit Pistons,Cleveland Cavaliers
474302,2021,0,0,0.26976705952610125,Oklahoma City Thunder,Phoenix Suns
474297,2021,0,0,0.4775578708663372,Portland Trail Blazers,Golden State Warriors
474298,2021,1,1,0.6550411511221199,Chicago Bulls,Atlanta Hawks
474301,2021,0,1,0.5140018796909135,Brooklyn Nets,Boston Celtics
474299,2021,1,0,0.4748079199471036,Minnesota Timberwolves,Memphis Grizzlies
474303,2021,0,0,0.41337607090870365,Sacramento Kings,Denver Nuggets
474312,2021,0,1,0.5290697131991918,Los Angeles Lakers,LA Clippers
474304,2021,0,0,0.4160817421886077,New York Knicks,Miami Heat
474306,2021,0,1,0.5385662041356192,Minnesota Timberwolves,Philadelphia 76ers
474307,2021,0,1,0.5679501198533802,Washington Wizards,San Antonio Spurs
474309,2021,0,1,0.5456136996164472,Indiana Pacers,Oklahoma City Thunder
474308,2021,1,1,0.5873344815534957,Utah Jazz,Dallas Mavericks
474305,2021,0,1,0.8149118658708897,Phoenix Suns,New Orleans Pelicans
474311,2021,1,1,0.515546786656293,Orlando Magic,Houston Rockets
474310,2021,1,1,0.5064040089995859,Charlotte Hornets,Toronto Raptors
474315,2021,1,1,0.6352587241523492,Cleveland Cavaliers,Washington Wizards
474317,2021,1,1,0.6741580718475878,Miami Heat,San Antonio Spurs
474319,2021,0,1,0.596714668979932,Chicago Bulls,Memphis Grizzlies
474313,2021,1,1,0.5433426485405112,Atlanta Hawks,Toronto Raptors
474314,2021,1,1,0.6836793186238376,Denver Nuggets,Sacramento Kings
474316,2021,0,0,0.33544956941282994,Detroit Pistons,Boston Celtics
474318,2021,0,1,0.6272453825961783,Milwaukee Bucks,Brooklyn Nets
474321,2021,0,0,0.4243156874968741,New York Knicks,Philadelphia 76ers
474326,2021,0,1,0.5701524999335099,Los Angeles Lakers,New Orleans Pelicans
474327,2021,0,1,0.6925177545697595,Phoenix Suns,Utah Jazz
474322,2021,0,0,0.43708998677093547,Portland Trail Blazers,Denver Nuggets
474320,2021,1,0,0.3796067719267641,Indiana Pacers,Boston Celtics
474324,2021,0,1,0.6456234143186123,Golden State Warriors,Dallas Mavericks
474325,2021,0,0,0.3561069892965307,Houston Rockets,LA Clippers
474323,2021,0,1,0.6596222331032747,Charlotte Hornets,Detroit Pistons
474329,2021,1,1,0.5960922451852274,Miami Heat,Chicago Bulls
474332,2021,1,0,0.4537046879140568,Orlando Magic,Indiana Pacers
474328,2021,1,1,0.6404828066978653,Milwaukee Bucks,Charlotte Hornets
474330,2021,0,1,0.5965298719897065,Cleveland Cavaliers,Minnesota Timberwolves
474333,2021,0,1,0.5240073527137524,Oklahoma City Thunder,Sacramento Kings
474331,2021,1,1,0.7013844796059072,Memphis Grizzlies,San Antonio Spurs
474338,2021,0,0,0.4728174117869785,Los Angeles Lakers,Dallas Mavericks
474334,2021,1,1,0.6038363911970889,Washington Wizards,Detroit Pistons
474335,2021,0,0,0.3507875172177814,Houston Rockets,LA Clippers
474336,2021,1,1,0.6018772333121375,Boston Celtics,Atlanta Hawks
474337,2021,1,1,0.5603360014661358,Toronto Raptors,Brooklyn Nets
474339,2021,1,1,0.5228479358136225,Minnesota Timberwolves,Golden State Warriors
474343,2021,1,1,0.7188737303772618,Philadelphia 76ers,New York Knicks
474346,2021,1,1,0.760774816348713,Phoenix Suns,Portland Trail Blazers
474341,2021,0,0,0.3058836031140608,Houston Rockets,Utah Jazz
474342,2021,1,1,0.5297671143132976,Milwaukee Bucks,Miami Heat
474344,2021,0,0,0.4718322559816556,Orlando Magic,Indiana Pacers
474340,2021,1,1,0.5882176808622949,New Orleans Pelicans,Sacramento Kings
474345,2021,0,1,0.6374846167255811,Cleveland Cavaliers,Charlotte Hornets
474347,2021,0,1,0.7139824531182221,Denver Nuggets,Oklahoma City Thunder
474349,2021,1,1,0.5373227551046748,Boston Celtics,Memphis Grizzlies
474353,2021,1,1,0.6332863948976796,LA Clippers,Los Angeles Lakers
474351,2021,0,0,0.4842336797853633,Brooklyn Nets,Miami Heat
474350,2021,1,1,0.5959050224780462,Dallas Mavericks,Golden State Warriors
474348,2021,0,1,0.6720494742294839,Toronto Raptors,Detroit Pistons
474352,2021,0,1,0.5677856083841238,San Antonio Spurs,Sacramento Kings
474357,2021,1,0,0.4565937641695412,Detroit Pistons,Indiana Pacers
474356,2021,1,1,0.7541606575826144,Denver Nuggets,Houston Rockets
474361,2021,1,1,0.6520060437158712,Philadelphia 76ers,Cleveland Cavaliers
474360,2021,0,1,0.593527357612201,Chicago Bulls,Milwaukee Bucks
474354,2021,1,0,0.4313116690609223,New Orleans Pelicans,Utah Jazz
474355,2021,0,0,0.4181982614120411,Oklahoma City Thunder,Minnesota Timberwolves
474359,2021,1,1,0.8038977385549945,Phoenix Suns,New York Knicks
474358,2021,0,1,0.5247429666031582,Washington Wizards,Atlanta Hawks
474365,2021,1,1,0.7513131810531691,Memphis Grizzlies,Orlando Magic
474366,2021,1,1,0.602247393083205,Charlotte Hornets,San Antonio Spurs
474363,2021,1,1,0.5773888623357389,Miami Heat,Philadelphia 76ers
474364,2021,1,1,0.6919552570440136,Dallas Mavericks,Sacramento Kings
474367,2021,1,0,0.4711301007746394,Los Angeles Lakers,Golden State Warriors
474362,2021,1,1,0.6479544369293612,Minnesota Timberwolves,Portland Trail Blazers
474371,2021,1,1,0.636319656103099,Boston Celtics,Brooklyn Nets
474369,2021,1,1,0.6309559060597856,Denver Nuggets,New Orleans Pelicans
474372,2021,1,1,0.5088664533797917,Milwaukee Bucks,Phoenix Suns
474373,2021,1,1,0.5894233771221801,Washington Wizards,Indiana Pacers
474375,2021,0,1,0.678756657651008,LA Clippers,New York Knicks
474374,2021,1,1,0.5843963004882651,Cleveland Cavaliers,Toronto Raptors
474370,2021,1,0,0.3039702836910958,Houston Rockets,Memphis Grizzlies
474368,2021,0,0,0.38197655426454025,Oklahoma City Thunder,Utah Jazz
474380,2021,1,1,0.5644415569813855,Dallas Mavericks,Utah Jazz
474378,2021,1,1,0.772706786111005,Miami Heat,Houston Rockets
474381,2021,0,1,0.5347989473938001,Sacramento Kings,New York Knicks
474377,2021,1,1,0.6179254673537162,Philadelphia 76ers,Chicago Bulls
474379,2021,1,1,0.6718543620599053,Minnesota Timberwolves,Portland Trail Blazers
474382,2021,1,1,0.5192331045222938,San Antonio Spurs,Los Angeles Lakers
474376,2021,1,0,0.4050778883393098,Detroit Pistons,Atlanta Hawks
474386,2021,0,0,0.30001447612290194,Orlando Magic,Phoenix Suns
474385,2021,1,1,0.6689794003520249,Memphis Grizzlies,New Orleans Pelicans
474384,2021,0,0,0.43311264571133135,Indiana Pacers,Cleveland Cavaliers
474387,2021,0,0,0.3655016802791711,Oklahoma City Thunder,Milwaukee Bucks
474383,2021,0,1,0.5928429464657684,Charlotte Hornets,Brooklyn Nets
474388,2021,1,1,0.6177478291516775,Golden State Warriors,LA Clippers
474391,2021,1,1,0.7119298105201395,Minnesota Timberwolves,Oklahoma City Thunder
474393,2021,1,0,0.438215231024859,Houston Rockets,Los Angeles Lakers
474394,2021,0,1,0.5579465749825987,Miami Heat,Phoenix Suns
474390,2021,0,1,0.6181103748392376,New Orleans Pelicans,Orlando Magic
474397,2021,0,0,0.4920837663526505,San Antonio Spurs,Toronto Raptors
474389,2021,1,1,0.6681850324301195,Milwaukee Bucks,Atlanta Hawks
474395,2021,0,0,0.48392683567195277,Charlotte Hornets,Boston Celtics
474396,2021,0,1,0.6906761878287634,Dallas Mavericks,New York Knicks
474399,2021,0,0,0.3992383662389268,Sacramento Kings,Denver Nuggets
474392,2021,0,0,0.42099093793498216,Detroit Pistons,Chicago Bulls
474400,2021,1,1,0.5953332304576121,LA Clippers,Washington Wizards
474398,2021,1,1,0.7225120016800916,Utah Jazz,Portland Trail Blazers
474402,2021,0,1,0.6075689847769573,Denver Nuggets,Golden State Warriors
474401,2021,0,1,0.6603295485669363,Philadelphia 76ers,Brooklyn Nets
474406,2021,1,1,0.6450923926738764,Miami Heat,Cleveland Cavaliers
474407,2021,0,1,0.5173861654091841,New Orleans Pelicans,Charlotte Hornets
474411,2021,1,1,0.5325994066396494,Los Angeles Lakers,Washington Wizards
474412,2021,0,1,0.7445744426840191,Phoenix Suns,Toronto Raptors
474410,2021,1,0,0.4116535308528114,San Antonio Spurs,Utah Jazz
474405,2021,1,0,0.3298078037237785,Orlando Magic,Minnesota Timberwolves
474403,2021,1,1,0.6881284941499378,Memphis Grizzlies,New York Knicks
474409,2021,1,1,0.7033674656895988,Boston Celtics,Detroit Pistons
474404,2021,0,0,0.33615805345210037,Houston Rockets,Dallas Mavericks
474408,2021,1,1,0.5328408772214805,Atlanta Hawks,LA Clippers
474415,2021,1,1,0.6015997072134042,Chicago Bulls,Cleveland Cavaliers
474413,2021,0,1,0.6255285582329325,Miami Heat,Minnesota Timberwolves
474417,2021,1,1,0.5717605990491343,Golden State Warriors,Milwaukee Bucks
474418,2021,0,1,0.5800827652270638,San Antonio Spurs,Indiana Pacers
474414,2021,1,1,0.7095890319653861,Utah Jazz,Sacramento Kings
474419,2021,1,0,0.49692022305748484,Portland Trail Blazers,Washington Wizards
474416,2021,0,1,0.6010906589729402,Denver Nuggets,Toronto Raptors
474425,2021,0,0,0.4233285088639697,Detroit Pistons,LA Clippers
474421,2021,0,1,0.5771491032836936,Boston Celtics,Dallas Mavericks
474426,2021,0,0,0.34861412467667835,Oklahoma City Thunder,Memphis Grizzlies
474422,2021,1,1,0.5841044894517036,Brooklyn Nets,New York Knicks
474420,2021,1,1,0.6229130615068126,Atlanta Hawks,Indiana Pacers
474423,2021,1,1,0.5903143149140256,New Orleans Pelicans,Houston Rockets
474424,2021,0,0,0.35485951032914,Orlando Magic,Philadelphia 76ers
474427,2021,1,1,0.7609639087177705,Phoenix Suns,Los Angeles Lakers
474429,2021,0,0,0.427493950340466,San Antonio Spurs,Minnesota Timberwolves
474433,2021,1,0,0.4181416183892564,Sacramento Kings,Chicago Bulls
474435,2021,1,1,0.7186151976877589,Golden State Warriors,Washington Wizards
474428,2021,1,1,0.5995606798601235,Cleveland Cavaliers,LA Clippers
474436,2021,0,0,0.4845220461293869,Los Angeles Lakers,Toronto Raptors
474434,2021,1,1,0.6335146919745372,Atlanta Hawks,Portland Trail Blazers
474431,2021,0,1,0.5739983798103668,Utah Jazz,Milwaukee Bucks
474430,2021,0,1,0.600422420857677,Philadelphia 76ers,Denver Nuggets
474432,2021,0,0,0.40716588226116734,Oklahoma City Thunder,Charlotte Hornets
474440,2021,1,1,0.7436148634348311,Miami Heat,Detroit Pistons
474439,2021,0,0,0.37221028119411953,New Orleans Pelicans,Phoenix Suns
474438,2021,0,0,0.34710250947749305,Indiana Pacers,Memphis Grizzlies
474437,2021,0,0,0.3887276633632164,Orlando Magic,Brooklyn Nets
474441,2021,1,1,0.6718972840248983,Minnesota Timberwolves,Los Angeles Lakers
474448,2021,1,1,0.6046793477251662,San Antonio Spurs,Oklahoma City Thunder
474446,2021,0,1,0.5752092037809917,Cleveland Cavaliers,Philadelphia 76ers
474451,2021,0,0,0.38215868595778585,Sacramento Kings,Milwaukee Bucks
474444,2021,1,1,0.5490711158922253,Charlotte Hornets,Atlanta Hawks
474452,2021,0,1,0.5107483751518428,LA Clippers,Toronto Raptors
474450,2021,0,1,0.6246119114666984,Golden State Warriors,Boston Celtics
474449,2021,1,1,0.6036027943675524,Utah Jazz,Chicago Bulls
474447,2021,0,0,0.4601274210956101,Washington Wizards,Denver Nuggets
474445,2021,0,0,0.2700224066453348,Houston Rockets,Phoenix Suns
474442,2021,1,1,0.5808425487458945,New York Knicks,Portland Trail Blazers
474443,2021,0,1,0.5143039071923782,Brooklyn Nets,Dallas Mavericks
474453,2021,0,1,0.5213863062307921,Orlando Magic,Detroit Pistons
474460,2021,1,1,0.6537785941328053,Brooklyn Nets,Portland Trail Blazers
474462,2021,1,1,0.6517595970250478,Utah Jazz,LA Clippers
474461,2021,0,0,0.4800032548147696,Houston Rockets,Indiana Pacers
474463,2021,0,1,0.5492661067748212,San Antonio Spurs,New Orleans Pelicans
474458,2021,1,0,0.4656590535618807,Atlanta Hawks,Memphis Grizzlies
474454,2021,1,1,0.5660128674892744,Philadelphia 76ers,Dallas Mavericks
474459,2021,0,1,0.6777288372972801,Toronto Raptors,Los Angeles Lakers
474455,2021,1,1,0.5470435014180411,Cleveland Cavaliers,Denver Nuggets
474457,2021,1,1,0.5909228913026813,New York Knicks,Washington Wizards
474464,2021,1,1,0.7263360289073137,Phoenix Suns,Chicago Bulls
474456,2021,1,1,0.767817048307591,Miami Heat,Oklahoma City Thunder
474465,2021,0,0,0.38750880713884717,Sacramento Kings,Boston Celtics
474466,2021,1,1,0.5127303265525684,Charlotte Hornets,Dallas Mavericks
474469,2021,1,1,0.526928164997905,Washington Wizards,Los Angeles Lakers
474468,2021,1,1,0.7043518251984966,Cleveland Cavaliers,Detroit Pistons
474467,2021,1,1,0.5463057407872581,Minnesota Timberwolves,Milwaukee Bucks
474471,2021,0,0,0.31367835644191083,Sacramento Kings,Phoenix Suns
474473,2021,1,1,0.5290573847964233,Orlando Magic,Oklahoma City Thunder
474478,2021,0,1,0.725176020278922,Golden State Warriors,San Antonio Spurs
474472,2021,0,1,0.5943058648549937,Philadelphia 76ers,Toronto Raptors
474470,2021,0,1,0.619900228878425,Atlanta Hawks,New Orleans Pelicans
474476,2021,0,0,0.2973533402329195,Houston Rockets,Memphis Grizzlies
474474,2021,1,1,0.5294593119744236,Indiana Pacers,Portland Trail Blazers
474475,2021,0,0,0.4607347779526749,New York Knicks,Utah Jazz
474477,2021,0,1,0.5476837182986077,Denver Nuggets,Boston Celtics
474484,2021,1,1,0.5981914977407446,Charlotte Hornets,New Orleans Pelicans
474479,2021,1,1,0.568460465277225,Philadelphia 76ers,Miami Heat
474482,2021,0,1,0.6647223654183948,Cleveland Cavaliers,Los Angeles Lakers
474486,2021,0,0,0.4773465174294646,Detroit Pistons,Portland Trail Blazers
474480,2021,1,1,0.5733815297854655,Dallas Mavericks,Minnesota Timberwolves
474485,2021,1,1,0.5076861626831716,Brooklyn Nets,Utah Jazz
474481,2021,1,0,0.42912285386847626,Houston Rockets,Washington Wizards
474483,2021,1,1,0.5600057307411621,Chicago Bulls,Toronto Raptors
474487,2021,0,0,0.3336207639107034,Oklahoma City Thunder,Boston Celtics
474491,2021,1,1,0.6169696838875199,Milwaukee Bucks,Chicago Bulls
474489,2021,0,0,0.49791782080768837,New York Knicks,Atlanta Hawks
474490,2021,1,1,0.6407461189091743,Denver Nuggets,LA Clippers
474488,2021,1,0,0.33812932871341916,Orlando Magic,Golden State Warriors
474498,2021,1,1,0.6479222346596597,Memphis Grizzlies,Brooklyn Nets
474492,2021,1,0,0.38557747058691005,Detroit Pistons,Atlanta Hawks
474499,2021,0,0,0.4571485964668539,Los Angeles Lakers,Philadelphia 76ers
474500,2021,0,1,0.6150566211693203,Miami Heat,Golden State Warriors
474502,2021,0,1,0.5244417535784145,Portland Trail Blazers,San Antonio Spurs
474494,2021,0,1,0.6310143052780026,Charlotte Hornets,New York Knicks
474497,2021,1,1,0.7424747761589165,Dallas Mavericks,Houston Rockets
474493,2021,0,1,0.556783449836999,Indiana Pacers,Sacramento Kings
474495,2021,1,1,0.5917960963918515,Boston Celtics,Utah Jazz
474501,2021,1,0,0.4935614458296469,Oklahoma City Thunder,Orlando Magic
474496,2021,0,0,0.4573800032234523,Minnesota Timberwolves,Phoenix Suns
474507,2021,0,0,0.4569761409936675,Denver Nuggets,Phoenix Suns
474506,2021,1,1,0.6962109394315006,Milwaukee Bucks,Washington Wizards
474503,2021,1,1,0.568793976823067,Toronto Raptors,Cleveland Cavaliers
474505,2021,1,1,0.5095520422220435,New Orleans Pelicans,Chicago Bulls
474504,2021,1,1,0.7434078636016762,Memphis Grizzlies,Indiana Pacers
474509,2021,0,0,0.4724030992125869,Detroit Pistons,Washington Wizards
474513,2021,0,0,0.46361137654013096,LA Clippers,Philadelphia 76ers
474511,2021,1,1,0.507383779110823,Atlanta Hawks,Golden State Warriors
474510,2021,0,1,0.6648451224227153,Miami Heat,New York Knicks
474508,2021,1,1,0.5246641877490023,Charlotte Hornets,Utah Jazz
474512,2021,1,1,0.5557315842493876,Minnesota Timberwolves,Dallas Mavericks
474514,2021,0,1,0.5943011098720138,Portland Trail Blazers,Houston Rockets
474517,2021,1,1,0.6717372498729999,Toronto Raptors,Indiana Pacers
474518,2021,0,1,0.59281678412141,Cleveland Cavaliers,Chicago Bulls
474515,2021,0,0,0.4755134689689098,Orlando Magic,Sacramento Kings
474516,2021,0,1,0.5470419579398966,New Orleans Pelicans,San Antonio Spurs
474522,2021,1,1,0.6165098782174063,Memphis Grizzlies,Milwaukee Bucks
474520,2021,0,1,0.6258735441392598,Miami Heat,Brooklyn Nets
474521,2021,0,1,0.568126246348423,Portland Trail Blazers,Houston Rockets
474519,2021,1,1,0.7087368269728493,Denver Nuggets,Oklahoma City Thunder
474526,2021,0,1,0.5493834199116543,Brooklyn Nets,Charlotte Hornets
474528,2021,1,1,0.5523167123186709,New Orleans Pelicans,Los Angeles Lakers
474523,2021,1,1,0.5957190999623414,Dallas Mavericks,Utah Jazz
474524,2021,0,0,0.425213735728959,Detroit Pistons,New York Knicks
474527,2021,1,1,0.6219326376191118,Boston Celtics,Minnesota Timberwolves
474525,2021,1,1,0.6953491984042524,Phoenix Suns,Philadelphia 76ers
474529,2021,1,0,0.48130539516944926,Washington Wizards,Golden State Warriors
474537,2021,1,1,0.6799118139518819,Cleveland Cavaliers,Orlando Magic
474532,2021,0,1,0.5639925045380577,Charlotte Hornets,Denver Nuggets
474538,2021,0,1,0.5739588250785841,Portland Trail Blazers,Oklahoma City Thunder
474533,2021,1,1,0.5060152700728825,New York Knicks,Chicago Bulls
474535,2021,1,1,0.6867579921193973,Miami Heat,Sacramento Kings
474531,2021,0,0,0.42204138018157594,Houston Rockets,San Antonio Spurs
474534,2021,1,1,0.6694771984381824,Memphis Grizzlies,Golden State Warriors
474530,2021,0,0,0.4375113089232508,Indiana Pacers,Atlanta Hawks
474536,2021,1,1,0.5127815089154466,Toronto Raptors,Boston Celtics
474540,2021,0,1,0.5882811247370197,Philadelphia 76ers,Milwaukee Bucks
474541,2021,1,1,0.673921905086151,Dallas Mavericks,Los Angeles Lakers
474539,2021,0,1,0.5040644708831775,Washington Wizards,Chicago Bulls
474542,2021,1,1,0.6890211813202959,Brooklyn Nets,Detroit Pistons
474543,2021,1,1,0.5194824554856913,LA Clippers,Utah Jazz
474549,2021,0,1,0.6279414600406846,Boston Celtics,Miami Heat
474551,2021,0,0,0.4096041641991737,Oklahoma City Thunder,Atlanta Hawks
474546,2021,0,1,0.5256490775530946,New York Knicks,Charlotte Hornets
474552,2021,0,0,0.39488672004229214,San Antonio Spurs,Memphis Grizzlies
474554,2021,0,0,0.4770828962367758,Portland Trail Blazers,New Orleans Pelicans
474545,2021,0,0,0.47767812569324974,Houston Rockets,Sacramento Kings
474548,2021,1,1,0.6096328128548659,Washington Wizards,Orlando Magic
474544,2021,1,1,0.6055521479061318,Toronto Raptors,Minnesota Timberwolves
474553,2021,0,0,0.46606311761796276,Golden State Warriors,Phoenix Suns
474550,2021,0,0,0.39470522207540876,Indiana Pacers,Denver Nuggets
474547,2021,0,1,0.5175196127988662,Cleveland Cavaliers,Dallas Mavericks
474558,2021,0,1,0.5251041674107124,Brooklyn Nets,Milwaukee Bucks
474556,2021,1,0,0.34708457729550946,Detroit Pistons,Philadelphia 76ers
474555,2021,1,1,0.6587946655500594,Utah Jazz,Los Angeles Lakers
474557,2021,1,1,0.6403495897024636,Chicago Bulls,LA Clippers
474562,2021,0,0,0.4445054599338192,Houston Rockets,Sacramento Kings
474565,2021,1,1,0.5436720080246441,Memphis Grizzlies,Phoenix Suns
474568,2021,0,1,0.5053930289595521,Los Angeles Lakers,New Orleans Pelicans
474566,2021,1,1,0.6173691727436722,San Antonio Spurs,Portland Trail Blazers
474563,2021,0,1,0.5182868532671396,Oklahoma City Thunder,Detroit Pistons
474560,2021,1,1,0.7350579960601122,Boston Celtics,Indiana Pacers
474564,2021,0,0,0.33932452468512275,Orlando Magic,Toronto Raptors
474567,2021,0,1,0.6413516545100528,Denver Nuggets,Minnesota Timberwolves
474559,2021,1,0,0.44691196286742674,Washington Wizards,Dallas Mavericks
474561,2021,0,1,0.6879201052656159,Milwaukee Bucks,LA Clippers
474572,2021,1,1,0.6078496070057711,Philadelphia 76ers,Charlotte Hornets
474571,2021,0,1,0.5485327970554679,New York Knicks,Cleveland Cavaliers
474570,2021,1,1,0.6199185818177068,Golden State Warriors,Utah Jazz
474569,2021,0,1,0.5782491609311333,Chicago Bulls,Miami Heat
474573,2021,1,1,0.5889248220477947,Atlanta Hawks,Brooklyn Nets
474584,2021,0,0,0.4713574709549457,Sacramento Kings,Golden State Warriors
474577,2021,1,1,0.6316937279139067,Boston Celtics,Washington Wizards
474583,2021,1,1,0.6237653488831082,San Antonio Spurs,Portland Trail Blazers
474574,2021,0,1,0.5587085188022026,Cleveland Cavaliers,Philadelphia 76ers
474580,2021,0,1,0.5735713451196675,Toronto Raptors,Miami Heat
474578,2021,0,1,0.5183087683786142,Indiana Pacers,Detroit Pistons
474581,2021,0,0,0.38653381823241545,Houston Rockets,Minnesota Timberwolves
474585,2021,1,1,0.5428521711516692,LA Clippers,New Orleans Pelicans
474576,2021,0,0,0.39905455394496425,Orlando Magic,New York Knicks
474579,2021,0,0,0.43411336025854863,Los Angeles Lakers,Denver Nuggets
474582,2021,1,0,0.28621864924609014,Oklahoma City Thunder,Phoenix Suns
474575,2021,0,1,0.5917125579136524,Milwaukee Bucks,Dallas Mavericks
474595,2021,1,1,0.5327317859337685,Oklahoma City Thunder,Portland Trail Blazers
474588,2021,1,1,0.6823005730764471,Brooklyn Nets,Houston Rockets
474592,2021,1,0,0.4804112669581732,Utah Jazz,Memphis Grizzlies
474589,2021,1,1,0.5848947620275348,Toronto Raptors,Atlanta Hawks
474591,2021,0,1,0.5813612203825984,Chicago Bulls,Milwaukee Bucks
474587,2021,1,1,0.6502606692022149,Miami Heat,Charlotte Hornets
474586,2021,0,0,0.38917226294163276,Indiana Pacers,Philadelphia 76ers
474597,2021,1,1,0.8005204748773855,Phoenix Suns,Los Angeles Lakers
474594,2021,0,1,0.6336433940386823,Denver Nuggets,San Antonio Spurs
474596,2021,0,0,0.49476213851345346,Sacramento Kings,New Orleans Pelicans
474590,2021,1,0,0.37604175312880517,Orlando Magic,Cleveland Cavaliers
474593,2021,0,1,0.6241785192643949,Minnesota Timberwolves,Washington Wizards
474603,2021,1,1,0.5980890658258347,Atlanta Hawks,Washington Wizards
474601,2021,0,1,0.5473771978880104,Chicago Bulls,Boston Celtics
474602,2021,1,1,0.6777809892547771,Utah Jazz,Oklahoma City Thunder
474598,2021,0,1,0.5318661804304529,New York Knicks,Brooklyn Nets
474599,2021,0,0,0.35858182445066117,Detroit Pistons,Dallas Mavericks
474600,2021,1,0,0.43837560513952406,LA Clippers,Phoenix Suns
474605,2021,1,1,0.5952020547085005,Minnesota Timberwolves,San Antonio Spurs
474607,2021,1,1,0.5718997822793433,Toronto Raptors,Philadelphia 76ers
474604,2021,1,1,0.6435589131916368,New Orleans Pelicans,Portland Trail Blazers
474608,2021,1,1,0.5861544702911531,Milwaukee Bucks,Boston Celtics
474609,2021,1,1,0.6754746624287046,Charlotte Hornets,Orlando Magic
474606,2021,1,1,0.7194216988911631,Golden State Warriors,Los Angeles Lakers
474610,2021,1,1,0.5186149402008776,Denver Nuggets,Memphis Grizzlies
474617,2021,0,1,0.6025197645396971,Chicago Bulls,Charlotte Hornets
474615,2021,1,1,0.638244529690612,Miami Heat,Atlanta Hawks
474618,2021,1,1,0.5775944766660474,Brooklyn Nets,Cleveland Cavaliers
474614,2021,1,1,0.7449860208397487,Dallas Mavericks,Portland Trail Blazers
474611,2021,1,1,0.7519467080103831,Toronto Raptors,Houston Rockets
474613,2021,1,1,0.5548645294163586,Los Angeles Lakers,Oklahoma City Thunder
474616,2021,0,0,0.37288783918334045,Detroit Pistons,Milwaukee Bucks
474612,2021,0,1,0.5308169110786539,Utah Jazz,Phoenix Suns
474619,2021,0,1,0.5593978612776621,Washington Wizards,New York Knicks
474620,2021,1,1,0.7397555464492471,Philadelphia 76ers,Indiana Pacers
474621,2021,1,1,0.6714142900717878,Memphis Grizzlies,New Orleans Pelicans
474622,2021,0,0,0.4550084274299262,San Antonio Spurs,Golden State Warriors
474623,2021,1,1,0.63425822120273,LA Clippers,Sacramento Kings
474634,2021,1,0,0.4570321891876856,New York Knicks,Toronto Raptors
474627,2021,0,1,0.687210499000566,Denver Nuggets,Los Angeles Lakers
474625,2021,1,1,0.5103211625753146,Cleveland Cavaliers,Milwaukee Bucks
474632,2021,0,0,0.44642843307548,New Orleans Pelicans,Golden State Warriors
474638,2021,0,1,0.7768940392171358,Phoenix Suns,Sacramento Kings
474637,2021,0,0,0.3893269941091036,Portland Trail Blazers,Utah Jazz
474635,2021,1,0,0.2968902983408163,Orlando Magic,Miami Heat
474624,2021,1,1,0.6979819154859702,Brooklyn Nets,Indiana Pacers
474631,2021,0,1,0.63307776666884,Memphis Grizzlies,Boston Celtics
474630,2021,1,1,0.6611923049113568,LA Clippers,Oklahoma City Thunder
474629,2021,0,0,0.36321222589038343,Houston Rockets,Atlanta Hawks
474628,2021,1,1,0.6730411983329422,Dallas Mavericks,San Antonio Spurs
474633,2021,0,1,0.6166790503022681,Minnesota Timberwolves,Chicago Bulls
474626,2021,1,1,0.6126259899239128,Charlotte Hornets,Washington Wizards
474636,2021,1,1,0.710736830798548,Philadelphia 76ers,Detroit Pistons
830510,2021,1,1,0.5965924029731479,Brooklyn Nets,Cleveland Cavaliers
830509,2021,1,1,0.5557118655197046,Minnesota Timberwolves,LA Clippers
830799,2021,1,1,0.5641840958594008,New Orleans Pelicans,San Antonio Spurs
830800,2021,1,1,0.566239966871559,Atlanta Hawks,Charlotte Hornets
831662,2021,0,1,0.5513522057236082,Cleveland Cavaliers,Atlanta Hawks
831661,2021,0,1,0.592175315408257,LA Clippers,New Orleans Pelicans
831951,2021,0,1,0.6415931503577694,Memphis Grizzlies,Minnesota Timberwolves
831954,2021,1,1,0.6537766037736562,Golden State Warriors,Denver Nuggets
831953,2021,1,1,0.6130915824462839,Philadelphia 76ers,Toronto Raptors
831952,2021,0,1,0.6161762830785077,Dallas Mavericks,Utah Jazz
832818,2021,1,1,0.7334485723492263,Phoenix Suns,New Orleans Pelicans
832817,2021,1,1,0.5914361385991667,Boston Celtics,Brooklyn Nets
832820,2021,1,1,0.6276031820470119,Miami Heat,Atlanta Hawks
832819,2021,1,1,0.6505837264104036,Milwaukee Bucks,Chicago Bulls
833970,2021,1,1,0.6184727665475913,Philadelphia 76ers,Toronto Raptors
833969,2021,1,1,0.6587344587579779,Golden State Warriors,Denver Nuggets
833971,2021,1,1,0.5908475908448734,Dallas Mavericks,Utah Jazz
834976,2021,1,1,0.6505033359627074,Miami Heat,Atlanta Hawks
834977,2021,1,1,0.627057681614768,Memphis Grizzlies,Minnesota Timberwolves
834978,2021,0,1,0.7575003679354195,Phoenix Suns,New Orleans Pelicans
835842,2021,0,1,0.6631030057838024,Milwaukee Bucks,Chicago Bulls
835841,2021,0,1,0.5283022966874984,Toronto Raptors,Philadelphia 76ers
835840,2021,1,1,0.6154335132556462,Boston Celtics,Brooklyn Nets
836706,2021,0,1,0.5519837617153371,Utah Jazz,Dallas Mavericks
836704,2021,0,1,0.5529654247034813,Minnesota Timberwolves,Memphis Grizzlies
836705,2021,0,0,0.49123003346869715,Denver Nuggets,Golden State Warriors
837570,2021,0,1,0.5446553575900154,Chicago Bulls,Milwaukee Bucks
837569,2021,1,0,0.4960642817252846,Atlanta Hawks,Miami Heat
837568,2021,0,0,0.4441976121160917,New Orleans Pelicans,Phoenix Suns
838433,2021,1,1,0.5375491862485615,Utah Jazz,Dallas Mavericks
838432,2021,0,1,0.5092466276010117,Brooklyn Nets,Boston Celtics
838434,2021,1,0,0.4943428007371941,Toronto Raptors,Philadelphia 76ers
838435,2021,1,1,0.519482687165205,Minnesota Timberwolves,Memphis Grizzlies
839442,2021,1,0,0.485285427466563,Denver Nuggets,Golden State Warriors
839441,2021,1,0,0.42059771803700313,New Orleans Pelicans,Phoenix Suns
839444,2021,0,1,0.5222098360887294,Atlanta Hawks,Miami Heat
839443,2021,0,1,0.538678788673622,Chicago Bulls,Milwaukee Bucks
840595,2021,1,1,0.6060671128323671,Dallas Mavericks,Utah Jazz
840593,2021,0,1,0.6585530250778798,Philadelphia 76ers,Toronto Raptors
840594,2021,0,0,0.4952477745200321,Brooklyn Nets,Boston Celtics
841600,2021,1,1,0.7260806858551826,Phoenix Suns,New Orleans Pelicans
841602,2021,1,1,0.6375592764763987,Memphis Grizzlies,Minnesota Timberwolves
841601,2021,1,1,0.6633452362779777,Miami Heat,Atlanta Hawks
842465,2021,1,1,0.6412836584546026,Milwaukee Bucks,Chicago Bulls
842464,2021,1,1,0.6720589204707976,Golden State Warriors,Denver Nuggets
843185,2021,0,1,0.5568683602369602,Utah Jazz,Dallas Mavericks
843183,2021,0,0,0.41562655958697425,New Orleans Pelicans,Phoenix Suns
843184,2021,0,1,0.5538372445749963,Toronto Raptors,Philadelphia 76ers
843904,2021,0,1,0.5202342443800502,Minnesota Timberwolves,Memphis Grizzlies
844653,2021,0,1,0.6059850547468241,Memphis Grizzlies,Golden State Warriors
844654,2021,0,1,0.5960044027170536,Boston Celtics,Milwaukee Bucks
844944,2021,1,1,0.6191460316263615,Miami Heat,Philadelphia 76ers
844943,2021,1,1,0.6600031390056158,Phoenix Suns,Dallas Mavericks
845519,2021,1,1,0.5917471867343925,Memphis Grizzlies,Golden State Warriors
845520,2021,1,1,0.5817536312773689,Boston Celtics,Milwaukee Bucks
846095,2021,1,1,0.6884150873044438,Phoenix Suns,Dallas Mavericks
846096,2021,1,1,0.642319397375448,Miami Heat,Philadelphia 76ers
846956,2021,1,1,0.5335333920460822,Philadelphia 76ers,Miami Heat
846955,2021,1,1,0.5049106469025048,Dallas Mavericks,Phoenix Suns
847245,2021,1,1,0.5895907666081988,Golden State Warriors,Memphis Grizzlies
847246,2021,1,1,0.5798672498011695,Milwaukee Bucks,Boston Celtics
847821,2021,1,1,0.5192137342405083,Dallas Mavericks,Phoenix Suns
847822,2021,1,1,0.54737835460015,Philadelphia 76ers,Miami Heat
848398,2021,1,1,0.5947994040345532,Golden State Warriors,Memphis Grizzlies
848397,2021,0,1,0.6040742620176327,Milwaukee Bucks,Boston Celtics
848973,2021,1,1,0.672605640267352,Phoenix Suns,Dallas Mavericks
848974,2021,1,1,0.6090333964693286,Miami Heat,Philadelphia 76ers
849550,2021,0,1,0.5971466086680897,Boston Celtics,Milwaukee Bucks
849549,2021,1,1,0.5765347631808572,Memphis Grizzlies,Golden State Warriors
850125,2021,1,1,0.5309477682552285,Dallas Mavericks,Phoenix Suns
850126,2021,0,1,0.5664304768415372,Philadelphia 76ers,Miami Heat
850702,2021,0,1,0.6140837977514365,Milwaukee Bucks,Boston Celtics
850701,2021,1,1,0.612811493150907,Golden State Warriors,Memphis Grizzlies
851563,2021,1,1,0.6150754502303675,Boston Celtics,Milwaukee Bucks
851564,2021,0,1,0.6629651718174904,Phoenix Suns,Dallas Mavericks
852139,2021,1,1,0.6082854633825288,Miami Heat,Boston Celtics
852284,2021,1,1,0.5904892304468805,Golden State Warriors,Dallas Mavericks
852572,2021,0,1,0.6130272771731224,Miami Heat,Boston Celtics
852860,2021,1,1,0.6218498352054833,Golden State Warriors,Dallas Mavericks
853148,2021,0,1,0.5862696071726622,Boston Celtics,Miami Heat
853436,2021,0,1,0.5465266857254352,Dallas Mavericks,Golden State Warriors
853724,2021,1,1,0.5615239957700406,Boston Celtics,Miami Heat
854012,2021,1,1,0.5411016073170165,Dallas Mavericks,Golden State Warriors
854300,2021,0,1,0.6063221989670582,Miami Heat,Boston Celtics
854588,2021,1,1,0.6433825805947743,Golden State Warriors,Dallas Mavericks
854876,2021,0,1,0.609427270624915,Boston Celtics,Miami Heat
855307,2021,0,1,0.5974273075162286,Miami Heat,Boston Celtics
855595,2021,0,1,0.6223023601558564,Golden State Warriors,Boston Celtics
855883,2021,1,1,0.5901237778667875,Golden State Warriors,Boston Celtics
856171,2021,1,1,0.5808947369656339,Boston Celtics,Golden State Warriors
856459,2021,0,1,0.604542742591523,Boston Celtics,Golden State Warriors
856779,2021,1,1,0.6123210034581379,Golden State Warriors,Boston Celtics
857067,2021,0,1,0.5673320675355666,Boston Celtics,Golden State Warriors
857355,2022,1,1,0.559434931845103,Boston Celtics,Philadelphia 76ers
857356,2022,1,1,0.583858784255606,Golden State Warriors,Los Angeles Lakers
857362,2022,1,1,0.5867644875504038,Toronto Raptors,Cleveland Cavaliers
857358,2022,1,1,0.5676143211365913,Detroit Pistons,Orlando Magic
857357,2022,0,1,0.5705500215915795,Indiana Pacers,Washington Wizards
857364,2022,1,1,0.559434931845103,Minnesota Timberwolves,Oklahoma City Thunder
857367,2022,1,1,0.5786784648916277,Utah Jazz,Denver Nuggets
857365,2022,1,1,0.5786784648916277,Phoenix Suns,Dallas Mavericks
857368,2022,0,1,0.6056557468375977,Sacramento Kings,Portland Trail Blazers
857361,2022,0,1,0.5867644875504038,Miami Heat,Chicago Bulls
857366,2022,0,1,0.5400111255550919,San Antonio Spurs,Charlotte Hornets
857363,2022,1,1,0.5482599358015152,Memphis Grizzlies,New York Knicks
857359,2022,0,1,0.559434931845103,Brooklyn Nets,New Orleans Pelicans
857360,2022,1,1,0.5976859262954393,Atlanta Hawks,Houston Rockets
857370,2022,0,0,0.26268624756412146,Philadelphia 76ers,Milwaukee Bucks
857369,2022,0,0,0.2477711971713919,Los Angeles Lakers,LA Clippers
857379,2022,0,1,0.7052852502766406,Charlotte Hornets,New Orleans Pelicans
857374,2022,1,1,0.6912744271927577,Washington Wizards,Chicago Bulls
857380,2022,1,1,0.9126571464481629,Atlanta Hawks,Orlando Magic
857373,2022,0,0,0.4572588902615323,Indiana Pacers,San Antonio Spurs
857378,2022,0,1,0.6912744271927577,Minnesota Timberwolves,Utah Jazz
857381,2022,1,1,0.6841325422264245,Portland Trail Blazers,Phoenix Suns
857375,2022,0,0,0.13758131044177838,Miami Heat,Boston Celtics
857377,2022,0,1,0.9235445608427425,Golden State Warriors,Denver Nuggets
857371,2022,1,0,0.12485215588986065,Brooklyn Nets,Toronto Raptors
857376,2022,0,0,0.13368284371799402,Houston Rockets,Memphis Grizzlies
857372,2022,1,0,0.1456648027090184,New York Knicks,Detroit Pistons
857387,2022,0,0,0.1285313087460934,Sacramento Kings,LA Clippers
857389,2022,1,1,0.9243855846006961,Milwaukee Bucks,Houston Rockets
857386,2022,1,0,0.26501146575259993,Indiana Pacers,Detroit Pistons
857382,2022,0,0,0.27153932486630966,Philadelphia 76ers,San Antonio Spurs
857388,2022,1,1,0.7541414018556822,Denver Nuggets,Oklahoma City Thunder
857385,2022,0,0,0.14157488551943997,Orlando Magic,Boston Celtics
857384,2022,1,0,0.24162520240640795,Miami Heat,Toronto Raptors
857383,2022,0,1,0.7479235182609246,Chicago Bulls,Cleveland Cavaliers
857390,2022,1,0,0.1285313087460934,Dallas Mavericks,Memphis Grizzlies
857395,2022,0,1,0.8333498350831362,LA Clippers,Phoenix Suns
857396,2022,0,0,0.25000915856209405,Oklahoma City Thunder,Minnesota Timberwolves
857397,2022,1,1,0.7662638399592039,Golden State Warriors,Sacramento Kings
857394,2022,0,1,0.6815399036177023,New Orleans Pelicans,Utah Jazz
857393,2022,1,0,0.37798886390516756,Cleveland Cavaliers,Washington Wizards
857392,2022,0,1,0.822163558775051,Atlanta Hawks,Charlotte Hornets
857391,2022,0,0,0.14157488551943997,Los Angeles Lakers,Portland Trail Blazers
857404,2022,1,1,0.693936269806854,Memphis Grizzlies,Brooklyn Nets
857402,2022,1,0,0.26027190086957214,Chicago Bulls,Boston Celtics
857405,2022,1,1,0.7814840850766247,Portland Trail Blazers,Denver Nuggets
857398,2022,1,0,0.12485215588986065,Houston Rockets,Utah Jazz
857401,2022,0,1,0.6106655886777059,Minnesota Timberwolves,San Antonio Spurs
857403,2022,1,0,0.3179209810906513,Philadelphia 76ers,Indiana Pacers
857399,2022,0,1,0.5235170289746466,Miami Heat,Toronto Raptors
857400,2022,1,1,0.7602550748201091,New York Knicks,Orlando Magic
857406,2022,1,0,0.20500481341056645,Oklahoma City Thunder,LA Clippers
857408,2022,1,1,0.572766536271011,Phoenix Suns,Golden State Warriors
857407,2022,1,1,0.7392493704801916,Washington Wizards,Detroit Pistons
857409,2022,1,1,0.6697047528979058,New Orleans Pelicans,Dallas Mavericks
857413,2022,1,1,0.8257137518237815,Cleveland Cavaliers,Orlando Magic
857419,2022,0,0,0.3385060720793848,Detroit Pistons,Atlanta Hawks
857417,2022,1,1,0.8748760664508931,Milwaukee Bucks,Brooklyn Nets
857415,2022,1,1,0.6760580437202508,Chicago Bulls,Indiana Pacers
857414,2022,1,1,0.6078156175782854,New York Knicks,Charlotte Hornets
857412,2022,1,1,0.6760580437202508,Toronto Raptors,Philadelphia 76ers
857416,2022,1,0,0.45227915497013754,Minnesota Timberwolves,San Antonio Spurs
857410,2022,0,1,0.8915238868877311,Portland Trail Blazers,Miami Heat
857418,2022,1,1,0.8055042881846041,Utah Jazz,Houston Rockets
857411,2022,1,1,0.7393015827077921,Denver Nuggets,Los Angeles Lakers
857423,2022,1,0,0.3981403693927453,Oklahoma City Thunder,LA Clippers
857422,2022,1,1,0.6128772490715876,Golden State Warriors,Miami Heat
857420,2022,0,0,0.46095951534518514,Brooklyn Nets,Dallas Mavericks
857421,2022,0,0,0.17815487913050207,Sacramento Kings,Memphis Grizzlies
857431,2022,1,0,0.48678334634673104,Denver Nuggets,Utah Jazz
857430,2022,0,0,0.267522739375952,Detroit Pistons,Atlanta Hawks
857434,2022,1,1,0.8404731863918158,Portland Trail Blazers,Houston Rockets
857429,2022,1,1,0.80453984295747,Minnesota Timberwolves,Los Angeles Lakers
857428,2022,0,1,0.6210194848964126,Boston Celtics,Cleveland Cavaliers
857425,2022,1,1,0.5826568640974716,San Antonio Spurs,Chicago Bulls
857426,2022,0,1,0.7515370823827184,Toronto Raptors,Philadelphia 76ers
857427,2022,0,1,0.8172879639586816,Washington Wizards,Indiana Pacers
857424,2022,1,1,0.6210194848964126,Phoenix Suns,New Orleans Pelicans
857432,2022,1,0,0.25000915856209405,Orlando Magic,Charlotte Hornets
857433,2022,1,1,0.7441182851036602,Milwaukee Bucks,New York Knicks
857441,2022,0,0,0.42876340877237396,Brooklyn Nets,Indiana Pacers
857435,2022,1,0,0.3081954848536118,Sacramento Kings,Miami Heat
857438,2022,1,1,0.7356962090952803,Milwaukee Bucks,Atlanta Hawks
857437,2022,1,0,0.4449153966340134,Charlotte Hornets,Golden State Warriors
857440,2022,0,1,0.6049581815415862,Dallas Mavericks,Oklahoma City Thunder
857436,2022,0,1,0.6292179717029045,Chicago Bulls,Philadelphia 76ers
857439,2022,1,1,0.5302159822911402,Utah Jazz,Memphis Grizzlies
857447,2022,1,0,0.1806032335517756,Los Angeles Lakers,Denver Nuggets
857443,2022,1,1,0.8472380480383976,Phoenix Suns,Houston Rockets
857448,2022,1,1,0.5826568640974716,Boston Celtics,Washington Wizards
857446,2022,1,1,0.6463992020879664,Dallas Mavericks,Orlando Magic
857445,2022,1,1,0.7086044358653042,Cleveland Cavaliers,New York Knicks
857449,2022,1,1,0.6078156175782854,San Antonio Spurs,Minnesota Timberwolves
857444,2022,1,0,0.33987806450973657,Detroit Pistons,Golden State Warriors
857442,2022,0,0,0.4449153966340134,LA Clippers,New Orleans Pelicans
857454,2022,0,1,0.6926922930543352,Charlotte Hornets,Sacramento Kings
857455,2022,1,0,0.4842310855176288,Toronto Raptors,Atlanta Hawks
857453,2022,1,1,0.8894014608307165,Milwaukee Bucks,Detroit Pistons
857450,2022,1,1,0.6065373717650039,LA Clippers,Houston Rockets
857456,2022,1,1,0.6292712444869313,Utah Jazz,Memphis Grizzlies
857452,2022,0,1,0.5753403226429115,Washington Wizards,Philadelphia 76ers
857451,2022,1,0,0.3545649404594086,Brooklyn Nets,Indiana Pacers
857459,2022,1,0,0.4559202613354992,Miami Heat,Golden State Warriors
857457,2022,1,1,0.7178893989381814,Oklahoma City Thunder,Orlando Magic
857458,2022,0,0,0.44768392542220625,Brooklyn Nets,Chicago Bulls
857460,2022,1,1,0.7348894882557004,Phoenix Suns,Minnesota Timberwolves
857463,2022,1,1,0.5505316536596765,Miami Heat,Sacramento Kings
857467,2022,0,1,0.6288174929589598,Philadelphia 76ers,Washington Wizards
857466,2022,1,0,0.4605295403892653,Dallas Mavericks,Utah Jazz
857461,2022,1,1,0.8946983349001589,Milwaukee Bucks,Detroit Pistons
857470,2022,0,1,0.5486823543969248,New York Knicks,Atlanta Hawks
857462,2022,0,1,0.7498954944741296,Portland Trail Blazers,Memphis Grizzlies
857464,2022,1,1,0.6023844823363301,Chicago Bulls,Charlotte Hornets
857471,2022,1,0,0.27571778188630386,Los Angeles Lakers,New Orleans Pelicans
857468,2022,0,0,0.36569012886352853,Houston Rockets,LA Clippers
857465,2022,1,1,0.7122056236687776,Cleveland Cavaliers,Boston Celtics
857469,2022,0,1,0.6701923030788346,San Antonio Spurs,Toronto Raptors
857473,2022,0,1,0.5833237560920536,Oklahoma City Thunder,Denver Nuggets
857472,2022,1,0,0.3850357478981876,Orlando Magic,Golden State Warriors
857475,2022,0,0,0.3244187810267838,Minnesota Timberwolves,Milwaukee Bucks
857480,2022,0,1,0.6528122099897306,San Antonio Spurs,LA Clippers
857483,2022,0,1,0.5672160958967741,Philadelphia 76ers,New York Knicks
857479,2022,1,1,0.5730665997782609,Boston Celtics,Chicago Bulls
857478,2022,1,1,0.7114547086625902,Memphis Grizzlies,Charlotte Hornets
857474,2022,1,0,0.48829662505172483,Indiana Pacers,Miami Heat
857476,2022,0,1,0.6760580437202508,Washington Wizards,Brooklyn Nets
857481,2022,0,0,0.21903921465884912,Detroit Pistons,Cleveland Cavaliers
857482,2022,1,1,0.6886158178263573,New Orleans Pelicans,Golden State Warriors
857485,2022,0,0,0.3493199580194877,Los Angeles Lakers,Utah Jazz
857484,2022,0,1,0.709894157170767,Phoenix Suns,Portland Trail Blazers
857477,2022,1,1,0.5354834411326884,Dallas Mavericks,Toronto Raptors
857491,2022,1,1,0.7074925409791449,Minnesota Timberwolves,Houston Rockets
857490,2022,1,1,0.6288141354948498,Phoenix Suns,Portland Trail Blazers
857486,2022,0,0,0.4694566825606789,Orlando Magic,Sacramento Kings
857488,2022,1,1,0.8204064621604231,Milwaukee Bucks,Oklahoma City Thunder
857487,2022,0,1,0.5152159098497862,Charlotte Hornets,Brooklyn Nets
857489,2022,1,1,0.6331708245833584,Denver Nuggets,San Antonio Spurs
857493,2022,0,1,0.5198819718041804,New York Knicks,Boston Celtics
857492,2022,1,1,0.5891342791516773,Atlanta Hawks,New Orleans Pelicans
857497,2022,1,1,0.7118049657820095,Memphis Grizzlies,Washington Wizards
857495,2022,1,1,0.6107076931985799,Toronto Raptors,Chicago Bulls
857496,2022,0,1,0.5159244422584819,LA Clippers,Utah Jazz
857494,2022,0,0,0.23270987313133087,Los Angeles Lakers,Cleveland Cavaliers
857504,2022,0,1,0.6073497531679991,Minnesota Timberwolves,New York Knicks
857509,2022,1,1,0.6770484854666579,Dallas Mavericks,Brooklyn Nets
857501,2022,1,1,0.5187140114120653,Indiana Pacers,New Orleans Pelicans
857507,2022,1,0,0.36899300246869077,Detroit Pistons,Oklahoma City Thunder
857512,2022,1,0,0.3707213184708045,LA Clippers,Cleveland Cavaliers
857506,2022,0,1,0.6205373224256073,Memphis Grizzlies,Boston Celtics
857500,2022,1,0,0.368113610841599,Philadelphia 76ers,Phoenix Suns
857498,2022,1,0,0.4802696256061488,Chicago Bulls,Toronto Raptors
857499,2022,0,0,0.43894361993800407,Miami Heat,Portland Trail Blazers
857511,2022,1,0,0.4496749087872662,Golden State Warriors,Sacramento Kings
857502,2022,0,0,0.4874334601520041,Charlotte Hornets,Washington Wizards
857503,2022,1,0,0.4339981094917009,Atlanta Hawks,Milwaukee Bucks
857508,2022,0,0,0.46466444883394303,San Antonio Spurs,Denver Nuggets
857510,2022,1,1,0.7956525687456713,Utah Jazz,Los Angeles Lakers
857505,2022,0,1,0.5653134185523397,Orlando Magic,Houston Rockets
857521,2022,0,1,0.575757013227696,Chicago Bulls,New Orleans Pelicans
857523,2022,0,0,0.458040553443022,San Antonio Spurs,Memphis Grizzlies
857522,2022,0,0,0.3182450679464564,Oklahoma City Thunder,Milwaukee Bucks
857525,2022,1,0,0.3211612675564404,Sacramento Kings,Cleveland Cavaliers
857519,2022,0,0,0.4338252113401912,Minnesota Timberwolves,Phoenix Suns
857513,2022,1,1,0.770370475094875,Boston Celtics,Detroit Pistons
857516,2022,0,1,0.5707662934004052,Atlanta Hawks,Utah Jazz
857514,2022,1,0,0.2680057120409215,Orlando Magic,Dallas Mavericks
857515,2022,0,0,0.3156657457108026,Charlotte Hornets,Portland Trail Blazers
857524,2022,1,1,0.7149048649454655,LA Clippers,Los Angeles Lakers
857518,2022,1,1,0.7295934619829803,Toronto Raptors,Houston Rockets
857517,2022,0,0,0.4684380764614807,Indiana Pacers,Denver Nuggets
857520,2022,1,0,0.4874263029297274,Brooklyn Nets,New York Knicks
857528,2022,1,1,0.6575966275059106,Atlanta Hawks,Philadelphia 76ers
857527,2022,1,0,0.46072007379701696,Washington Wizards,Dallas Mavericks
857529,2022,0,0,0.49052745948049664,New Orleans Pelicans,Portland Trail Blazers
857526,2022,1,1,0.6126609981730152,Miami Heat,Charlotte Hornets
857530,2022,1,0,0.41978236181213946,Oklahoma City Thunder,Toronto Raptors
857537,2022,1,0,0.31026297399419617,San Antonio Spurs,Milwaukee Bucks
857532,2022,1,0,0.30820064082332593,Orlando Magic,Phoenix Suns
857534,2022,1,1,0.7271501788795126,Memphis Grizzlies,Minnesota Timberwolves
857536,2022,1,1,0.6495707669770532,New York Knicks,Detroit Pistons
857531,2022,1,0,0.3669331948110676,Golden State Warriors,Cleveland Cavaliers
857533,2022,1,1,0.6045309310587058,Boston Celtics,Denver Nuggets
857535,2022,0,0,0.373905054740876,Los Angeles Lakers,Sacramento Kings
857539,2022,1,0,0.43381163327027805,Washington Wizards,Utah Jazz
857545,2022,1,0,0.4705015257119103,Dallas Mavericks,Portland Trail Blazers
857542,2022,1,1,0.7035132459918629,New Orleans Pelicans,Houston Rockets
857538,2022,0,1,0.6470016180111733,LA Clippers,Brooklyn Nets
857544,2022,1,1,0.531849385272652,Indiana Pacers,Toronto Raptors
857541,2022,1,1,0.6591957367862918,Miami Heat,Charlotte Hornets
857543,2022,1,0,0.41121591598596835,Philadelphia 76ers,Atlanta Hawks
857540,2022,0,0,0.25276227911423793,Detroit Pistons,Boston Celtics
857548,2022,0,1,0.6253292244179277,New York Knicks,Oklahoma City Thunder
857549,2022,0,1,0.7237368758356196,Cleveland Cavaliers,Minnesota Timberwolves
857552,2022,1,0,0.3183090961576019,Los Angeles Lakers,Brooklyn Nets
857551,2022,1,0,0.42183291511296744,Philadelphia 76ers,Utah Jazz
857550,2022,1,1,0.5781509255889464,Sacramento Kings,Golden State Warriors
857546,2022,1,0,0.48812721271982434,Washington Wizards,Memphis Grizzlies
857547,2022,0,0,0.4398182881982417,Chicago Bulls,Denver Nuggets
857553,2022,0,0,0.30965085391548003,Houston Rockets,LA Clippers
857557,2022,0,0,0.3760436601368356,Detroit Pistons,Toronto Raptors
857558,2022,0,1,0.714758147685377,Milwaukee Bucks,Atlanta Hawks
857554,2022,1,1,0.5271954675516911,Golden State Warriors,San Antonio Spurs
857556,2022,1,0,0.4870825879787604,Miami Heat,Phoenix Suns
857555,2022,1,1,0.7564633196451414,Boston Celtics,Oklahoma City Thunder
857559,2022,0,1,0.598894315614482,Orlando Magic,Charlotte Hornets
857564,2022,1,1,0.5827881318043688,Dallas Mavericks,LA Clippers
857563,2022,1,1,0.7301726565241587,Portland Trail Blazers,San Antonio Spurs
857562,2022,0,1,0.6898359872715962,Utah Jazz,New York Knicks
857560,2022,1,1,0.5915034176752532,Sacramento Kings,Brooklyn Nets
857561,2022,1,1,0.5184670402052933,New Orleans Pelicans,Memphis Grizzlies
857568,2022,1,1,0.7058084325615515,Milwaukee Bucks,Cleveland Cavaliers
857572,2022,0,1,0.6817356252379526,Denver Nuggets,New York Knicks
857573,2022,0,1,0.7746890599320319,Dallas Mavericks,Houston Rockets
857567,2022,0,0,0.3897819973284766,Charlotte Hornets,Indiana Pacers
857570,2022,0,1,0.5006080690431376,Atlanta Hawks,Boston Celtics
857571,2022,0,1,0.6536170341286839,Washington Wizards,Oklahoma City Thunder
857569,2022,0,0,0.4559202613354992,Orlando Magic,Minnesota Timberwolves
857565,2022,1,1,0.6637840268334588,New Orleans Pelicans,Chicago Bulls
857574,2022,1,1,0.6467166101647833,Phoenix Suns,Golden State Warriors
857566,2022,1,1,0.5696903087594122,Toronto Raptors,Miami Heat
857575,2022,1,1,0.717670683103073,LA Clippers,Detroit Pistons
857577,2022,0,1,0.7410841624306967,Portland Trail Blazers,Brooklyn Nets
857576,2022,1,1,0.6618346893542705,Sacramento Kings,San Antonio Spurs
857586,2022,1,0,0.4786915148292625,Golden State Warriors,New York Knicks
857581,2022,0,1,0.5835754409070548,Chicago Bulls,Orlando Magic
857580,2022,1,0,0.46636464457789656,Philadelphia 76ers,Milwaukee Bucks
857579,2022,0,0,0.47549329427856396,New Orleans Pelicans,Boston Celtics
857588,2022,1,1,0.5436309733960301,Los Angeles Lakers,Detroit Pistons
857582,2022,1,1,0.5398879309126412,Dallas Mavericks,Denver Nuggets
857583,2022,1,1,0.623827455357183,Memphis Grizzlies,Oklahoma City Thunder
857584,2022,1,1,0.7017228351709054,Cleveland Cavaliers,Charlotte Hornets
857587,2022,0,0,0.32594281727104685,Houston Rockets,Indiana Pacers
857585,2022,1,1,0.5983141984001433,Washington Wizards,Miami Heat
857578,2022,1,1,0.5934163138075954,Utah Jazz,Phoenix Suns
857593,2022,0,1,0.6170220801579612,Philadelphia 76ers,Minnesota Timberwolves
857591,2022,1,1,0.6759662458888432,Indiana Pacers,Orlando Magic
857590,2022,0,1,0.6256431304337021,Portland Trail Blazers,Utah Jazz
857589,2022,1,1,0.5886048450922816,Atlanta Hawks,Toronto Raptors
857592,2022,1,1,0.6768728459395587,LA Clippers,San Antonio Spurs
857596,2022,0,1,0.6016084082770301,Dallas Mavericks,Denver Nuggets
857595,2022,1,1,0.770924704193496,Sacramento Kings,Detroit Pistons
857598,2022,1,1,0.6117034017556837,Phoenix Suns,New York Knicks
857600,2022,0,0,0.36390704564455495,Houston Rockets,Golden State Warriors
857601,2022,1,1,0.5045516826707127,Los Angeles Lakers,San Antonio Spurs
857594,2022,1,1,0.6265630204584065,Cleveland Cavaliers,Miami Heat
857599,2022,1,1,0.7286730289682823,Washington Wizards,Charlotte Hornets
857597,2022,1,0,0.4678746084326649,Brooklyn Nets,Memphis Grizzlies
857607,2022,1,1,0.6655632619680203,Milwaukee Bucks,Portland Trail Blazers
857602,2022,1,1,0.5692493402729117,LA Clippers,Utah Jazz
857609,2022,1,1,0.6071210852971538,New Orleans Pelicans,Golden State Warriors
857604,2022,1,1,0.6085687694362817,Minnesota Timberwolves,Miami Heat
857606,2022,1,1,0.7143525663343039,Indiana Pacers,Orlando Magic
857603,2022,1,1,0.5810615195278452,Cleveland Cavaliers,Atlanta Hawks
857608,2022,0,1,0.5467788141929549,Oklahoma City Thunder,New York Knicks
857605,2022,1,0,0.30916922816630915,Chicago Bulls,Boston Celtics
857612,2022,1,1,0.5676340558207452,Philadelphia 76ers,Brooklyn Nets
857610,2022,1,1,0.6849093412516973,Phoenix Suns,Los Angeles Lakers
857611,2022,0,1,0.7805047346784567,Denver Nuggets,Detroit Pistons
857613,2022,0,1,0.528166338497101,Memphis Grizzlies,Sacramento Kings
857624,2022,0,1,0.7576292920847024,Utah Jazz,Detroit Pistons
857618,2022,1,1,0.6528344536709138,Cleveland Cavaliers,Portland Trail Blazers
857622,2022,0,1,0.6069286870822485,Toronto Raptors,Brooklyn Nets
857620,2022,1,1,0.7014731011470964,Boston Celtics,Dallas Mavericks
857617,2022,0,1,0.621439763861072,Indiana Pacers,Minnesota Timberwolves
857623,2022,0,0,0.37238565396385803,San Antonio Spurs,New Orleans Pelicans
857621,2022,1,0,0.41487890971923563,Miami Heat,Washington Wizards
857614,2022,0,0,0.4765308911240581,Oklahoma City Thunder,Denver Nuggets
857616,2022,1,0,0.3344905748303744,Charlotte Hornets,Philadelphia 76ers
857619,2022,1,1,0.5185599394791959,Atlanta Hawks,Sacramento Kings
857625,2022,1,0,0.4581849055982766,Golden State Warriors,LA Clippers
857615,2022,0,1,0.7574253100450481,Milwaukee Bucks,Chicago Bulls
857627,2022,1,0,0.33924318642050705,Charlotte Hornets,Minnesota Timberwolves
857639,2022,0,1,0.5842251746213931,LA Clippers,Denver Nuggets
857638,2022,0,0,0.48387495668248576,San Antonio Spurs,Los Angeles Lakers
857631,2022,0,1,0.5740223037524235,New York Knicks,Portland Trail Blazers
857636,2022,1,1,0.7453700830939609,Phoenix Suns,Detroit Pistons
857628,2022,1,0,0.4672681219066969,Miami Heat,Washington Wizards
857630,2022,1,1,0.5975906172666166,Milwaukee Bucks,Cleveland Cavaliers
857634,2022,1,1,0.6835843737715201,Boston Celtics,Sacramento Kings
857629,2022,1,1,0.6296789041753764,Indiana Pacers,Brooklyn Nets
857635,2022,1,1,0.5086570343218093,Oklahoma City Thunder,Chicago Bulls
857633,2022,1,1,0.5139101503061754,Memphis Grizzlies,New Orleans Pelicans
857637,2022,1,1,0.5206619609754496,Golden State Warriors,Utah Jazz
857632,2022,1,0,0.29845801413043754,Houston Rockets,Atlanta Hawks
857626,2022,0,0,0.396696961584139,Orlando Magic,Philadelphia 76ers
857640,2022,1,1,0.6600078520933744,Phoenix Suns,Utah Jazz
857641,2022,1,0,0.41804464682766906,Houston Rockets,Oklahoma City Thunder
857643,2022,1,1,0.5564624680634467,Toronto Raptors,Dallas Mavericks
857642,2022,0,0,0.43868866756807096,San Antonio Spurs,Los Angeles Lakers
857646,2022,1,1,0.5329098415724461,Brooklyn Nets,Portland Trail Blazers
857647,2022,0,1,0.5204560780797507,New York Knicks,Memphis Grizzlies
857644,2022,0,1,0.6353107673065915,Atlanta Hawks,Miami Heat
857651,2022,1,1,0.7238210914109667,Milwaukee Bucks,Dallas Mavericks
857645,2022,1,1,0.5268926163103907,LA Clippers,Indiana Pacers
857650,2022,0,1,0.5622533239215282,Minnesota Timberwolves,Golden State Warriors
857649,2022,0,0,0.3780299402059011,Orlando Magic,Philadelphia 76ers
857652,2022,0,0,0.31633453476561435,Detroit Pistons,Cleveland Cavaliers
857648,2022,1,1,0.7413787101845924,Boston Celtics,Washington Wizards
857656,2022,1,0,0.4964979940852737,Toronto Raptors,Cleveland Cavaliers
857661,2022,1,1,0.6778321967542321,New Orleans Pelicans,Oklahoma City Thunder
857654,2022,1,1,0.5887439455384644,Philadelphia 76ers,Atlanta Hawks
857655,2022,1,1,0.5482599358015152,Washington Wizards,Minnesota Timberwolves
857660,2022,0,0,0.46225255099909407,Los Angeles Lakers,Indiana Pacers
857658,2022,0,1,0.5023900668641015,Sacramento Kings,Phoenix Suns
857659,2022,0,1,0.6175220898794797,Utah Jazz,Chicago Bulls
857662,2022,1,1,0.718076862067486,Denver Nuggets,Houston Rockets
857657,2022,1,1,0.6697082984738628,Brooklyn Nets,Orlando Magic
857653,2022,1,1,0.8067809853160779,Boston Celtics,Charlotte Hornets
857664,2022,1,0,0.49414723368749763,Dallas Mavericks,Golden State Warriors
857663,2022,0,1,0.5450708540074996,Portland Trail Blazers,LA Clippers
857665,2022,0,0,0.42953664226114097,Detroit Pistons,New York Knicks
857678,2022,1,1,0.5009948451256289,Los Angeles Lakers,Portland Trail Blazers
857669,2022,1,1,0.5863516386054963,Cleveland Cavaliers,Philadelphia 76ers
857666,2022,1,1,0.5667742997195193,Brooklyn Nets,Washington Wizards
857673,2022,1,1,0.6012584564745809,New Orleans Pelicans,Toronto Raptors
857670,2022,0,0,0.4419378769147628,New York Knicks,Milwaukee Bucks
857676,2022,1,1,0.5270336103406422,Sacramento Kings,Indiana Pacers
857668,2022,0,0,0.39276080636874255,Orlando Magic,Atlanta Hawks
857672,2022,1,1,0.7093234893254271,Phoenix Suns,Chicago Bulls
857667,2022,1,1,0.7510420755933582,Boston Celtics,Miami Heat
857671,2022,1,1,0.6023836946953317,Oklahoma City Thunder,San Antonio Spurs
857677,2022,1,1,0.5109472820694753,Utah Jazz,LA Clippers
857675,2022,1,1,0.7530594271836472,Denver Nuggets,Houston Rockets
857674,2022,1,0,0.494374086254257,Minnesota Timberwolves,Memphis Grizzlies
857679,2022,1,0,0.40455100999075927,Detroit Pistons,Dallas Mavericks
857681,2022,1,0,0.4942460943274687,Atlanta Hawks,Denver Nuggets
857682,2022,0,1,0.7915460706036429,Phoenix Suns,Houston Rockets
857688,2022,1,1,0.5768691168295532,Memphis Grizzlies,Philadelphia 76ers
857685,2022,1,1,0.588716218751588,Brooklyn Nets,Toronto Raptors
857689,2022,1,1,0.7752411306010087,Cleveland Cavaliers,Orlando Magic
857690,2022,1,1,0.5834442939934931,Golden State Warriors,Chicago Bulls
857683,2022,0,1,0.7438897899275713,Milwaukee Bucks,Los Angeles Lakers
857684,2022,0,0,0.3257342740174986,San Antonio Spurs,New Orleans Pelicans
857680,2022,0,1,0.7673412471396421,Boston Celtics,Miami Heat
857686,2022,1,0,0.44810572058675363,Charlotte Hornets,Washington Wizards
857687,2022,1,1,0.5591022680276007,Utah Jazz,Indiana Pacers
857695,2022,0,1,0.6016065921751282,Minnesota Timberwolves,Oklahoma City Thunder
857693,2022,0,1,0.590301658919014,LA Clippers,Sacramento Kings
857692,2022,0,1,0.6241280744727968,Utah Jazz,Portland Trail Blazers
857697,2022,1,1,0.6608210116367833,Golden State Warriors,Houston Rockets
857696,2022,1,1,0.7035849165002845,Toronto Raptors,Orlando Magic
857694,2022,0,0,0.3595214445663718,Charlotte Hornets,Milwaukee Bucks
857691,2022,0,1,0.5667789564679881,New York Knicks,Dallas Mavericks
857701,2022,0,1,0.5337569462615898,Washington Wizards,Los Angeles Lakers
857698,2022,1,1,0.6453072884305956,Sacramento Kings,Chicago Bulls
857702,2022,0,0,0.4638164505563312,Brooklyn Nets,Boston Celtics
857704,2022,1,0,0.4392671871795643,New York Knicks,Cleveland Cavaliers
857703,2022,0,0,0.3546902278738037,Detroit Pistons,Memphis Grizzlies
857705,2022,1,1,0.5643432013525498,Portland Trail Blazers,Indiana Pacers
857699,2022,0,0,0.2983504159753297,San Antonio Spurs,Phoenix Suns
857700,2022,1,1,0.5811014626879538,New Orleans Pelicans,Denver Nuggets
857712,2022,0,1,0.614013807300591,Atlanta Hawks,Oklahoma City Thunder
857708,2022,1,1,0.6221480767362506,Memphis Grizzlies,Miami Heat
857706,2022,0,0,0.43311928602252475,Charlotte Hornets,LA Clippers
857710,2022,1,0,0.38613638289896113,Houston Rockets,Philadelphia 76ers
857707,2022,0,1,0.6206504230121436,Golden State Warriors,Indiana Pacers
857713,2022,1,0,0.45357696235402367,Dallas Mavericks,Phoenix Suns
857709,2022,0,0,0.43925797041658693,Toronto Raptors,Boston Celtics
857711,2022,0,0,0.2568857583387922,Orlando Magic,Milwaukee Bucks
857714,2022,0,1,0.662776657771526,Miami Heat,Detroit Pistons
857715,2022,0,1,0.6170219251351772,Denver Nuggets,Dallas Mavericks
857716,2022,1,1,0.6328540073047662,Cleveland Cavaliers,Los Angeles Lakers
857720,2022,1,1,0.7485780783668795,New Orleans Pelicans,Detroit Pistons
857727,2022,0,1,0.5302159822911402,Phoenix Suns,Boston Celtics
857718,2022,1,1,0.5654117542418347,Utah Jazz,Golden State Warriors
857724,2022,1,1,0.5294610646664887,Minnesota Timberwolves,Indiana Pacers
857723,2022,1,1,0.6570965360972139,Memphis Grizzlies,Oklahoma City Thunder
857719,2022,1,1,0.5730009835268387,Toronto Raptors,Los Angeles Lakers
857722,2022,1,1,0.6707823254657558,Brooklyn Nets,Charlotte Hornets
857717,2022,1,1,0.6778372396606737,Milwaukee Bucks,Sacramento Kings
857721,2022,1,1,0.5247941402833868,New York Knicks,Atlanta Hawks
857725,2022,1,0,0.32130080997262517,Orlando Magic,LA Clippers
857726,2022,1,1,0.5244850690511386,Chicago Bulls,Washington Wizards
857729,2022,1,0,0.46865346420658216,San Antonio Spurs,Houston Rockets
857730,2022,0,1,0.5627760122814983,Portland Trail Blazers,Denver Nuggets
857728,2022,1,1,0.5140901251988572,Miami Heat,LA Clippers
857735,2022,1,1,0.745480134983247,Memphis Grizzlies,Detroit Pistons
857732,2022,0,0,0.47632868937480205,Dallas Mavericks,Milwaukee Bucks
857731,2022,1,0,0.37890724779849694,Orlando Magic,Toronto Raptors
857738,2022,1,1,0.6435841269143974,New Orleans Pelicans,Phoenix Suns
857733,2022,0,0,0.4054898586950878,Charlotte Hornets,New York Knicks
857739,2022,0,1,0.6204842748267694,Cleveland Cavaliers,Sacramento Kings
857734,2022,1,1,0.6006435099958086,Brooklyn Nets,Atlanta Hawks
857740,2022,0,1,0.6107076931985799,Utah Jazz,Minnesota Timberwolves
857737,2022,1,1,0.6134752226467708,Indiana Pacers,Washington Wizards
857736,2022,1,1,0.5798145509393109,Philadelphia 76ers,Los Angeles Lakers
857742,2022,1,0,0.4863711215049192,Chicago Bulls,Dallas Mavericks
857747,2022,1,1,0.5985585173356103,Denver Nuggets,Utah Jazz
857746,2022,0,1,0.532430048063239,Indiana Pacers,Brooklyn Nets
857743,2022,0,1,0.5137281309044912,Washington Wizards,LA Clippers
857748,2022,1,1,0.553544143144944,Portland Trail Blazers,Minnesota Timberwolves
857741,2022,0,1,0.6431770229183372,Miami Heat,San Antonio Spurs
857744,2022,1,0,0.41124547196410455,Golden State Warriors,Boston Celtics
857745,2022,1,1,0.6502840055806817,Cleveland Cavaliers,Oklahoma City Thunder
857755,2022,1,0,0.29750856471259673,Houston Rockets,Milwaukee Bucks
857752,2022,1,0,0.41197348555020186,Orlando Magic,Toronto Raptors
857750,2022,1,1,0.6809753920535758,Philadelphia 76ers,Charlotte Hornets
857749,2022,0,0,0.44375876430107725,Detroit Pistons,Los Angeles Lakers
857753,2022,1,1,0.6774620250213348,New Orleans Pelicans,Phoenix Suns
857751,2022,1,1,0.5901414872125539,Atlanta Hawks,Chicago Bulls
857754,2022,1,1,0.5050114560192822,New York Knicks,Sacramento Kings
857762,2022,1,1,0.5854998780881858,Dallas Mavericks,Oklahoma City Thunder
857757,2022,0,0,0.42484999519019573,Washington Wizards,Brooklyn Nets
857756,2022,1,1,0.581082574816424,Portland Trail Blazers,Minnesota Timberwolves
857758,2022,1,1,0.6780114944705639,Memphis Grizzlies,Atlanta Hawks
857761,2022,1,0,0.4647832856590386,LA Clippers,Boston Celtics
857759,2022,1,0,0.37574455301245335,San Antonio Spurs,Cleveland Cavaliers
857760,2022,0,1,0.600129998076936,Indiana Pacers,Miami Heat
857766,2022,1,0,0.43527064999001636,Houston Rockets,Phoenix Suns
857765,2022,0,0,0.403209744631209,Los Angeles Lakers,Boston Celtics
857764,2022,1,0,0.44655827545843646,Utah Jazz,New Orleans Pelicans
857763,2022,1,1,0.6971059420893307,Milwaukee Bucks,Golden State Warriors
857767,2022,1,1,0.550214602804507,Philadelphia 76ers,Sacramento Kings
857770,2022,1,0,0.4563434049164875,Orlando Magic,Atlanta Hawks
857775,2022,0,1,0.5470195591628957,Dallas Mavericks,Cleveland Cavaliers
857768,2022,1,1,0.7099411191610604,Denver Nuggets,Washington Wizards
857772,2022,0,1,0.5213932844233614,Oklahoma City Thunder,Miami Heat
857771,2022,1,1,0.5676143211365913,Indiana Pacers,Golden State Warriors
857774,2022,0,0,0.4715287549450002,Chicago Bulls,New York Knicks
857776,2022,0,1,0.5136332861376194,Charlotte Hornets,Detroit Pistons
857773,2022,0,1,0.5410508498863473,Toronto Raptors,Sacramento Kings
857769,2022,1,1,0.6151046226677196,LA Clippers,Minnesota Timberwolves
857777,2022,0,0,0.40808454540630607,San Antonio Spurs,Portland Trail Blazers
857778,2022,0,0,0.454806466004757,Houston Rockets,Miami Heat
857781,2022,0,1,0.628596823461888,LA Clippers,Phoenix Suns
857780,2022,1,1,0.5692536438738451,Memphis Grizzlies,Milwaukee Bucks
857779,2022,1,0,0.4863451311780546,Utah Jazz,New Orleans Pelicans
857787,2022,0,1,0.5036044442800327,Oklahoma City Thunder,Minnesota Timberwolves
857783,2022,1,0,0.4302544934366997,Los Angeles Lakers,Denver Nuggets
857790,2022,1,1,0.6441956677643315,Cleveland Cavaliers,Indiana Pacers
857784,2022,0,0,0.4154612095094744,Charlotte Hornets,Atlanta Hawks
857786,2022,0,1,0.7530865029015056,Boston Celtics,Orlando Magic
857791,2022,1,1,0.5012824649291164,Dallas Mavericks,Portland Trail Blazers
857788,2022,0,0,0.3960211359896727,Detroit Pistons,Sacramento Kings
857789,2022,1,1,0.6353710282986823,Philadelphia 76ers,Golden State Warriors
857782,2022,0,0,0.4354004437930802,Chicago Bulls,New York Knicks
857785,2022,0,0,0.46405067837002434,Toronto Raptors,Brooklyn Nets
857796,2022,1,1,0.6706869571308041,Milwaukee Bucks,Utah Jazz
857793,2022,1,1,0.6844865958907022,LA Clippers,Washington Wizards
857794,2022,1,1,0.6517182955997968,Cleveland Cavaliers,Dallas Mavericks
857792,2022,0,0,0.4213188894678985,San Antonio Spurs,Miami Heat
857795,2022,0,0,0.42102731290558,Houston Rockets,Portland Trail Blazers
857798,2022,1,0,0.34984739317802016,Oklahoma City Thunder,Memphis Grizzlies
857797,2022,1,1,0.5412022254062796,Phoenix Suns,New Orleans Pelicans
857802,2022,0,1,0.5581811614464168,Toronto Raptors,Golden State Warriors
857799,2022,1,1,0.7577159073860785,Denver Nuggets,Charlotte Hornets
857805,2022,0,0,0.31395944976467044,Detroit Pistons,Brooklyn Nets
857803,2022,1,1,0.6102035129823282,Los Angeles Lakers,Washington Wizards
857804,2022,0,0,0.48925206407242144,Indiana Pacers,New York Knicks
857801,2022,0,1,0.711367428266579,Boston Celtics,Orlando Magic
857800,2022,1,1,0.5968119944035556,Minnesota Timberwolves,Chicago Bulls
857809,2022,0,1,0.5407032546542977,New Orleans Pelicans,Milwaukee Bucks
857808,2022,0,0,0.497776528872743,Houston Rockets,San Antonio Spurs
857806,2022,0,1,0.7425828116874843,Sacramento Kings,Charlotte Hornets
857812,2022,1,0,0.4300553482071509,Oklahoma City Thunder,Portland Trail Blazers
857811,2022,1,1,0.6304518452237132,Phoenix Suns,Los Angeles Lakers
857814,2022,1,1,0.686671633700318,Philadelphia 76ers,Toronto Raptors
857813,2022,1,1,0.5676143211365913,Minnesota Timberwolves,Dallas Mavericks
857810,2022,1,1,0.5647077820661588,Atlanta Hawks,Orlando Magic
857807,2022,1,1,0.6613078838719103,Cleveland Cavaliers,Utah Jazz
857815,2022,1,1,0.6389075305216252,New York Knicks,Golden State Warriors
857817,2022,1,1,0.564006794375625,Denver Nuggets,Memphis Grizzlies
857819,2022,0,1,0.7271966659217378,Phoenix Suns,Washington Wizards
857816,2022,0,0,0.3925610667036128,Detroit Pistons,Utah Jazz
857818,2022,0,1,0.655905618309953,Miami Heat,Chicago Bulls
857824,2022,0,1,0.6410615883402361,Atlanta Hawks,Chicago Bulls
857821,2022,1,1,0.6061728668146494,Sacramento Kings,Los Angeles Lakers
857825,2022,0,0,0.45864045901237743,Houston Rockets,Orlando Magic
857829,2022,0,1,0.7033773456677628,New York Knicks,Toronto Raptors
857822,2022,1,1,0.5764637759031299,Cleveland Cavaliers,Milwaukee Bucks
857830,2022,1,1,0.7216827856196292,LA Clippers,Charlotte Hornets
857820,2022,1,0,0.47720436605806116,Oklahoma City Thunder,Portland Trail Blazers
857826,2022,0,1,0.5920134895160151,Minnesota Timberwolves,Dallas Mavericks
857828,2022,1,1,0.6884754500681959,Brooklyn Nets,Golden State Warriors
857823,2022,1,1,0.7449786174152173,Philadelphia 76ers,Detroit Pistons
857827,2022,0,1,0.7087063771665236,Boston Celtics,Indiana Pacers
857832,2022,1,1,0.6577158293951241,Utah Jazz,Washington Wizards
857831,2022,1,1,0.6632837015835065,New Orleans Pelicans,San Antonio Spurs
857845,2022,0,1,0.6830470947962788,Sacramento Kings,Washington Wizards
857846,2022,0,1,0.6284010492016684,Los Angeles Lakers,Charlotte Hornets
857835,2022,1,1,0.656887402745194,Boston Celtics,Minnesota Timberwolves
857839,2022,0,1,0.727380809000514,Cleveland Cavaliers,Toronto Raptors
857843,2022,1,1,0.6543637630455471,Denver Nuggets,Portland Trail Blazers
857841,2022,1,1,0.5735763944042909,Brooklyn Nets,Milwaukee Bucks
857836,2022,1,1,0.5637149041773203,Orlando Magic,San Antonio Spurs
857838,2022,0,0,0.4235922428285856,Houston Rockets,Dallas Mavericks
857842,2022,1,1,0.6809993124598868,Atlanta Hawks,Detroit Pistons
857833,2022,1,1,0.5888134014032289,Philadelphia 76ers,LA Clippers
857834,2022,0,1,0.511727532552646,Oklahoma City Thunder,New Orleans Pelicans
857837,2022,0,1,0.6515558774015264,New York Knicks,Chicago Bulls
857840,2022,0,1,0.583858784255606,Miami Heat,Indiana Pacers
857844,2022,0,1,0.5661203861242967,Phoenix Suns,Memphis Grizzlies
857847,2022,1,1,0.6217680559159933,Boston Celtics,Milwaukee Bucks
857848,2022,1,0,0.45467832337564745,Golden State Warriors,Memphis Grizzlies
857850,2022,0,1,0.503643921426133,New York Knicks,Philadelphia 76ers
857851,2022,1,1,0.6199452035913169,Dallas Mavericks,Los Angeles Lakers
857849,2022,1,1,0.6276352667033207,Denver Nuggets,Phoenix Suns
857853,2022,1,1,0.6216004787049747,New Orleans Pelicans,Indiana Pacers
857854,2022,1,1,0.6521466445836479,Portland Trail Blazers,Charlotte Hornets
857856,2022,1,0,0.40258693356338243,San Antonio Spurs,Utah Jazz
857855,2022,0,0,0.33816921057556587,Detroit Pistons,LA Clippers
857857,2022,0,1,0.5687399055606736,Cleveland Cavaliers,Brooklyn Nets
857858,2022,1,1,0.5524852175761485,Miami Heat,Minnesota Timberwolves
857852,2022,0,1,0.6539144628230651,Chicago Bulls,Houston Rockets
857859,2022,0,1,0.5679839241704059,Orlando Magic,Los Angeles Lakers
857860,2022,1,1,0.7669268492143244,Boston Celtics,Houston Rockets
857868,2022,1,1,0.6359579762964808,Golden State Warriors,Charlotte Hornets
857864,2022,1,1,0.5901331576715916,Oklahoma City Thunder,San Antonio Spurs
857861,2022,1,1,0.5424730585874329,Indiana Pacers,Atlanta Hawks
857867,2022,1,1,0.583410262384891,Dallas Mavericks,New York Knicks
857863,2022,0,0,0.49126337102617007,Toronto Raptors,LA Clippers
857862,2022,1,0,0.3863359424922398,Washington Wizards,Philadelphia 76ers
857865,2022,0,1,0.6242330728894601,Memphis Grizzlies,Phoenix Suns
857866,2022,0,1,0.5084826431480653,Sacramento Kings,Denver Nuggets
857873,2022,1,0,0.4014673742096513,Detroit Pistons,Orlando Magic
857876,2022,1,1,0.5560946812231591,Golden State Warriors,Utah Jazz
857875,2022,0,0,0.46092978435700455,Atlanta Hawks,Brooklyn Nets
857871,2022,1,0,0.4836340490683769,Washington Wizards,Phoenix Suns
857869,2022,1,1,0.6695987876376372,New Orleans Pelicans,Minnesota Timberwolves
857870,2022,1,0,0.4628280998503619,Chicago Bulls,Milwaukee Bucks
857874,2022,1,0,0.4654181089184424,Sacramento Kings,Denver Nuggets
857872,2022,1,1,0.627096722148314,Miami Heat,Los Angeles Lakers
857878,2022,1,1,0.6997381197432738,Dallas Mavericks,Houston Rockets
857880,2022,1,1,0.5165199847158745,Indiana Pacers,Cleveland Cavaliers
857882,2022,1,0,0.467122939185208,San Antonio Spurs,New York Knicks
857877,2022,0,1,0.5084476335509603,Toronto Raptors,Memphis Grizzlies
857879,2022,1,0,0.39467978653348307,Charlotte Hornets,Oklahoma City Thunder
857881,2022,1,1,0.6408325922430957,Boston Celtics,LA Clippers
857887,2022,1,1,0.6590807837504528,Chicago Bulls,Detroit Pistons
857891,2022,1,1,0.5914273486617511,Sacramento Kings,Utah Jazz
857884,2022,1,1,0.6506115021628781,Denver Nuggets,Miami Heat
857889,2022,0,1,0.6147651391136235,Atlanta Hawks,Los Angeles Lakers
857885,2022,1,1,0.5991376642597093,New Orleans Pelicans,Philadelphia 76ers
857886,2022,1,1,0.682860951028436,Milwaukee Bucks,Minnesota Timberwolves
857888,2022,1,1,0.5196686136854024,Toronto Raptors,Phoenix Suns
857890,2022,0,0,0.47034958509665514,Orlando Magic,Washington Wizards
857883,2022,1,1,0.5646540981943265,Golden State Warriors,Portland Trail Blazers
857894,2022,0,0,0.31323823118295224,Charlotte Hornets,Brooklyn Nets
857899,2022,1,1,0.5253473078288883,Memphis Grizzlies,New Orleans Pelicans
857893,2022,0,1,0.5139185059401962,Chicago Bulls,Cleveland Cavaliers
857896,2022,0,0,0.4761845159807824,Oklahoma City Thunder,Philadelphia 76ers
857898,2022,0,1,0.6328736184846451,Minnesota Timberwolves,Detroit Pistons
857897,2022,0,0,0.45931494746071627,Houston Rockets,New York Knicks
857892,2022,1,1,0.5568835878823871,Indiana Pacers,LA Clippers
857895,2022,0,1,0.5676143211365913,Utah Jazz,Miami Heat
857900,2022,0,0,0.3872741575080624,San Antonio Spurs,Dallas Mavericks
857902,2022,1,1,0.6157727452370786,Memphis Grizzlies,Sacramento Kings
857903,2022,1,1,0.5619886063951146,Denver Nuggets,Boston Celtics
857901,2022,0,1,0.6447116766161308,Milwaukee Bucks,Washington Wizards
857913,2022,1,1,0.7433310858700353,Brooklyn Nets,San Antonio Spurs
857912,2022,1,1,0.6573180953391696,Portland Trail Blazers,Detroit Pistons
857906,2022,1,1,0.6109902698006399,Indiana Pacers,Toronto Raptors
857909,2022,1,1,0.5720325327225334,New York Knicks,Phoenix Suns
857908,2022,1,1,0.6448447632784082,Cleveland Cavaliers,Chicago Bulls
857907,2022,0,0,0.33619576205664753,Houston Rockets,Dallas Mavericks
857904,2022,1,1,0.6213198328440009,Golden State Warriors,Atlanta Hawks
857910,2022,0,0,0.45048213958228706,Charlotte Hornets,Los Angeles Lakers
857914,2022,0,1,0.5769115531796153,LA Clippers,Miami Heat
857905,2022,1,0,0.4050832984313431,Minnesota Timberwolves,Denver Nuggets
857911,2022,1,1,0.5486709568983587,Philadelphia 76ers,New Orleans Pelicans
857915,2022,1,1,0.6098712806649246,Milwaukee Bucks,Washington Wizards
857916,2022,1,0,0.39784502865771204,Oklahoma City Thunder,Boston Celtics
857917,2022,0,1,0.5347961597980067,Utah Jazz,Sacramento Kings
857918,2022,1,0,0.39886948054816274,Chicago Bulls,Brooklyn Nets
857926,2022,1,1,0.6577475696929777,Cleveland Cavaliers,Phoenix Suns
857923,2022,0,0,0.33819907472128635,Charlotte Hornets,Memphis Grizzlies
857928,2022,1,0,0.4829161840736328,Los Angeles Lakers,Miami Heat
857924,2022,1,1,0.74172947829141,New Orleans Pelicans,Houston Rockets
857929,2022,0,1,0.6436449402200722,Sacramento Kings,Atlanta Hawks
857920,2022,1,1,0.5146951131253504,Minnesota Timberwolves,Portland Trail Blazers
857927,2022,1,1,0.5883522310446553,Philadelphia 76ers,Indiana Pacers
857925,2022,0,0,0.46677414930800415,Toronto Raptors,Milwaukee Bucks
857921,2022,1,1,0.6482560077150916,New York Knicks,San Antonio Spurs
857922,2022,0,1,0.6954320874765262,Golden State Warriors,Detroit Pistons
857919,2022,1,0,0.4971198423370221,Orlando Magic,Oklahoma City Thunder
857931,2022,0,0,0.38769128901915373,Orlando Magic,Memphis Grizzlies
857932,2022,1,1,0.6533642483741376,Denver Nuggets,LA Clippers
857930,2022,0,1,0.5536838736766431,Dallas Mavericks,Boston Celtics
857933,2022,0,0,0.44604091407171675,Houston Rockets,Utah Jazz
857944,2022,1,1,0.5794149209916408,Los Angeles Lakers,Atlanta Hawks
857940,2022,0,1,0.5434101121878535,Phoenix Suns,Miami Heat
857938,2022,1,1,0.5527464249785408,Minnesota Timberwolves,LA Clippers
857943,2022,1,1,0.6038426988597089,Denver Nuggets,Cleveland Cavaliers
857941,2022,0,0,0.47382824065483564,Toronto Raptors,New York Knicks
857942,2022,1,1,0.6030378746070549,Indiana Pacers,Portland Trail Blazers
857935,2022,1,1,0.5019959952911135,Oklahoma City Thunder,Washington Wizards
857937,2022,0,1,0.6514015465060505,Philadelphia 76ers,Chicago Bulls
857936,2022,1,1,0.5092067299954776,San Antonio Spurs,Detroit Pistons
857939,2022,0,1,0.5617811894528757,New Orleans Pelicans,Brooklyn Nets
857934,2022,0,1,0.7633149961203342,Milwaukee Bucks,Charlotte Hornets
857948,2022,1,1,0.581295598398888,Dallas Mavericks,New Orleans Pelicans
857949,2022,0,1,0.5777168195106348,Sacramento Kings,Los Angeles Lakers
857946,2022,1,1,0.5750108907185935,Chicago Bulls,Utah Jazz
857945,2022,0,0,0.36881107342345376,San Antonio Spurs,Boston Celtics
857947,2022,0,1,0.6610097826111498,Golden State Warriors,Orlando Magic
857958,2022,0,1,0.5927033613441487,LA Clippers,Atlanta Hawks
857956,2022,1,0,0.45820428201812985,Oklahoma City Thunder,Dallas Mavericks
857957,2022,0,0,0.48365031484129334,Phoenix Suns,Cleveland Cavaliers
857954,2022,1,1,0.6933121941401971,Indiana Pacers,Charlotte Hornets
857953,2022,0,0,0.3567391855120296,Detroit Pistons,Philadelphia 76ers
857950,2022,1,1,0.7107221181644743,Memphis Grizzlies,Utah Jazz
857955,2022,1,1,0.5011964865113836,Toronto Raptors,Portland Trail Blazers
857951,2022,0,0,0.489223115763852,Miami Heat,Brooklyn Nets
857952,2022,0,0,0.3846812654311036,Houston Rockets,Minnesota Timberwolves
857960,2022,0,1,0.5432242775116426,New York Knicks,Milwaukee Bucks
857961,2022,1,1,0.6872039068682723,Boston Celtics,Chicago Bulls
857964,2022,1,1,0.6302569978871533,Sacramento Kings,Orlando Magic
857963,2022,0,1,0.5085468875926774,Washington Wizards,New Orleans Pelicans
857962,2022,1,1,0.6402446706758553,Denver Nuggets,Los Angeles Lakers
857959,2022,1,1,0.7603634539632538,Memphis Grizzlies,San Antonio Spurs
857968,2022,1,1,0.5083000732947992,LA Clippers,Dallas Mavericks
857965,2022,1,1,0.5831525922169831,Miami Heat,Oklahoma City Thunder
857966,2022,1,1,0.7341441614178331,Philadelphia 76ers,Detroit Pistons
857969,2022,0,1,0.6180142971684224,Golden State Warriors,Phoenix Suns
857970,2022,1,0,0.44627643093323743,Utah Jazz,Cleveland Cavaliers
857971,2022,1,1,0.6252539493554512,Toronto Raptors,Charlotte Hornets
857967,2022,0,1,0.6015846832510421,Portland Trail Blazers,Orlando Magic
857973,2022,1,1,0.705489701652153,Denver Nuggets,Phoenix Suns
857978,2022,1,1,0.5456648612182349,New York Knicks,Indiana Pacers
857974,2022,1,1,0.7139237043589212,Sacramento Kings,Houston Rockets
857975,2022,1,1,0.6630830296505769,Boston Celtics,New Orleans Pelicans
857972,2022,1,1,0.5068334543547692,Washington Wizards,Chicago Bulls
857977,2022,1,1,0.7664942005716917,Memphis Grizzlies,San Antonio Spurs
857979,2022,0,0,0.47436461394756985,Atlanta Hawks,Milwaukee Bucks
857976,2022,1,0,0.3655403326465256,Detroit Pistons,Minnesota Timberwolves
857984,2022,0,1,0.5764067977261584,Brooklyn Nets,Boston Celtics
857981,2022,1,1,0.6360660580507103,Toronto Raptors,Charlotte Hornets
857982,2022,0,1,0.5423614110624893,Los Angeles Lakers,Dallas Mavericks
857985,2022,1,0,0.491576912660309,Miami Heat,Milwaukee Bucks
857980,2022,0,1,0.6637668526136803,Philadelphia 76ers,Oklahoma City Thunder
857983,2022,0,0,0.47796265075787236,Portland Trail Blazers,Cleveland Cavaliers
857993,2022,1,1,0.5787750557722487,Utah Jazz,Orlando Magic
857987,2022,0,0,0.4639366923738462,Washington Wizards,New York Knicks
857990,2022,1,1,0.5921654434881958,Minnesota Timberwolves,Phoenix Suns
857994,2022,0,1,0.5438977829271114,Chicago Bulls,Oklahoma City Thunder
857992,2022,0,0,0.4404897646312806,San Antonio Spurs,Golden State Warriors
857989,2022,0,0,0.3814967791465088,Detroit Pistons,New Orleans Pelicans
857988,2022,0,0,0.45771341219124045,LA Clippers,Denver Nuggets
857991,2022,0,1,0.6191504998054397,Indiana Pacers,Atlanta Hawks
857986,2022,1,1,0.7285467749332168,Sacramento Kings,Houston Rockets
858001,2022,1,1,0.5081969562242965,Minnesota Timberwolves,Cleveland Cavaliers
857998,2022,1,1,0.5244366892905259,Miami Heat,Milwaukee Bucks
858000,2022,0,0,0.2741180943557062,Charlotte Hornets,Boston Celtics
857999,2022,1,1,0.5051563559284565,Portland Trail Blazers,Dallas Mavericks
857996,2022,0,1,0.534785554896221,Toronto Raptors,Atlanta Hawks
857995,2022,0,0,0.46154646929370563,Indiana Pacers,Memphis Grizzlies
857997,2022,0,1,0.5072104657508013,Utah Jazz,Philadelphia 76ers
858007,2022,0,0,0.47983724687506657,Los Angeles Lakers,Philadelphia 76ers
858003,2022,0,0,0.3471951140988103,Detroit Pistons,New York Knicks
858002,2022,1,1,0.5300825424818983,Chicago Bulls,Golden State Warriors
858006,2022,0,0,0.38956370462854,San Antonio Spurs,Sacramento Kings
858008,2022,0,1,0.6492335361179065,Brooklyn Nets,Oklahoma City Thunder
858009,2022,1,1,0.5266610937272834,Portland Trail Blazers,Dallas Mavericks
858005,2022,1,1,0.6898203584674174,LA Clippers,Houston Rockets
858004,2022,1,1,0.7437881243782329,Denver Nuggets,Orlando Magic
858014,2022,1,1,0.6004450561991533,Cleveland Cavaliers,New Orleans Pelicans
858012,2022,0,1,0.5307000330163207,Washington Wizards,Golden State Warriors
858011,2022,1,1,0.5120143362606628,Atlanta Hawks,Miami Heat
858016,2022,0,1,0.5919716766863012,Minnesota Timberwolves,Utah Jazz
858013,2022,1,1,0.6389341621049326,Milwaukee Bucks,Indiana Pacers
858010,2022,1,1,0.6658369421698079,Los Angeles Lakers,Houston Rockets
858017,2022,0,0,0.26918462583626657,Charlotte Hornets,Boston Celtics
858015,2022,1,1,0.7275466310912287,Memphis Grizzlies,Phoenix Suns
858018,2022,0,1,0.6289127647017336,New York Knicks,Toronto Raptors
858019,2022,1,0,0.366334280749995,San Antonio Spurs,Brooklyn Nets
858022,2022,1,1,0.712059305286221,Denver Nuggets,Portland Trail Blazers
858021,2022,0,0,0.4867806517712599,LA Clippers,Philadelphia 76ers
858020,2022,1,1,0.6397134339983519,Milwaukee Bucks,Toronto Raptors
858031,2022,0,1,0.542112732828131,Dallas Mavericks,Atlanta Hawks
858024,2022,1,1,0.5843652594310074,Oklahoma City Thunder,Indiana Pacers
858026,2022,0,1,0.5937327007311808,New Orleans Pelicans,Miami Heat
858027,2022,1,1,0.568965310011189,Utah Jazz,LA Clippers
858023,2022,0,0,0.4716724398004239,Los Angeles Lakers,Sacramento Kings
858029,2022,0,1,0.6612364502901955,New York Knicks,Washington Wizards
858030,2022,1,1,0.6993177246020762,Denver Nuggets,Minnesota Timberwolves
858025,2022,1,1,0.6503862881881639,Memphis Grizzlies,Cleveland Cavaliers
858028,2022,0,1,0.5112167274044541,Houston Rockets,Charlotte Hornets
858032,2022,0,0,0.4184047195736453,Detroit Pistons,Chicago Bulls
858033,2022,1,0,0.4887247967237268,Phoenix Suns,Brooklyn Nets
858036,2022,0,0,0.4615313830452673,Portland Trail Blazers,Philadelphia 76ers
858034,2022,1,1,0.727208552708254,Boston Celtics,Golden State Warriors
858035,2022,1,1,0.5554013225687854,Minnesota Timberwolves,Toronto Raptors
858037,2022,1,1,0.6092951151785959,Sacramento Kings,Oklahoma City Thunder
858041,2022,0,0,0.44091915445130614,San Antonio Spurs,LA Clippers
858038,2022,0,1,0.6393990895588679,Cleveland Cavaliers,Golden State Warriors
858045,2022,1,1,0.5553124760905067,Atlanta Hawks,New York Knicks
858044,2022,1,0,0.38779902332083727,Los Angeles Lakers,Memphis Grizzlies
858043,2022,1,1,0.746400404362471,Denver Nuggets,Indiana Pacers
858042,2022,0,1,0.5602228902074209,Utah Jazz,Brooklyn Nets
858039,2022,1,0,0.4493314839715296,Orlando Magic,New Orleans Pelicans
858040,2022,1,1,0.5179007797200863,Dallas Mavericks,Miami Heat
858050,2022,0,1,0.5571349109251877,Sacramento Kings,Philadelphia 76ers
858051,2022,1,1,0.5640284133940198,Washington Wizards,Orlando Magic
858046,2022,1,1,0.703181200085183,Minnesota Timberwolves,Houston Rockets
858052,2022,0,1,0.7058762821938322,Atlanta Hawks,Charlotte Hornets
858047,2022,1,1,0.5549944598275355,Cleveland Cavaliers,Milwaukee Bucks
858049,2022,0,0,0.3771187727160608,Toronto Raptors,Boston Celtics
858048,2022,1,1,0.5959869820745881,Phoenix Suns,Indiana Pacers
858053,2022,1,1,0.5906476086458269,Miami Heat,New Orleans Pelicans
858055,2022,0,1,0.5487411216577657,Golden State Warriors,Brooklyn Nets
858059,2022,1,0,0.4492853567989585,Phoenix Suns,Memphis Grizzlies
858056,2022,1,0,0.49886677021862075,Toronto Raptors,New York Knicks
858058,2022,0,1,0.5879190786031513,Dallas Mavericks,LA Clippers
858057,2022,0,1,0.5627067216991605,Portland Trail Blazers,Los Angeles Lakers
858054,2022,0,1,0.6932691610246745,Denver Nuggets,Oklahoma City Thunder
858063,2022,1,1,0.5486266060156172,Sacramento Kings,Memphis Grizzlies
858060,2022,0,0,0.3511140400587716,Detroit Pistons,Milwaukee Bucks
858065,2022,1,1,0.5029570089738958,Chicago Bulls,Atlanta Hawks
858064,2022,1,1,0.6508785485569616,Utah Jazz,Charlotte Hornets
858061,2022,1,0,0.3520565894560469,Houston Rockets,Minnesota Timberwolves
858066,2022,1,0,0.33615957632781457,Orlando Magic,Boston Celtics
858062,2022,1,1,0.6314840206899509,Portland Trail Blazers,San Antonio Spurs
858069,2022,1,0,0.4760386636666066,Miami Heat,Boston Celtics
858072,2022,1,1,0.6588999100218299,Phoenix Suns,Charlotte Hornets
858073,2022,0,1,0.5319398539329719,Los Angeles Lakers,LA Clippers
858067,2022,1,1,0.5331383072450046,New York Knicks,Cleveland Cavaliers
858071,2022,0,1,0.5781518930817904,Dallas Mavericks,Washington Wizards
858068,2022,0,0,0.4773364321592603,New Orleans Pelicans,Denver Nuggets
858070,2022,1,1,0.5265448425462921,Indiana Pacers,Chicago Bulls
858079,2022,0,1,0.5578409904811674,Oklahoma City Thunder,Atlanta Hawks
858074,2022,0,1,0.6596478071445683,Sacramento Kings,Toronto Raptors
858080,2022,1,0,0.4996404173006633,Golden State Warriors,Memphis Grizzlies
858075,2022,1,1,0.6425717967070517,Los Angeles Lakers,San Antonio Spurs
858083,2022,1,1,0.5275713059286298,Portland Trail Blazers,Utah Jazz
858081,2022,1,1,0.5469170791047194,Milwaukee Bucks,Denver Nuggets
858077,2022,1,1,0.6382754390795838,Philadelphia 76ers,Brooklyn Nets
858076,2022,1,1,0.5152681432920176,Orlando Magic,Indiana Pacers
858078,2022,0,0,0.3890313050500687,Houston Rockets,Washington Wizards
858082,2022,0,1,0.5817628105299961,New Orleans Pelicans,Minnesota Timberwolves
858088,2022,0,1,0.605399153483442,Phoenix Suns,Dallas Mavericks
858086,2022,0,1,0.7405457350197613,Brooklyn Nets,Detroit Pistons
858085,2022,1,0,0.4086957975118375,Charlotte Hornets,Chicago Bulls
858084,2022,1,1,0.6806916199489441,LA Clippers,San Antonio Spurs
858089,2022,0,1,0.7100522810180633,Boston Celtics,New York Knicks
858087,2022,0,0,0.35228076080613346,Houston Rockets,Cleveland Cavaliers
858094,2022,1,1,0.5397196853337046,Minnesota Timberwolves,Memphis Grizzlies
858092,2022,1,1,0.627250415477972,Miami Heat,Orlando Magic
858091,2022,1,1,0.5242297886513552,Oklahoma City Thunder,Cleveland Cavaliers
858093,2022,0,0,0.45142666054789543,Indiana Pacers,Milwaukee Bucks
858090,2022,1,1,0.5948309755720632,Golden State Warriors,Toronto Raptors
858097,2022,1,1,0.5426490390881697,Minnesota Timberwolves,Sacramento Kings
858096,2022,1,1,0.6818896920116952,Boston Celtics,Los Angeles Lakers
858102,2022,0,1,0.5323858526360379,Atlanta Hawks,LA Clippers
858100,2022,1,1,0.6013226137642291,Philadelphia 76ers,Denver Nuggets
858103,2022,1,1,0.6182697006794124,Brooklyn Nets,New York Knicks
858098,2022,0,1,0.5289055118358265,Detroit Pistons,Houston Rockets
858105,2022,0,1,0.5769364172155297,Portland Trail Blazers,Toronto Raptors
858101,2022,0,0,0.3829543158118455,San Antonio Spurs,Phoenix Suns
858099,2022,0,1,0.5480222787472707,New Orleans Pelicans,Washington Wizards
858104,2022,0,0,0.49957699638542874,Orlando Magic,Chicago Bulls
858095,2022,1,1,0.5619299926374342,Utah Jazz,Dallas Mavericks
858108,2022,1,1,0.7035013291350339,Milwaukee Bucks,New Orleans Pelicans
858106,2022,1,0,0.3733555641436564,Charlotte Hornets,Miami Heat
858107,2022,1,1,0.6627132044804009,Memphis Grizzlies,Indiana Pacers
858109,2022,1,1,0.5517096420839827,Cleveland Cavaliers,LA Clippers
858112,2022,0,0,0.3643547031895958,San Antonio Spurs,Washington Wizards
858115,2022,1,1,0.6413640944955014,Brooklyn Nets,Los Angeles Lakers
858116,2022,1,1,0.5479216052292878,Portland Trail Blazers,Atlanta Hawks
858114,2022,1,1,0.5893397152231334,Phoenix Suns,Toronto Raptors
858111,2022,0,1,0.5460102484354467,Oklahoma City Thunder,Golden State Warriors
858110,2022,0,1,0.7293777044727399,Philadelphia 76ers,Orlando Magic
858117,2022,0,1,0.5726124608230636,Minnesota Timberwolves,Sacramento Kings
858113,2022,1,1,0.679992108657069,Dallas Mavericks,Detroit Pistons
858119,2022,0,1,0.5992136058923353,Cleveland Cavaliers,Miami Heat
858120,2022,1,1,0.7075447133745033,Denver Nuggets,New Orleans Pelicans
858122,2022,1,1,0.7300030362229631,Milwaukee Bucks,Charlotte Hornets
858121,2022,0,1,0.6045241854409052,New York Knicks,Los Angeles Lakers
858118,2022,0,1,0.5062424915756101,Chicago Bulls,LA Clippers
858129,2022,1,0,0.40727562411092205,Houston Rockets,Oklahoma City Thunder
858127,2022,0,1,0.6356112414629964,Memphis Grizzlies,Portland Trail Blazers
858124,2022,1,1,0.5782927699397284,Utah Jazz,Toronto Raptors
858131,2022,1,1,0.695406011079779,Philadelphia 76ers,Orlando Magic
858128,2022,1,1,0.6331616790085777,Boston Celtics,Brooklyn Nets
858125,2022,0,0,0.35026926724283336,Detroit Pistons,Washington Wizards
858123,2022,0,1,0.6183095047282816,Phoenix Suns,Atlanta Hawks
858130,2022,1,1,0.5354938223033407,Minnesota Timberwolves,Golden State Warriors
858126,2022,0,0,0.3792870205321332,San Antonio Spurs,Sacramento Kings
858135,2022,1,1,0.6209661975725741,Chicago Bulls,Charlotte Hornets
858132,2022,1,1,0.5191032866148713,New York Knicks,Miami Heat
858138,2022,1,1,0.6175703210812591,Dallas Mavericks,New Orleans Pelicans
858134,2022,0,1,0.5492882219290114,Indiana Pacers,Los Angeles Lakers
858133,2022,1,1,0.6602503989875302,Denver Nuggets,Golden State Warriors
858137,2022,1,1,0.6439612530938271,Milwaukee Bucks,LA Clippers
858136,2022,1,1,0.5928452301212874,Cleveland Cavaliers,Memphis Grizzlies
858140,2022,0,0,0.44221029817266444,Houston Rockets,Toronto Raptors
858143,2022,0,0,0.3100796519495181,San Antonio Spurs,Philadelphia 76ers
858144,2022,1,0,0.47719636588231124,Detroit Pistons,Charlotte Hornets
858142,2022,0,1,0.674997809629405,Boston Celtics,Phoenix Suns
858146,2022,0,1,0.5509368188861076,Washington Wizards,Portland Trail Blazers
858145,2022,1,0,0.47854244771864385,Indiana Pacers,Sacramento Kings
858139,2022,0,1,0.581756084050825,Utah Jazz,Atlanta Hawks
858141,2022,0,1,0.6375346724051881,Minnesota Timberwolves,Orlando Magic
858155,2022,1,1,0.641186274344676,Oklahoma City Thunder,Houston Rockets
858154,2022,1,1,0.6619938047862886,Milwaukee Bucks,Miami Heat
858150,2022,1,1,0.5096099718638095,Chicago Bulls,Portland Trail Blazers
858148,2022,1,1,0.6712782298502471,Denver Nuggets,Atlanta Hawks
858152,2022,1,1,0.5456972465681679,Golden State Warriors,Dallas Mavericks
858149,2022,1,1,0.604936706993651,Brooklyn Nets,Washington Wizards
858147,2022,0,1,0.5643184687550797,New York Knicks,LA Clippers
858153,2022,1,1,0.5364657387053317,New Orleans Pelicans,Los Angeles Lakers
858151,2022,0,0,0.38631675706605045,Detroit Pistons,Phoenix Suns
858158,2022,0,0,0.4802974177637637,Indiana Pacers,Cleveland Cavaliers
858157,2022,0,1,0.6514486036063826,Memphis Grizzlies,Toronto Raptors
858156,2022,1,1,0.5332391423688407,New Orleans Pelicans,Sacramento Kings
858161,2022,1,0,0.47669805377768854,New York Knicks,Philadelphia 76ers
858159,2022,1,0,0.48636076416835144,Minnesota Timberwolves,Denver Nuggets
858160,2022,0,0,0.46315348723807026,Charlotte Hornets,Orlando Magic
858164,2022,0,0,0.38198313513527665,Houston Rockets,Sacramento Kings
858168,2022,0,0,0.4997582136506232,Washington Wizards,Cleveland Cavaliers
858166,2022,0,1,0.5494307941575621,Utah Jazz,Dallas Mavericks
858169,2022,1,1,0.588946075056576,Golden State Warriors,Oklahoma City Thunder
858163,2022,0,1,0.6160571893303916,Brooklyn Nets,LA Clippers
858162,2022,0,0,0.44255764290627164,Portland Trail Blazers,Milwaukee Bucks
858165,2022,0,0,0.33036294653067605,Detroit Pistons,Boston Celtics
858167,2022,1,1,0.6847077414861997,Chicago Bulls,San Antonio Spurs
858174,2022,0,1,0.554560801693785,Los Angeles Lakers,Oklahoma City Thunder
858171,2022,1,1,0.57342440713946,New Orleans Pelicans,Atlanta Hawks
858173,2022,1,1,0.5907620477801189,Memphis Grizzlies,Chicago Bulls
858172,2022,0,1,0.5931692540218731,Brooklyn Nets,Phoenix Suns
858175,2022,0,1,0.5054630711410029,Orlando Magic,New York Knicks
858170,2022,1,1,0.6642782907850705,Denver Nuggets,Minnesota Timberwolves
858182,2022,1,1,0.626500135641385,Miami Heat,Indiana Pacers
858180,2022,0,1,0.5584562835652684,Utah Jazz,Minnesota Timberwolves
858179,2022,0,1,0.5742682999958223,LA Clippers,Dallas Mavericks
858183,2022,1,1,0.6274374976162022,Boston Celtics,Philadelphia 76ers
858184,2022,0,0,0.35793816070526985,Houston Rockets,Sacramento Kings
858181,2022,1,1,0.6714226375202093,Toronto Raptors,San Antonio Spurs
858177,2022,1,1,0.6465935242223221,Washington Wizards,Charlotte Hornets
858178,2022,1,1,0.5374468174648658,Portland Trail Blazers,Golden State Warriors
858176,2022,1,1,0.7468139385785838,Cleveland Cavaliers,Detroit Pistons
858185,2022,1,1,0.5091072647953171,Atlanta Hawks,Phoenix Suns
858186,2022,1,1,0.6138876349022951,Brooklyn Nets,Chicago Bulls
858187,2022,1,0,0.3997510667971907,Orlando Magic,Denver Nuggets
858188,2022,0,0,0.4092303425717568,Los Angeles Lakers,Milwaukee Bucks
858192,2022,1,1,0.5275745592654174,Detroit Pistons,San Antonio Spurs
858199,2022,0,0,0.46649893510395485,LA Clippers,Milwaukee Bucks
858196,2022,0,1,0.5711664939783023,Sacramento Kings,Dallas Mavericks
858189,2022,1,1,0.705843602122264,Miami Heat,Houston Rockets
858193,2022,1,1,0.6242750853540991,Philadelphia 76ers,New York Knicks
858195,2022,1,1,0.8019587759004999,Boston Celtics,Charlotte Hornets
858191,2022,0,0,0.4950292603316293,Indiana Pacers,Phoenix Suns
858197,2022,0,1,0.5769325168619565,Portland Trail Blazers,Oklahoma City Thunder
858190,2022,1,1,0.6122786428596202,Memphis Grizzlies,Minnesota Timberwolves
858198,2022,0,1,0.5596475018137386,Toronto Raptors,Utah Jazz
858194,2022,0,1,0.504832400461818,New Orleans Pelicans,Cleveland Cavaliers
858202,2022,0,1,0.5934774524632789,Golden State Warriors,Los Angeles Lakers
858201,2022,1,1,0.5924389300291505,Washington Wizards,Indiana Pacers
858203,2022,1,1,0.6570603261381062,Cleveland Cavaliers,Chicago Bulls
858204,2022,1,1,0.5956886420357008,New York Knicks,Utah Jazz
858208,2022,1,1,0.5531939893410664,Sacramento Kings,Dallas Mavericks
858205,2022,0,0,0.4778858342784221,Orlando Magic,Miami Heat
858207,2022,1,1,0.7000322329348413,Atlanta Hawks,San Antonio Spurs
858206,2022,0,0,0.31740706931615875,Charlotte Hornets,Denver Nuggets
858200,2022,0,1,0.5563262646032242,Brooklyn Nets,Philadelphia 76ers
858210,2022,1,1,0.6716189003170759,Boston Celtics,Memphis Grizzlies
858209,2022,1,1,0.6371017644281958,Toronto Raptors,Detroit Pistons
858213,2022,1,1,0.7776957499304237,Cleveland Cavaliers,San Antonio Spurs
858219,2022,0,1,0.5472765524611457,Oklahoma City Thunder,New Orleans Pelicans
858218,2022,0,1,0.5619612466464581,Chicago Bulls,Orlando Magic
858220,2022,0,1,0.540914162416822,Indiana Pacers,Utah Jazz
858217,2022,1,1,0.564091418005049,New York Knicks,Brooklyn Nets
858214,2022,0,1,0.5258009411044934,Miami Heat,Denver Nuggets
858211,2022,0,1,0.5944200197975004,Dallas Mavericks,Minnesota Timberwolves
858215,2022,1,1,0.7821208121957781,Philadelphia 76ers,Houston Rockets
858221,2022,1,1,0.5727571904842079,Portland Trail Blazers,Los Angeles Lakers
858216,2022,1,0,0.3737919842695518,Charlotte Hornets,Atlanta Hawks
858212,2022,1,1,0.5743525482566043,Golden State Warriors,Washington Wizards
858225,2022,1,1,0.5597296788453664,Phoenix Suns,Sacramento Kings
858222,2022,1,1,0.5751771188110257,Toronto Raptors,Orlando Magic
858226,2022,1,1,0.5613010780245209,LA Clippers,Golden State Warriors
858224,2022,1,1,0.59615439947686,Milwaukee Bucks,Boston Celtics
858223,2022,0,1,0.5719426807162635,Portland Trail Blazers,Washington Wizards
858227,2022,1,0,0.4801184077633001,Los Angeles Lakers,New Orleans Pelicans
858229,2022,1,1,0.5711715174980796,Brooklyn Nets,Miami Heat
858236,2022,1,1,0.6642790666614201,Denver Nuggets,Dallas Mavericks
858230,2022,1,1,0.5491888256651629,Charlotte Hornets,San Antonio Spurs
858235,2022,1,1,0.5381050207310949,Indiana Pacers,Chicago Bulls
858228,2022,1,1,0.7917253969705321,Boston Celtics,Detroit Pistons
858234,2022,1,1,0.6973383170786868,Oklahoma City Thunder,Houston Rockets
858232,2022,0,1,0.512469481722607,Atlanta Hawks,New York Knicks
858233,2022,1,1,0.6375266963820434,Memphis Grizzlies,Utah Jazz
858231,2022,1,1,0.5704636267158587,Philadelphia 76ers,Cleveland Cavaliers
858237,2022,0,0,0.3833069336419669,Chicago Bulls,Milwaukee Bucks
858238,2022,0,1,0.5791605989958621,Phoenix Suns,LA Clippers
858239,2022,0,1,0.5736917397197895,Minnesota Timberwolves,Washington Wizards
858247,2022,1,1,0.6206011796359875,Sacramento Kings,Portland Trail Blazers
858248,2022,1,1,0.6207099924054647,Orlando Magic,Detroit Pistons
858240,2022,1,1,0.7062521538941743,Dallas Mavericks,San Antonio Spurs
858243,2022,0,1,0.550357760547454,Cleveland Cavaliers,Denver Nuggets
858241,2022,1,1,0.5408295276169386,Utah Jazz,Oklahoma City Thunder
858242,2022,1,1,0.6269641902212688,Philadelphia 76ers,Memphis Grizzlies
858245,2022,1,1,0.5403124847919379,Los Angeles Lakers,Golden State Warriors
858244,2022,1,1,0.5450733581210284,Toronto Raptors,New Orleans Pelicans
858246,2022,0,0,0.396912162448174,Indiana Pacers,Boston Celtics
858255,2022,1,0,0.4795326719442069,Chicago Bulls,Brooklyn Nets
858256,2022,1,1,0.6896910259690829,Golden State Warriors,Houston Rockets
858251,2022,0,1,0.5566459162852642,LA Clippers,Sacramento Kings
858249,2022,1,0,0.49940444998914824,Atlanta Hawks,Cleveland Cavaliers
858250,2022,0,1,0.5206244809680471,Washington Wizards,New York Knicks
858252,2022,1,1,0.5842881926836809,Phoenix Suns,Oklahoma City Thunder
858253,2022,1,1,0.6830436980234564,Milwaukee Bucks,Miami Heat
858254,2022,0,1,0.6518690674002433,Minnesota Timberwolves,Charlotte Hornets
858259,2022,1,0,0.4303391873930979,Charlotte Hornets,Miami Heat
858257,2022,0,0,0.36465905577232094,Detroit Pistons,Toronto Raptors
858263,2022,1,1,0.5275119063868128,Memphis Grizzlies,Denver Nuggets
858260,2022,0,1,0.5819739119489689,Philadelphia 76ers,Boston Celtics
858262,2022,1,1,0.6197045029492945,New York Knicks,New Orleans Pelicans
858258,2022,0,1,0.5695797445738967,Orlando Magic,Indiana Pacers
858261,2022,1,1,0.7009331336891756,Utah Jazz,San Antonio Spurs
858264,2022,1,1,0.6858270917854208,Denver Nuggets,LA Clippers
858271,2022,1,1,0.6885980038426005,Portland Trail Blazers,Houston Rockets
858265,2022,1,1,0.5676143211365913,Golden State Warriors,Minnesota Timberwolves
858268,2022,0,1,0.5766729575508247,Dallas Mavericks,Los Angeles Lakers
858269,2022,1,1,0.5139073159665549,Chicago Bulls,Washington Wizards
858272,2022,0,1,0.5024593975550284,Oklahoma City Thunder,Sacramento Kings
858270,2022,1,1,0.5979434472304144,Cleveland Cavaliers,Toronto Raptors
858267,2022,1,1,0.6863032729683242,Milwaukee Bucks,Phoenix Suns
858266,2022,1,1,0.5468344378906556,Atlanta Hawks,Brooklyn Nets
858274,2022,0,1,0.5881640447614277,New Orleans Pelicans,Orlando Magic
858273,2022,1,1,0.5105712663488172,New York Knicks,Boston Celtics
858276,2022,1,1,0.5768376287548044,Charlotte Hornets,Detroit Pistons
858275,2022,0,1,0.689808868727345,Philadelphia 76ers,Miami Heat
858280,2022,0,1,0.5901629035512842,Atlanta Hawks,Washington Wizards
858277,2022,0,1,0.7066186116764093,Utah Jazz,San Antonio Spurs
858282,2022,0,0,0.4609679730801422,Brooklyn Nets,Milwaukee Bucks
858281,2022,0,1,0.5939508144620647,Dallas Mavericks,Indiana Pacers
858279,2022,0,0,0.2712021558808008,Houston Rockets,Denver Nuggets
858278,2022,0,1,0.6046635961493628,LA Clippers,Minnesota Timberwolves
858286,2022,1,1,0.5872075036638031,Golden State Warriors,Portland Trail Blazers
858285,2022,1,1,0.588967041663269,Toronto Raptors,Chicago Bulls
858284,2022,1,1,0.616248891787869,Memphis Grizzlies,Los Angeles Lakers
858283,2022,0,0,0.4666971451764785,Oklahoma City Thunder,Sacramento Kings
858291,2022,1,1,0.7300537798667733,Milwaukee Bucks,Orlando Magic
858295,2022,0,0,0.44215720200680164,Charlotte Hornets,Phoenix Suns
858287,2022,0,1,0.5772054000693424,Portland Trail Blazers,New Orleans Pelicans
858290,2022,1,1,0.6645879326258796,Boston Celtics,Cleveland Cavaliers
858292,2022,0,1,0.5257719160669572,Oklahoma City Thunder,Los Angeles Lakers
858294,2022,0,0,0.4005943120461883,Detroit Pistons,Chicago Bulls
858288,2022,1,1,0.6337403215377836,New York Knicks,Brooklyn Nets
858289,2022,0,1,0.5033656175653662,Miami Heat,Philadelphia 76ers
858293,2022,0,0,0.30983653883513085,Houston Rockets,Memphis Grizzlies
858299,2022,1,0,0.48530045327053717,Dallas Mavericks,Philadelphia 76ers
858296,2022,1,1,0.5296081966889872,Washington Wizards,Toronto Raptors
858298,2022,1,1,0.5801478327929984,Golden State Warriors,LA Clippers
858297,2022,1,0,0.39480550069936293,San Antonio Spurs,Indiana Pacers
858303,2022,1,1,0.5987590868046284,Atlanta Hawks,Portland Trail Blazers
858301,2022,0,1,0.5686954982796733,Los Angeles Lakers,Minnesota Timberwolves
858307,2022,0,1,0.7112601421154102,Boston Celtics,Brooklyn Nets
858306,2022,1,1,0.624760568158479,Denver Nuggets,Memphis Grizzlies
858300,2022,1,1,0.6548543057752256,Sacramento Kings,LA Clippers
858309,2022,1,1,0.6204468907406405,Golden State Warriors,New Orleans Pelicans
858305,2022,0,0,0.4862987737933717,Miami Heat,New York Knicks
858302,2022,0,0,0.4960126793717622,Charlotte Hornets,Orlando Magic
858304,2022,0,1,0.5155607727773875,Chicago Bulls,Phoenix Suns
858308,2022,1,1,0.5032867684140386,Oklahoma City Thunder,Utah Jazz
858314,2022,1,1,0.547089359635815,Miami Heat,Atlanta Hawks
858315,2022,1,1,0.7438061102257199,Cleveland Cavaliers,Detroit Pistons
858312,2022,0,1,0.6485021096092268,Sacramento Kings,Minnesota Timberwolves
858313,2022,0,1,0.5583756856442567,San Antonio Spurs,Houston Rockets
858311,2022,0,1,0.5573134270770687,Washington Wizards,Toronto Raptors
858310,2022,0,1,0.676396715891104,Milwaukee Bucks,Philadelphia 76ers
858323,2022,0,1,0.5600122166421012,Orlando Magic,Portland Trail Blazers
858319,2022,0,1,0.5404589047733416,Dallas Mavericks,Phoenix Suns
858321,2022,1,0,0.4748798723787719,Houston Rockets,San Antonio Spurs
858322,2022,1,1,0.646007074524662,Brooklyn Nets,Charlotte Hornets
858318,2022,1,1,0.5397738433668161,Oklahoma City Thunder,Utah Jazz
858317,2022,1,0,0.48507562451120356,Los Angeles Lakers,Golden State Warriors
858320,2022,0,1,0.55005879769891,Chicago Bulls,Indiana Pacers
858316,2022,0,1,0.6152445762992713,Boston Celtics,New York Knicks
858324,2022,1,0,0.4883051905721931,LA Clippers,Memphis Grizzlies
858325,2022,0,0,0.4364240345789279,Washington Wizards,Milwaukee Bucks
858329,2022,1,1,0.661256566444027,Sacramento Kings,New Orleans Pelicans
858327,2022,1,1,0.6903646042618913,Denver Nuggets,Toronto Raptors
858326,2022,1,1,0.5631202916594965,Miami Heat,Atlanta Hawks
858328,2022,1,1,0.5627992224279263,Cleveland Cavaliers,Boston Celtics
858330,2022,0,0,0.48316678041884203,Indiana Pacers,Philadelphia 76ers
858334,2022,0,1,0.5064309645765935,Minnesota Timberwolves,Philadelphia 76ers
858331,2022,0,1,0.7134975228677097,New York Knicks,Charlotte Hornets
858338,2022,1,1,0.5019427761907611,Los Angeles Lakers,Memphis Grizzlies
858336,2022,1,1,0.5812086468390849,Dallas Mavericks,Utah Jazz
858335,2022,0,0,0.37355465454615827,Houston Rockets,Brooklyn Nets
858337,2022,0,0,0.3911415852490726,Orlando Magic,Milwaukee Bucks
858332,2022,0,0,0.3897182179090065,Detroit Pistons,Portland Trail Blazers
858333,2022,1,0,0.49952533846553643,Oklahoma City Thunder,Golden State Warriors
858343,2022,1,1,0.6788874989417478,Boston Celtics,Portland Trail Blazers
858342,2022,0,1,0.7237852720889095,Denver Nuggets,Chicago Bulls
858339,2022,0,1,0.5333260218826392,Miami Heat,Cleveland Cavaliers
858345,2022,1,1,0.5699566610250631,LA Clippers,Toronto Raptors
858344,2022,1,1,0.6073415616036635,Phoenix Suns,Oklahoma City Thunder
858341,2022,0,1,0.5557129220431358,Washington Wizards,Atlanta Hawks
858340,2022,1,1,0.5387561884658582,New Orleans Pelicans,Dallas Mavericks
858347,2022,0,1,0.5399552586851647,Orlando Magic,Utah Jazz
858349,2022,1,1,0.602246870663308,Memphis Grizzlies,Golden State Warriors
858346,2022,0,0,0.44562564207788524,Detroit Pistons,Charlotte Hornets
858350,2022,1,1,0.6369220492223876,Indiana Pacers,Houston Rockets
858351,2022,1,1,0.6759828162637765,Milwaukee Bucks,Brooklyn Nets
858348,2022,1,1,0.5743816099321974,Sacramento Kings,New York Knicks
858352,2022,0,1,0.5381763908812831,Minnesota Timberwolves,Brooklyn Nets
858353,2022,1,1,0.5745271385969378,Los Angeles Lakers,Toronto Raptors
858356,2022,1,1,0.691398156000329,Philadelphia 76ers,Portland Trail Blazers
858354,2022,0,1,0.5481213806313068,Washington Wizards,Atlanta Hawks
858357,2022,1,0,0.49808233442909167,Miami Heat,Cleveland Cavaliers
858355,2022,1,0,0.2993533824968852,San Antonio Spurs,Denver Nuggets
858363,2022,1,0,0.46556240690619577,Orlando Magic,Miami Heat
858364,2022,0,0,0.4812076803879663,Charlotte Hornets,Utah Jazz
858366,2022,0,1,0.5093614312328585,Atlanta Hawks,Boston Celtics
858359,2022,0,1,0.5462944811284658,Phoenix Suns,Sacramento Kings
858365,2022,0,0,0.40872818117554344,Houston Rockets,Chicago Bulls
858358,2022,1,0,0.4463393100129601,Golden State Warriors,Milwaukee Bucks
858361,2022,0,0,0.37458080833774643,Detroit Pistons,Indiana Pacers
858367,2022,1,1,0.6274900123502212,Memphis Grizzlies,Dallas Mavericks
858360,2022,1,1,0.5296485414009541,LA Clippers,New York Knicks
858362,2022,0,1,0.5500324716095185,New Orleans Pelicans,Oklahoma City Thunder
858368,2022,1,1,0.7128611631927131,Philadelphia 76ers,Washington Wizards
858373,2022,0,1,0.5544595953736222,Los Angeles Lakers,New York Knicks
858369,2022,0,1,0.6298532664124412,Denver Nuggets,Brooklyn Nets
858370,2022,1,1,0.5673892282428186,New Orleans Pelicans,Portland Trail Blazers
858372,2022,0,0,0.39023511221728124,Charlotte Hornets,Cleveland Cavaliers
858371,2022,0,0,0.38949748506399623,San Antonio Spurs,Oklahoma City Thunder
858374,2022,1,1,0.5950148988387741,Miami Heat,Utah Jazz
858379,2022,1,0,0.3696514607376298,Detroit Pistons,Indiana Pacers
858378,2022,0,1,0.5271594277266257,Dallas Mavericks,Memphis Grizzlies
858380,2022,0,1,0.5506800672842124,Sacramento Kings,Milwaukee Bucks
858377,2022,0,1,0.5482599358015152,Atlanta Hawks,Minnesota Timberwolves
858376,2022,1,0,0.32243846443978175,Houston Rockets,Boston Celtics
858375,2022,1,1,0.5182540372564542,Golden State Warriors,Phoenix Suns
858383,2022,0,0,0.36695610878050233,Charlotte Hornets,Cleveland Cavaliers
858386,2022,1,0,0.47260528579344635,Toronto Raptors,Denver Nuggets
858385,2022,1,1,0.6415358166876974,Washington Wizards,Detroit Pistons
858387,2022,0,0,0.48093143352602,Phoenix Suns,Milwaukee Bucks
858381,2022,1,1,0.5075108789957148,Oklahoma City Thunder,Brooklyn Nets
858384,2022,1,0,0.4416887674763208,San Antonio Spurs,Orlando Magic
858388,2022,0,1,0.5117525020227798,Portland Trail Blazers,New York Knicks
858382,2022,0,1,0.544367466446712,New Orleans Pelicans,Los Angeles Lakers
858395,2022,0,0,0.49503162821391183,Chicago Bulls,Sacramento Kings
858394,2022,1,1,0.5322017129322197,Miami Heat,Memphis Grizzlies
858392,2022,1,1,0.5814174782274476,LA Clippers,Golden State Warriors
858389,2022,0,0,0.43734061503056926,San Antonio Spurs,Dallas Mavericks
858393,2022,0,1,0.5376919539791856,Cleveland Cavaliers,Philadelphia 76ers
858391,2022,1,0,0.3625939363909391,Houston Rockets,Los Angeles Lakers
858390,2022,0,1,0.5113021160682156,Minnesota Timberwolves,Boston Celtics
858398,2022,0,0,0.34358234389931985,Detroit Pistons,Denver Nuggets
858396,2022,0,1,0.7159023213103759,Milwaukee Bucks,Indiana Pacers
858399,2022,1,1,0.5173980097859936,Toronto Raptors,Oklahoma City Thunder
858397,2022,1,1,0.6434167445715336,Phoenix Suns,Orlando Magic
858400,2022,0,1,0.5399029565518196,Brooklyn Nets,Sacramento Kings
858407,2022,0,0,0.3569403929322453,San Antonio Spurs,Memphis Grizzlies
858408,2022,0,0,0.3249496708990788,Charlotte Hornets,Philadelphia 76ers
858401,2022,1,1,0.5391819331086816,Chicago Bulls,Minnesota Timberwolves
858403,2022,0,0,0.43585512404035087,Portland Trail Blazers,Boston Celtics
858404,2022,0,1,0.5666306062397581,Los Angeles Lakers,Dallas Mavericks
858406,2022,1,1,0.5575480645358156,Atlanta Hawks,Golden State Warriors
858405,2022,1,0,0.411945801934706,Houston Rockets,New Orleans Pelicans
858402,2022,1,1,0.6746935747395724,Cleveland Cavaliers,Washington Wizards
858416,2022,1,0,0.4416564766993337,Utah Jazz,Boston Celtics
858409,2022,0,0,0.42045240686651314,Indiana Pacers,Philadelphia 76ers
858413,2022,0,1,0.6560372117750457,LA Clippers,Orlando Magic
858414,2022,1,1,0.6482380157152617,Memphis Grizzlies,Golden State Warriors
858412,2022,1,1,0.5195279208223923,Chicago Bulls,Miami Heat
858411,2022,1,1,0.5716501563306683,New York Knicks,Denver Nuggets
858415,2022,1,1,0.5803454774556345,Toronto Raptors,Minnesota Timberwolves
858410,2022,0,0,0.45082958113062616,Washington Wizards,Sacramento Kings
858418,2022,0,0,0.4294572710932133,Houston Rockets,New Orleans Pelicans
858424,2022,0,1,0.5622128354396003,Brooklyn Nets,Denver Nuggets
858421,2022,0,0,0.4668132192324173,Portland Trail Blazers,LA Clippers
858420,2022,1,1,0.5885668250703726,Los Angeles Lakers,Orlando Magic
858422,2022,1,1,0.5503533551269021,Oklahoma City Thunder,Phoenix Suns
858417,2022,1,0,0.3917850492100163,San Antonio Spurs,Atlanta Hawks
858419,2022,0,0,0.3546225061734013,Detroit Pistons,Miami Heat
858423,2022,1,1,0.6892636409148212,Milwaukee Bucks,Toronto Raptors
858428,2022,0,1,0.6508139214129489,New York Knicks,Minnesota Timberwolves
858426,2022,0,1,0.6777274314159242,Philadelphia 76ers,Chicago Bulls
858430,2022,0,0,0.41641080981559775,Houston Rockets,Golden State Warriors
858427,2022,1,1,0.6515555951260616,Memphis Grizzlies,Dallas Mavericks
858425,2022,1,0,0.432697028967938,Charlotte Hornets,Indiana Pacers
858429,2022,1,0,0.4837817302918199,Utah Jazz,Sacramento Kings
858432,2022,1,1,0.5431307242875623,Orlando Magic,Washington Wizards
858434,2022,0,1,0.5558396126249756,Sacramento Kings,Boston Celtics
858435,2022,1,1,0.6399176007156373,New Orleans Pelicans,San Antonio Spurs
858431,2022,0,1,0.5356538170386583,Brooklyn Nets,Cleveland Cavaliers
858436,2022,0,1,0.5658585277991729,LA Clippers,Oklahoma City Thunder
858433,2022,1,1,0.6813832053014787,Atlanta Hawks,Detroit Pistons
858439,2022,0,0,0.4593949493209746,Washington Wizards,Denver Nuggets
858443,2022,1,1,0.7226268785577813,Memphis Grizzlies,Houston Rockets
858446,2022,1,1,0.5632244495918692,Minnesota Timberwolves,Atlanta Hawks
858438,2022,1,1,0.5646702224545266,Los Angeles Lakers,Phoenix Suns
858440,2022,1,1,0.5498747781244357,Miami Heat,New York Knicks
858445,2022,0,0,0.4639033541392727,Chicago Bulls,Philadelphia 76ers
858444,2022,0,1,0.5650230010971176,Dallas Mavericks,Golden State Warriors
858437,2022,0,1,0.639884357562968,Utah Jazz,Portland Trail Blazers
858442,2022,1,1,0.7753067667074288,Milwaukee Bucks,San Antonio Spurs
858441,2022,0,1,0.5877645840099882,Toronto Raptors,Indiana Pacers
858449,2022,1,1,0.5503320507729412,LA Clippers,Oklahoma City Thunder
858447,2022,1,0,0.4643874961272476,Orlando Magic,New York Knicks
858448,2022,1,1,0.653058104606119,New Orleans Pelicans,Charlotte Hornets
858450,2022,0,1,0.5008092631390999,Brooklyn Nets,Cleveland Cavaliers
858451,2022,1,1,0.5546762812600317,Los Angeles Lakers,Oklahoma City Thunder
858453,2022,1,1,0.6819727320857921,Toronto Raptors,Detroit Pistons
858454,2022,1,0,0.4681120612207193,Golden State Warriors,Philadelphia 76ers
858458,2022,0,0,0.44272008351256525,Utah Jazz,Milwaukee Bucks
858456,2022,1,1,0.7417459533896584,Memphis Grizzlies,Houston Rockets
858452,2022,0,1,0.5145630549291876,Portland Trail Blazers,Chicago Bulls
858455,2022,0,1,0.6511672729630179,Dallas Mavericks,Charlotte Hornets
858459,2022,1,1,0.6285132865200201,Washington Wizards,San Antonio Spurs
858460,2022,1,1,0.6444339183735036,Sacramento Kings,Phoenix Suns
858457,2022,1,1,0.7029954151096852,Boston Celtics,Indiana Pacers
858461,2022,1,1,0.5835893174813912,Atlanta Hawks,Indiana Pacers
858464,2022,0,1,0.576383508898757,LA Clippers,New Orleans Pelicans
858463,2022,1,1,0.5614063613503941,Denver Nuggets,Milwaukee Bucks
858466,2022,0,1,0.6338077590743082,Miami Heat,Brooklyn Nets
858462,2022,1,0,0.48755523645226917,Phoenix Suns,Philadelphia 76ers
858465,2022,1,1,0.6468025391033102,Sacramento Kings,Utah Jazz
858472,2022,1,1,0.7582345634678496,Cleveland Cavaliers,Houston Rockets
858468,2022,1,1,0.7833487419506197,Boston Celtics,San Antonio Spurs
858470,2022,0,1,0.5448959654001695,Los Angeles Lakers,Chicago Bulls
858469,2022,1,1,0.5274530359331517,Orlando Magic,Brooklyn Nets
858473,2022,1,1,0.606322433798784,Toronto Raptors,Washington Wizards
858471,2022,1,0,0.45597357603551864,Charlotte Hornets,Dallas Mavericks
858475,2022,0,1,0.5247040611051463,Portland Trail Blazers,Oklahoma City Thunder
858474,2022,0,0,0.4674129765847401,Atlanta Hawks,Memphis Grizzlies
858467,2022,0,1,0.5884463673425193,Golden State Warriors,Minnesota Timberwolves
858481,2022,0,0,0.47643387757893707,Portland Trail Blazers,New Orleans Pelicans
858480,2022,0,1,0.5399135827147244,Utah Jazz,Phoenix Suns
858479,2022,1,1,0.7283172785076316,New York Knicks,Houston Rockets
858476,2022,0,0,0.2796610568732579,Detroit Pistons,Milwaukee Bucks
858477,2022,1,1,0.6334529196725878,Denver Nuggets,Philadelphia 76ers
858478,2022,0,1,0.6221331948181184,Sacramento Kings,Minnesota Timberwolves
858482,2022,1,1,0.5468979193600925,LA Clippers,Chicago Bulls
858483,2022,0,1,0.5477683981371891,Indiana Pacers,Dallas Mavericks
858488,2022,0,1,0.61609454669012,Oklahoma City Thunder,Charlotte Hornets
858487,2022,1,0,0.4079581073580188,Washington Wizards,Boston Celtics
858489,2022,1,1,0.6638217074214728,Memphis Grizzlies,Orlando Magic
858486,2022,1,1,0.5234790517999106,Golden State Warriors,New Orleans Pelicans
858485,2022,1,1,0.5394579930464565,Toronto Raptors,Miami Heat
858484,2022,1,0,0.4737948080512047,Atlanta Hawks,Cleveland Cavaliers
858499,2022,0,0,0.43175468921694393,San Antonio Spurs,Utah Jazz
858494,2022,0,0,0.3944625578661331,Indiana Pacers,Milwaukee Bucks
858491,2022,0,0,0.4734116622084276,Portland Trail Blazers,Sacramento Kings
858498,2022,1,1,0.7085093081875201,Brooklyn Nets,Houston Rockets
858492,2022,1,1,0.6764636679064863,Philadelphia 76ers,Dallas Mavericks
858493,2022,0,1,0.6497726203720651,Memphis Grizzlies,LA Clippers
858495,2022,1,1,0.697697694200547,Oklahoma City Thunder,Detroit Pistons
858496,2022,0,1,0.5461185859908418,Chicago Bulls,Los Angeles Lakers
858490,2022,1,1,0.5453344584415242,Phoenix Suns,Minnesota Timberwolves
858497,2022,1,1,0.5994535466442252,New York Knicks,Miami Heat
858501,2022,0,1,0.6364146602629938,Milwaukee Bucks,Boston Celtics
858500,2022,0,1,0.6572752126272463,Denver Nuggets,New Orleans Pelicans
858513,2022,0,0,0.4482642408671091,Portland Trail Blazers,Sacramento Kings
858507,2022,1,1,0.5284842449495102,Houston Rockets,Detroit Pistons
858506,2022,1,1,0.7208813438671808,Boston Celtics,Utah Jazz
858504,2022,0,1,0.634231501909796,Cleveland Cavaliers,New York Knicks
858511,2022,0,1,0.5443764349015034,Washington Wizards,Orlando Magic
858514,2022,1,0,0.49697053591090246,Phoenix Suns,Denver Nuggets
858512,2022,1,1,0.7173832742665832,Golden State Warriors,San Antonio Spurs
858508,2022,1,1,0.5736121143027825,Brooklyn Nets,Atlanta Hawks
858510,2022,0,0,0.4889363133558213,Charlotte Hornets,Chicago Bulls
858503,2022,0,1,0.5494895735827043,Minnesota Timberwolves,Los Angeles Lakers
858505,2022,1,1,0.6469108827838006,Philadelphia 76ers,Toronto Raptors
858502,2022,1,1,0.6349109134980981,Memphis Grizzlies,LA Clippers
858509,2022,1,1,0.5156351120679162,Indiana Pacers,Oklahoma City Thunder
858515,2022,1,1,0.5591201215526677,New Orleans Pelicans,LA Clippers
858516,2022,1,1,0.6062142342772302,Miami Heat,Dallas Mavericks
858521,2022,1,1,0.6447515030039302,New York Knicks,Washington Wizards
858519,2022,1,1,0.6347007354809392,Brooklyn Nets,Utah Jazz
858520,2022,0,0,0.4507043450784368,Charlotte Hornets,Toronto Raptors
858527,2022,1,1,0.6864491975417611,Cleveland Cavaliers,Indiana Pacers
858523,2022,0,1,0.6439108892406552,Minnesota Timberwolves,Portland Trail Blazers
858522,2022,0,1,0.502925147257089,Oklahoma City Thunder,Phoenix Suns
858525,2022,0,1,0.7638029043063571,Sacramento Kings,San Antonio Spurs
858524,2022,1,1,0.5922239692725563,Atlanta Hawks,Dallas Mavericks
858528,2022,1,1,0.6489078291497937,Milwaukee Bucks,Philadelphia 76ers
858518,2022,0,0,0.35505188546196403,Houston Rockets,Los Angeles Lakers
858526,2022,1,1,0.6812264486503008,Orlando Magic,Detroit Pistons
858529,2022,1,1,0.630031501461522,Denver Nuggets,Golden State Warriors
858517,2022,1,0,0.471915754755564,Chicago Bulls,Memphis Grizzlies
858531,2022,0,0,0.4769434735672962,Orlando Magic,Cleveland Cavaliers
858539,2022,0,0,0.4232867146654028,Washington Wizards,Milwaukee Bucks
858535,2022,1,1,0.554830807389412,Philadelphia 76ers,Boston Celtics
858537,2022,0,1,0.5338481420914583,New Orleans Pelicans,Sacramento Kings
858530,2022,1,0,0.3157865819541558,Houston Rockets,Denver Nuggets
858540,2022,0,0,0.4904599828469442,Utah Jazz,Los Angeles Lakers
858542,2022,1,1,0.7229950881893884,Phoenix Suns,San Antonio Spurs
858541,2022,1,1,0.5948745654250611,Golden State Warriors,Oklahoma City Thunder
858532,2022,0,0,0.353654293982955,Detroit Pistons,Miami Heat
858534,2022,0,1,0.5482140394672599,Chicago Bulls,Atlanta Hawks
858536,2022,0,1,0.6182544586030551,Brooklyn Nets,Minnesota Timberwolves
858533,2022,0,0,0.4262138778154947,Charlotte Hornets,Toronto Raptors
858538,2022,1,1,0.6977824879777397,Memphis Grizzlies,Portland Trail Blazers
858546,2022,1,1,0.5096650287862806,New Orleans Pelicans,Memphis Grizzlies
858547,2022,0,0,0.4436323436098436,Indiana Pacers,New York Knicks
858543,2022,0,0,0.32805001821354957,Detroit Pistons,Brooklyn Nets
858548,2022,1,0,0.47803952887170736,Dallas Mavericks,Sacramento Kings
858550,2022,1,1,0.7202462375031128,Milwaukee Bucks,Chicago Bulls
858544,2022,1,1,0.6242472151784231,Atlanta Hawks,Washington Wizards
858545,2022,1,1,0.6496304357458229,Boston Celtics,Toronto Raptors
858549,2022,1,1,0.5338078108182376,LA Clippers,Los Angeles Lakers
858553,2022,1,0,0.4502305940858529,San Antonio Spurs,Portland Trail Blazers
858551,2022,0,1,0.5597879635826848,Utah Jazz,Oklahoma City Thunder
858554,2022,0,0,0.46325362894809274,Orlando Magic,Cleveland Cavaliers
858555,2022,0,1,0.6613566500201095,Philadelphia 76ers,Miami Heat
858552,2022,1,1,0.5687436424274388,Phoenix Suns,Denver Nuggets
858558,2022,0,1,0.5154181200214509,Atlanta Hawks,Philadelphia 76ers
858565,2022,0,1,0.6597849932762254,Indiana Pacers,Detroit Pistons
858566,2022,1,1,0.5098779206274507,Los Angeles Lakers,Phoenix Suns
858556,2022,0,1,0.6754544738977496,Milwaukee Bucks,Memphis Grizzlies
858557,2022,1,0,0.4919384023676552,New Orleans Pelicans,New York Knicks
858559,2022,0,1,0.5610504183266127,Dallas Mavericks,Chicago Bulls
858564,2022,1,1,0.6421216945559889,Brooklyn Nets,Orlando Magic
858563,2022,0,1,0.6104543160802967,Sacramento Kings,Golden State Warriors
858561,2022,1,0,0.47676537619096854,Washington Wizards,Miami Heat
858560,2022,1,1,0.6717176944907265,Boston Celtics,Toronto Raptors
858562,2022,0,1,0.550024791357417,Charlotte Hornets,Houston Rockets
858567,2022,1,0,0.4889687232127563,Utah Jazz,Denver Nuggets
858569,2022,1,1,0.6419546273418348,LA Clippers,Portland Trail Blazers
858568,2022,0,0,0.41402274907404857,San Antonio Spurs,Minnesota Timberwolves
858570,2022,0,1,0.7306135939169506,Cleveland Cavaliers,Charlotte Hornets
858571,2022,0,1,0.6292987794398919,Dallas Mavericks,San Antonio Spurs
858577,2022,0,1,0.5417376487696813,Brooklyn Nets,Philadelphia 76ers
858573,2022,1,0,0.4612606969806218,Toronto Raptors,Milwaukee Bucks
858579,2022,0,1,0.6791882184703951,New York Knicks,Indiana Pacers
858578,2022,1,1,0.5256612639107847,Minnesota Timberwolves,New Orleans Pelicans
858575,2022,1,1,0.6862131646344887,Chicago Bulls,Detroit Pistons
858576,2022,0,1,0.5876168870766155,Washington Wizards,Houston Rockets
858582,2022,0,0,0.44839620062424607,Portland Trail Blazers,Golden State Warriors
858572,2022,1,1,0.6246890850880368,Miami Heat,Orlando Magic
858583,2022,1,1,0.6299450273991715,Los Angeles Lakers,Utah Jazz
858574,2022,1,1,0.6791293666431714,Boston Celtics,Atlanta Hawks
858584,2022,0,1,0.5884392748787172,Phoenix Suns,LA Clippers
858581,2022,1,1,0.6145688016164698,Denver Nuggets,Sacramento Kings
858580,2022,1,0,0.4864167673422039,Oklahoma City Thunder,Memphis Grizzlies
890551,2022,1,1,0.5756607999980964,Los Angeles Lakers,Minnesota Timberwolves
890550,2022,0,1,0.5879701684826265,Miami Heat,Atlanta Hawks
890553,2022,0,1,0.5880655879152575,New Orleans Pelicans,Oklahoma City Thunder
890552,2022,0,1,0.5611137801312507,Toronto Raptors,Chicago Bulls
894953,2022,1,1,0.5626417427212683,Minnesota Timberwolves,Oklahoma City Thunder
894221,2022,1,1,0.5780423888304981,Miami Heat,Chicago Bulls
891700,2022,1,1,0.684238214597276,Boston Celtics,Atlanta Hawks
890555,2022,0,1,0.6096336753537624,Cleveland Cavaliers,New York Knicks
890556,2022,1,1,0.5650567258330753,Sacramento Kings,Golden State Warriors
890554,2022,1,1,0.6407847600497188,Philadelphia 76ers,Brooklyn Nets
891774,2022,0,1,0.5987722264628159,Memphis Grizzlies,Los Angeles Lakers
907511,2022,1,1,0.6205846565813576,Denver Nuggets,Minnesota Timberwolves
890557,2022,0,1,0.5771963951984834,Phoenix Suns,LA Clippers
906726,2022,0,1,0.6739568386661329,Milwaukee Bucks,Miami Heat
892493,2022,1,1,0.670715847027262,Philadelphia 76ers,Brooklyn Nets
892494,2022,1,1,0.5978311399136477,Sacramento Kings,Golden State Warriors
892496,2022,1,1,0.6030777041948359,Cleveland Cavaliers,New York Knicks
892497,2022,1,1,0.5433139987003676,Phoenix Suns,LA Clippers
892495,2022,1,1,0.7048831133878735,Boston Celtics,Atlanta Hawks
892498,2022,1,1,0.5919879771327822,Memphis Grizzlies,Los Angeles Lakers
907520,2022,1,1,0.6435723904374697,Denver Nuggets,Minnesota Timberwolves
906734,2022,1,1,0.659763148382208,Milwaukee Bucks,Miami Heat
892501,2022,0,1,0.5919261249829469,LA Clippers,Phoenix Suns
892499,2022,0,0,0.4912696268245725,Brooklyn Nets,Philadelphia 76ers
892500,2022,1,1,0.5583017402996939,Golden State Warriors,Sacramento Kings
892503,2022,1,1,0.5523242700562399,New York Knicks,Cleveland Cavaliers
907527,2022,0,0,0.492185530811091,Minnesota Timberwolves,Denver Nuggets
892502,2022,1,0,0.4230717460137433,Atlanta Hawks,Boston Celtics
892505,2022,1,1,0.5610595600515607,Los Angeles Lakers,Memphis Grizzlies
892506,2022,0,1,0.577871285039314,LA Clippers,Phoenix Suns
906741,2022,1,1,0.5245081999062013,Miami Heat,Milwaukee Bucks
892504,2022,0,0,0.4578150379807053,Brooklyn Nets,Philadelphia 76ers
892509,2022,1,1,0.564555803544331,Golden State Warriors,Sacramento Kings
892507,2022,0,0,0.45751096561191146,Atlanta Hawks,Boston Celtics
892508,2022,1,1,0.5775973576763612,New York Knicks,Cleveland Cavaliers
907534,2022,1,0,0.4590309559890297,Minnesota Timberwolves,Denver Nuggets
906748,2022,1,1,0.5506424614272509,Miami Heat,Milwaukee Bucks
892511,2022,1,1,0.5673273392683803,Los Angeles Lakers,Memphis Grizzlies
892512,2022,0,1,0.7061151325156384,Boston Celtics,Atlanta Hawks
892513,2022,1,1,0.6069957731555837,Phoenix Suns,LA Clippers
907540,2022,1,1,0.678397768094453,Denver Nuggets,Minnesota Timberwolves
892514,2022,0,1,0.5796820239503367,Cleveland Cavaliers,New York Knicks
892516,2022,0,1,0.5904224578511079,Sacramento Kings,Golden State Warriors
906753,2022,0,1,0.6249609437747299,Milwaukee Bucks,Miami Heat
892515,2022,1,1,0.5760061264039679,Memphis Grizzlies,Los Angeles Lakers
892517,2022,0,0,0.47875998234392064,Atlanta Hawks,Boston Celtics
892521,2022,1,1,0.5596125514730108,Los Angeles Lakers,Memphis Grizzlies
892522,2022,0,1,0.5765730023197971,Golden State Warriors,Sacramento Kings
967800,2022,1,1,0.6230536464601728,Denver Nuggets,Phoenix Suns
892528,2022,0,1,0.5895506646448782,Sacramento Kings,Golden State Warriors
970431,2022,0,1,0.5847102287659921,New York Knicks,Miami Heat
972853,2022,0,1,0.5789923571548545,Boston Celtics,Philadelphia 76ers
967805,2022,1,1,0.6277577934124501,Denver Nuggets,Phoenix Suns
981609,2022,0,1,0.578263111409037,Golden State Warriors,Los Angeles Lakers
970433,2022,1,1,0.5704817064692365,New York Knicks,Miami Heat
972856,2022,1,1,0.5644649545611541,Boston Celtics,Philadelphia 76ers
981611,2022,1,1,0.5449768716117507,Golden State Warriors,Los Angeles Lakers
967806,2022,1,1,0.5107051366677204,Phoenix Suns,Denver Nuggets
972857,2022,0,1,0.6052252553985825,Philadelphia 76ers,Boston Celtics
970435,2022,1,1,0.5484330339613328,Miami Heat,New York Knicks
981615,2022,1,1,0.5699063807889286,Los Angeles Lakers,Golden State Warriors
972860,2022,1,1,0.5912450041471979,Philadelphia 76ers,Boston Celtics
967807,2022,1,1,0.5363559106880014,Phoenix Suns,Denver Nuggets
970437,2022,1,1,0.5733658890254643,Miami Heat,New York Knicks
981619,2022,1,1,0.5943679612097565,Los Angeles Lakers,Golden State Warriors
967808,2022,1,1,0.6304728499527447,Denver Nuggets,Phoenix Suns
972863,2022,0,1,0.6143500531714443,Boston Celtics,Philadelphia 76ers
970439,2022,1,1,0.5557345853523002,New York Knicks,Miami Heat
981623,2022,1,1,0.5310197297977483,Golden State Warriors,Los Angeles Lakers
967809,2022,0,1,0.5285899355864732,Phoenix Suns,Denver Nuggets
972866,2022,0,1,0.6200720918860204,Philadelphia 76ers,Boston Celtics
981627,2022,1,1,0.5940438521852912,Los Angeles Lakers,Golden State Warriors
970441,2022,1,1,0.5842906633301371,Miami Heat,New York Knicks
972869,2022,1,1,0.6316828029813342,Boston Celtics,Philadelphia 76ers
1007815,2022,1,1,0.6397101548064086,Denver Nuggets,Los Angeles Lakers
1007816,2022,0,1,0.6528745347694314,Boston Celtics,Miami Heat
1007817,2022,1,1,0.6439242016062077,Denver Nuggets,Los Angeles Lakers
1007818,2022,0,1,0.6211135972667374,Boston Celtics,Miami Heat
1007819,2022,0,0,0.49286057498739083,Los Angeles Lakers,Denver Nuggets
1007820,2022,1,1,0.5658370077610922,Miami Heat,Boston Celtics
1007821,2022,0,0,0.460092630594923,Los Angeles Lakers,Denver Nuggets
1007822,2022,0,1,0.5712477123541868,Miami Heat,Boston Celtics
1007824,2022,1,1,0.6135465494508445,Boston Celtics,Miami Heat
1007826,2022,0,1,0.553174246912741,Miami Heat,Boston Celtics
1007828,2022,0,1,0.6652846627316347,Boston Celtics,Miami Heat
1011165,2022,1,1,0.6766595908354117,Denver Nuggets,Miami Heat
1011166,2022,0,1,0.6972174335372867,Denver Nuggets,Miami Heat
1011167,2022,0,1,0.5056001248376993,Miami Heat,Denver Nuggets
1011168,2022,0,1,0.5008531876744453,Miami Heat,Denver Nuggets
1011169,2022,1,1,0.6751152172006073,Denver Nuggets,Miami Heat
1037593,2023,1,1,0.6027727696713535,Denver Nuggets,Los Angeles Lakers
1037594,2023,0,1,0.5675936286361921,Golden State Warriors,Phoenix Suns
1037599,2023,0,1,0.5705293632836997,Brooklyn Nets,Cleveland Cavaliers
1037604,2023,0,1,0.578657908839494,Utah Jazz,Sacramento Kings
1037601,2023,1,1,0.5867440442746864,Toronto Raptors,Minnesota Timberwolves
1037606,2023,1,1,0.578657908839494,LA Clippers,Portland Trail Blazers
1037598,2023,1,1,0.5204439685311344,Orlando Magic,Houston Rockets
1037597,2023,0,1,0.548239054251238,New York Knicks,Boston Celtics
1037602,2023,0,1,0.5564615050734958,Chicago Bulls,Oklahoma City Thunder
1037600,2023,1,1,0.578657908839494,Miami Heat,Detroit Pistons
1037596,2023,1,1,0.5867440442746864,Indiana Pacers,Washington Wizards
1037595,2023,1,1,0.559414151743458,Charlotte Hornets,Atlanta Hawks
1037605,2023,0,1,0.5947836662664946,San Antonio Spurs,Dallas Mavericks
1037603,2023,0,1,0.5675936286361921,Memphis Grizzlies,New Orleans Pelicans
1037607,2023,1,1,0.559414151743458,Milwaukee Bucks,Philadelphia 76ers
1037608,2023,1,0,0.12484294398194501,Los Angeles Lakers,Phoenix Suns
1037609,2023,0,1,0.9187076763998111,Charlotte Hornets,Detroit Pistons
1037618,2023,0,0,0.14302570051161848,Portland Trail Blazers,Orlando Magic
1037616,2023,1,1,0.9243796912924993,Dallas Mavericks,Brooklyn Nets
1037611,2023,0,0,0.45426857159801004,Atlanta Hawks,New York Knicks
1037612,2023,1,1,0.7052677251953571,Boston Celtics,Miami Heat
1037615,2023,1,0,0.4157119154458494,San Antonio Spurs,Houston Rockets
1037613,2023,0,1,0.656793315833442,Cleveland Cavaliers,Oklahoma City Thunder
1037610,2023,0,0,0.11998487895156867,Memphis Grizzlies,Denver Nuggets
1037614,2023,1,0,0.1456543107689588,Chicago Bulls,Toronto Raptors
1037617,2023,1,0,0.14715034534502625,Utah Jazz,LA Clippers
1037619,2023,0,1,0.9187076763998111,Sacramento Kings,Golden State Warriors
1037623,2023,0,0,0.37018279352719774,Cleveland Cavaliers,Indiana Pacers
1037624,2023,0,1,0.7392853326599546,Toronto Raptors,Philadelphia 76ers
1037625,2023,1,0,0.27152264792764014,Minnesota Timberwolves,Miami Heat
1037622,2023,1,1,0.833338125777054,New Orleans Pelicans,New York Knicks
1037621,2023,1,0,0.4460376124836465,Washington Wizards,Memphis Grizzlies
1037626,2023,1,1,0.5675936286361921,Phoenix Suns,Utah Jazz
1037620,2023,1,1,0.548239054251238,Detroit Pistons,Chicago Bulls
1037632,2023,1,1,0.5867440442746864,Sacramento Kings,Los Angeles Lakers
1037631,2023,1,1,0.5399901826294299,LA Clippers,San Antonio Spurs
1037629,2023,0,1,0.9187076763998111,Milwaukee Bucks,Atlanta Hawks
1037627,2023,0,1,0.6540897379596685,Oklahoma City Thunder,Denver Nuggets
1037630,2023,1,1,0.7683861114862971,Philadelphia 76ers,Portland Trail Blazers
1037628,2023,0,0,0.2691612218440773,Houston Rockets,Golden State Warriors
1037637,2023,0,1,0.6823288179214957,Toronto Raptors,Portland Trail Blazers
1037639,2023,1,1,0.6396869219981801,Milwaukee Bucks,Miami Heat
1037635,2023,0,0,0.34183199644408313,Washington Wizards,Boston Celtics
1037640,2023,0,1,0.7814696871694635,New Orleans Pelicans,Golden State Warriors
1037642,2023,1,1,0.8735503812494968,Denver Nuggets,Utah Jazz
1037633,2023,0,1,0.7683861114862971,Charlotte Hornets,Brooklyn Nets
1037643,2023,1,0,0.2756468558404453,Los Angeles Lakers,Orlando Magic
1037638,2023,0,0,0.12852186524644954,Memphis Grizzlies,Dallas Mavericks
1037634,2023,0,1,0.8660193163580722,Indiana Pacers,Chicago Bulls
1037641,2023,1,1,0.5998403720622251,Oklahoma City Thunder,Detroit Pistons
1037636,2023,1,0,0.45941799282701423,Atlanta Hawks,Minnesota Timberwolves
1037645,2023,0,1,0.723822985737958,Phoenix Suns,San Antonio Spurs
1037644,2023,0,1,0.5151948515146911,Cleveland Cavaliers,New York Knicks
1037646,2023,1,1,0.6106455432124076,LA Clippers,Orlando Magic
1037658,2023,1,1,0.650710313968109,Golden State Warriors,Sacramento Kings
1037659,2023,1,0,0.4522582692263906,Los Angeles Lakers,LA Clippers
1037651,2023,0,0,0.4804891286190613,Miami Heat,Brooklyn Nets
1037652,2023,0,1,0.6760395789681032,New York Knicks,Cleveland Cavaliers
1037654,2023,1,0,0.3153124985256635,Houston Rockets,Charlotte Hornets
1037648,2023,1,0,0.3384871933716475,Toronto Raptors,Milwaukee Bucks
1037655,2023,1,0,0.23715367090522477,Minnesota Timberwolves,Denver Nuggets
1037647,2023,0,1,0.6760395789681032,Detroit Pistons,Portland Trail Blazers
1037657,2023,1,1,0.6257148502903358,Utah Jazz,Memphis Grizzlies
1037649,2023,1,1,0.6291983014303909,Atlanta Hawks,Washington Wizards
1037650,2023,1,1,0.7870956475968753,Boston Celtics,Indiana Pacers
1037653,2023,0,1,0.6683306659884265,Oklahoma City Thunder,New Orleans Pelicans
1037656,2023,1,1,0.833338125777054,Dallas Mavericks,Chicago Bulls
1037660,2023,1,1,0.7028296892815712,Philadelphia 76ers,Toronto Raptors
1037663,2023,0,1,0.548239054251238,Phoenix Suns,San Antonio Spurs
1037661,2023,1,1,0.7523950938586047,New Orleans Pelicans,Detroit Pistons
1037662,2023,0,1,0.5028010764344736,Utah Jazz,Orlando Magic
3277351,2023,1,0,0.4799778890191697,Miami Heat,Washington Wizards
3277355,2023,1,1,0.7187733534849465,Portland Trail Blazers,Memphis Grizzlies
3277349,2023,1,1,0.612857245286532,Indiana Pacers,Cleveland Cavaliers
3277350,2023,1,1,0.6049380323270758,Milwaukee Bucks,New York Knicks
3277353,2023,0,0,0.4867622832695316,Oklahoma City Thunder,Golden State Warriors
3277352,2023,0,1,0.5028010764344736,Chicago Bulls,Brooklyn Nets
3277354,2023,1,1,0.5483177121221253,Denver Nuggets,Dallas Mavericks
1037677,2023,1,1,0.6291983014303909,Minnesota Timberwolves,Utah Jazz
1037672,2023,0,1,0.7213643325343705,Indiana Pacers,Charlotte Hornets
1037675,2023,0,0,0.4107053579200462,Brooklyn Nets,Boston Celtics
1037673,2023,1,1,0.582636362154571,Orlando Magic,Los Angeles Lakers
1037674,2023,0,1,0.7085870266060688,New Orleans Pelicans,Atlanta Hawks
1037676,2023,1,0,0.40611512908259195,Houston Rockets,Sacramento Kings
1037678,2023,1,1,0.812256714984447,Denver Nuggets,Chicago Bulls
1037671,2023,1,1,0.7523950938586047,Philadelphia 76ers,Phoenix Suns
1037679,2023,0,1,0.5430270408596094,Detroit Pistons,Phoenix Suns
1037682,2023,1,1,0.7816145499803646,Dallas Mavericks,Charlotte Hornets
1037683,2023,0,1,0.7742515999383154,Portland Trail Blazers,Memphis Grizzlies
1037681,2023,1,0,0.27991883389837063,Cleveland Cavaliers,Golden State Warriors
1037680,2023,0,1,0.7112271171660817,San Antonio Spurs,Toronto Raptors
1037687,2023,1,1,0.8404618817743417,Philadelphia 76ers,Washington Wizards
1037692,2023,1,1,0.5412182269472183,Houston Rockets,Sacramento Kings
1037685,2023,1,1,0.548239054251238,Indiana Pacers,San Antonio Spurs
1037693,2023,1,0,0.3918525210781111,Minnesota Timberwolves,Boston Celtics
1037694,2023,1,0,0.4646434763394634,Oklahoma City Thunder,Atlanta Hawks
1037686,2023,0,1,0.5173877961917476,Orlando Magic,Dallas Mavericks
1037690,2023,1,0,0.4024634843109234,New York Knicks,LA Clippers
1037695,2023,1,1,0.7180652236227968,Denver Nuggets,New Orleans Pelicans
1037684,2023,0,0,0.3084864394570642,Detroit Pistons,Golden State Warriors
1037691,2023,1,1,0.5220922161338339,Chicago Bulls,Utah Jazz
1037688,2023,0,1,0.51818445225458,Brooklyn Nets,Milwaukee Bucks
1037689,2023,1,0,0.43182166066209293,Miami Heat,Los Angeles Lakers
1037698,2023,1,1,0.638951281899401,Philadelphia 76ers,Boston Celtics
1037706,2023,1,1,0.638389751372932,Oklahoma City Thunder,Cleveland Cavaliers
1037702,2023,1,1,0.6023642881341128,Houston Rockets,Los Angeles Lakers
1037699,2023,1,1,0.5297109514360023,Brooklyn Nets,LA Clippers
1037704,2023,1,1,0.7828058132198636,Milwaukee Bucks,Detroit Pistons
1037696,2023,0,1,0.5977307883752582,Charlotte Hornets,Washington Wizards
1037705,2023,1,1,0.6599889325914324,Minnesota Timberwolves,New Orleans Pelicans
1037700,2023,1,1,0.5487842851186889,New York Knicks,San Antonio Spurs
1037701,2023,0,1,0.5140029925880691,Chicago Bulls,Phoenix Suns
1037707,2023,0,1,0.7990129237987095,Dallas Mavericks,Toronto Raptors
1037703,2023,0,0,0.35830249193049385,Memphis Grizzlies,Miami Heat
1037697,2023,1,1,0.7154374992330035,Indiana Pacers,Utah Jazz
1037709,2023,1,0,0.4589944052820516,Sacramento Kings,Portland Trail Blazers
1037708,2023,1,1,0.6845175436256166,Denver Nuggets,Golden State Warriors
1037710,2023,1,1,0.5360082811494323,Indiana Pacers,Milwaukee Bucks
1037711,2023,0,1,0.5476937075585375,Orlando Magic,Atlanta Hawks
3277398,2023,0,1,0.5220922161338339,Washington Wizards,Charlotte Hornets
3277399,2023,1,1,0.6869173063720282,Boston Celtics,Brooklyn Nets
3277402,2023,0,0,0.36794081949506663,San Antonio Spurs,Minnesota Timberwolves
3277404,2023,0,1,0.6141034966358722,Phoenix Suns,Los Angeles Lakers
3277403,2023,1,1,0.744104970396555,Dallas Mavericks,LA Clippers
3277397,2023,0,0,0.21338957816089946,Detroit Pistons,Philadelphia 76ers
3277401,2023,0,0,0.44201998720962826,Memphis Grizzlies,Utah Jazz
3277405,2023,1,0,0.45380532346120445,Sacramento Kings,Oklahoma City Thunder
3277400,2023,1,1,0.6282837790570167,Houston Rockets,New Orleans Pelicans
1037722,2023,1,1,0.7065946556456661,Boston Celtics,Toronto Raptors
1037724,2023,0,1,0.7175974451113578,Golden State Warriors,Cleveland Cavaliers
1037723,2023,0,1,0.6424727638003807,Atlanta Hawks,Miami Heat
1037721,2023,1,1,0.5002509737880031,Orlando Magic,Milwaukee Bucks
1037732,2023,0,0,0.3921022556732442,San Antonio Spurs,Miami Heat
1037735,2023,1,1,0.5600103429994464,Los Angeles Lakers,Portland Trail Blazers
1037728,2023,1,1,0.718338702918785,Philadelphia 76ers,Indiana Pacers
1037734,2023,0,0,0.4780944642241516,Golden State Warriors,Minnesota Timberwolves
1037731,2023,0,0,0.39831184529386043,New Orleans Pelicans,Dallas Mavericks
1037725,2023,1,1,0.6219538000724054,New York Knicks,Charlotte Hornets
1037726,2023,1,1,0.6435307140712295,Brooklyn Nets,Washington Wizards
1037727,2023,0,1,0.6434294084331548,LA Clippers,Memphis Grizzlies
1037733,2023,0,1,0.5103864012412623,Phoenix Suns,Oklahoma City Thunder
1037730,2023,1,0,0.4854611860770123,Houston Rockets,Denver Nuggets
1037729,2023,1,1,0.6042374227075815,Chicago Bulls,Detroit Pistons
1037737,2023,1,1,0.660778784711121,Toronto Raptors,Washington Wizards
1037738,2023,1,1,0.6466273799681815,Milwaukee Bucks,Chicago Bulls
1037739,2023,1,1,0.5693348762188689,Sacramento Kings,Cleveland Cavaliers
1037736,2023,1,1,0.7038661517377592,Boston Celtics,New York Knicks
3277432,2023,1,1,0.8227015504880049,Denver Nuggets,LA Clippers
3277425,2023,0,0,0.36536010252502693,Charlotte Hornets,Miami Heat
3277431,2023,1,0,0.4934636144315422,Utah Jazz,Portland Trail Blazers
3277430,2023,1,0,0.33751239686866596,New Orleans Pelicans,Dallas Mavericks
3277426,2023,0,0,0.31249883366183173,Detroit Pistons,Atlanta Hawks
3277429,2023,1,1,0.737144749325917,Oklahoma City Thunder,San Antonio Spurs
3277433,2023,0,0,0.4240920861186438,Golden State Warriors,Minnesota Timberwolves
3277434,2023,1,1,0.675719766455604,Los Angeles Lakers,Memphis Grizzlies
3277427,2023,0,1,0.7601752157694583,Philadelphia 76ers,Indiana Pacers
3277428,2023,1,1,0.5269684382331904,Brooklyn Nets,Orlando Magic
1037756,2023,0,1,0.5645859615477797,Los Angeles Lakers,Sacramento Kings
1037755,2023,1,0,0.334840854854808,Phoenix Suns,Minnesota Timberwolves
1037752,2023,0,1,0.641169675009869,Philadelphia 76ers,Boston Celtics
1037754,2023,0,0,0.4791009731926069,Chicago Bulls,Orlando Magic
1037757,2023,0,0,0.4678338117247322,Portland Trail Blazers,Cleveland Cavaliers
1037751,2023,0,1,0.6195524113424344,Atlanta Hawks,New York Knicks
1037750,2023,0,0,0.2744218721062464,Washington Wizards,Dallas Mavericks
1037753,2023,0,1,0.51818445225458,Toronto Raptors,Milwaukee Bucks
1037758,2023,1,1,0.6408346594550197,Miami Heat,Brooklyn Nets
1037759,2023,0,0,0.4679844077166728,Golden State Warriors,Oklahoma City Thunder
3277452,2023,1,0,0.37124522670939464,New Orleans Pelicans,Denver Nuggets
3277445,2023,0,0,0.3609075858647628,Charlotte Hornets,Milwaukee Bucks
3277447,2023,0,0,0.4905063892343312,Atlanta Hawks,Philadelphia 76ers
3277448,2023,1,1,0.7020701020428023,Cleveland Cavaliers,Detroit Pistons
3277453,2023,0,0,0.4769895885664752,Utah Jazz,Phoenix Suns
3277446,2023,0,0,0.30616089314697115,Washington Wizards,New York Knicks
3277449,2023,0,0,0.38689847806563554,Toronto Raptors,Boston Celtics
3277450,2023,0,0,0.3321925661246659,San Antonio Spurs,Sacramento Kings
3277455,2023,1,0,0.3082474594448587,LA Clippers,Houston Rockets
3277454,2023,0,0,0.3856203059111147,Portland Trail Blazers,Los Angeles Lakers
3277451,2023,0,0,0.4420847002541269,Chicago Bulls,Orlando Magic
1037775,2023,0,1,0.5108931081515972,San Antonio Spurs,Memphis Grizzlies
1037772,2023,0,0,0.4415134075761762,New Orleans Pelicans,Minnesota Timberwolves
1037773,2023,1,0,0.3197315008753457,Chicago Bulls,Miami Heat
1037776,2023,0,0,0.4234823449849128,Golden State Warriors,Oklahoma City Thunder
1037774,2023,1,1,0.5686708865826317,Milwaukee Bucks,Dallas Mavericks
1037771,2023,0,0,0.3453921335325099,Charlotte Hornets,New York Knicks
1037781,2023,0,1,0.5893786876791057,Dallas Mavericks,Sacramento Kings
1037784,2023,0,0,0.2890998558717955,Portland Trail Blazers,Oklahoma City Thunder
1037778,2023,0,1,0.6194899047877833,Indiana Pacers,Orlando Magic
1037782,2023,0,0,0.24435086166102946,Memphis Grizzlies,Boston Celtics
1037777,2023,0,0,0.4605085939808487,Brooklyn Nets,Philadelphia 76ers
1037780,2023,1,1,0.6780593820062197,Toronto Raptors,Detroit Pistons
1037783,2023,0,0,0.4399986511573538,Utah Jazz,Phoenix Suns
1037779,2023,1,0,0.4605085939808487,Cleveland Cavaliers,Denver Nuggets
1037785,2023,1,1,0.5319227040654767,Los Angeles Lakers,Houston Rockets
1037787,2023,0,0,0.2645868037805762,Detroit Pistons,Denver Nuggets
1037789,2023,0,0,0.39286432121733605,Chicago Bulls,Miami Heat
1037786,2023,1,0,0.23469703521147647,Charlotte Hornets,Boston Celtics
1037793,2023,1,0,0.46772423415095343,Golden State Warriors,Houston Rockets
1037788,2023,0,0,0.24654537894979064,Washington Wizards,Milwaukee Bucks
1037790,2023,1,1,0.6583462241315369,Minnesota Timberwolves,New York Knicks
1037791,2023,1,0,0.42056230521430765,New Orleans Pelicans,Sacramento Kings
1037792,2023,0,0,0.4481424538967264,San Antonio Spurs,LA Clippers
3277483,2023,1,1,0.6944695170410389,Los Angeles Lakers,Utah Jazz
3277481,2023,0,1,0.6881176139983192,Philadelphia 76ers,Cleveland Cavaliers
3277482,2023,1,1,0.7265745587510137,Phoenix Suns,Portland Trail Blazers
3277480,2023,0,1,0.5162914022819391,Atlanta Hawks,Indiana Pacers
3277479,2023,1,1,0.6679131635923922,Orlando Magic,Toronto Raptors
1037800,2023,1,1,0.5941333370091438,Orlando Magic,Denver Nuggets
1037807,2023,1,0,0.492647847243908,New Orleans Pelicans,Sacramento Kings
1037804,2023,0,1,0.6717895524071531,Indiana Pacers,Toronto Raptors
1037806,2023,1,1,0.6705572138119886,Minnesota Timberwolves,Philadelphia 76ers
1037805,2023,1,1,0.6652485434832516,Houston Rockets,Memphis Grizzlies
1037809,2023,0,0,0.39858965641312866,San Antonio Spurs,LA Clippers
1037803,2023,0,1,0.536891788525224,Cleveland Cavaliers,Miami Heat
1037812,2023,0,1,0.5937099320269927,Los Angeles Lakers,Dallas Mavericks
1037802,2023,1,1,0.626739935638412,Boston Celtics,Milwaukee Bucks
1037810,2023,1,1,0.6580667198467002,Phoenix Suns,Golden State Warriors
1037811,2023,1,0,0.4477857093090769,Portland Trail Blazers,Utah Jazz
1037799,2023,1,1,0.6052451949801212,Charlotte Hornets,Washington Wizards
1037808,2023,1,1,0.7800502560067547,Oklahoma City Thunder,Chicago Bulls
1037801,2023,1,1,0.5492673488340091,Atlanta Hawks,Brooklyn Nets
3277505,2023,0,1,0.7099789234364673,Minnesota Timberwolves,Sacramento Kings
3277500,2023,1,1,0.5194660710735841,New York Knicks,Miami Heat
3277504,2023,1,1,0.8146321715725419,Milwaukee Bucks,Washington Wizards
3277499,2023,0,0,0.29677706593028386,Memphis Grizzlies,Phoenix Suns
3277503,2023,1,1,0.5288733609306165,Houston Rockets,Denver Nuggets
3277507,2023,0,0,0.49916564931249646,LA Clippers,New Orleans Pelicans
3277502,2023,1,1,0.7649730423164928,Indiana Pacers,Detroit Pistons
3277506,2023,1,1,0.6670463731720195,Golden State Warriors,San Antonio Spurs
3277501,2023,1,1,0.6346940683213316,Toronto Raptors,Chicago Bulls
3277498,2023,1,1,0.546722625058341,Orlando Magic,Boston Celtics
1037824,2023,1,0,0.45380532346120445,Brooklyn Nets,Miami Heat
1037825,2023,0,0,0.32063238921142656,Washington Wizards,Atlanta Hawks
1037828,2023,1,0,0.46561556321540226,LA Clippers,Dallas Mavericks
1037823,2023,0,1,0.673417360132962,Oklahoma City Thunder,Philadelphia 76ers
1037827,2023,1,0,0.34908314018009884,Utah Jazz,New Orleans Pelicans
1037826,2023,0,1,0.5623577726687754,Cleveland Cavaliers,Los Angeles Lakers
1037833,2023,0,0,0.27256686525791013,Memphis Grizzlies,Minnesota Timberwolves
1037835,2023,1,1,0.5564615050734958,Cleveland Cavaliers,Toronto Raptors
1037829,2023,1,1,0.7799771373956031,Milwaukee Bucks,Portland Trail Blazers
1037834,2023,1,1,0.6412341537786956,Brooklyn Nets,Chicago Bulls
1037832,2023,1,1,0.7466706859574448,Orlando Magic,Charlotte Hornets
1037830,2023,1,1,0.7121882998880325,Boston Celtics,Atlanta Hawks
1037831,2023,0,1,0.5427420210669208,New York Knicks,Phoenix Suns
1037836,2023,1,1,0.769089703234856,Denver Nuggets,San Antonio Spurs
1037840,2023,1,0,0.40755786066920535,Utah Jazz,New Orleans Pelicans
1037837,2023,0,0,0.490506882860962,Detroit Pistons,Washington Wizards
1037838,2023,0,1,0.7368617798693426,Indiana Pacers,Portland Trail Blazers
1037839,2023,1,1,0.6228064983072443,Philadelphia 76ers,Los Angeles Lakers
1037841,2023,0,1,0.5062672870605227,LA Clippers,Denver Nuggets
3277532,2023,1,1,0.6329385431635695,Minnesota Timberwolves,Oklahoma City Thunder
3277531,2023,1,1,0.6737194899628682,New York Knicks,Charlotte Hornets
3277534,2023,1,1,0.6482686277098427,Sacramento Kings,Golden State Warriors
3277533,2023,1,1,0.6196477036837441,Dallas Mavericks,Houston Rockets
3277528,2023,1,1,0.5594339701992848,Brooklyn Nets,Toronto Raptors
3277527,2023,1,1,0.8047958011887066,Boston Celtics,Chicago Bulls
3277530,2023,0,1,0.5070188404300519,Miami Heat,Milwaukee Bucks
3277529,2023,1,1,0.5943581248158759,Cleveland Cavaliers,Atlanta Hawks
1037855,2023,1,1,0.665671663595326,Denver Nuggets,Houston Rockets
1037851,2023,1,1,0.8154285528843771,Orlando Magic,Washington Wizards
1037850,2023,0,0,0.2777110977911309,Detroit Pistons,Los Angeles Lakers
1037852,2023,1,0,0.4170614613589837,Toronto Raptors,Phoenix Suns
1037856,2023,0,1,0.6568154944085542,Sacramento Kings,LA Clippers
1037853,2023,1,0,0.4134329706234676,Memphis Grizzlies,Utah Jazz
1037854,2023,1,0,0.4774316021858289,New Orleans Pelicans,Philadelphia 76ers
1037863,2023,1,1,0.6198193893670864,Oklahoma City Thunder,Los Angeles Lakers
1037864,2023,0,0,0.35593696645877343,San Antonio Spurs,Atlanta Hawks
1037861,2023,1,0,0.28668874456834675,Chicago Bulls,Milwaukee Bucks
1037862,2023,1,1,0.7834246187883366,Minnesota Timberwolves,Utah Jazz
1037858,2023,0,1,0.6616918738343301,Brooklyn Nets,Charlotte Hornets
1037857,2023,0,1,0.6829478009521679,Cleveland Cavaliers,Portland Trail Blazers
1037860,2023,1,1,0.7843951017614349,New York Knicks,Detroit Pistons
1037865,2023,1,1,0.5234718792260052,Golden State Warriors,LA Clippers
1037859,2023,1,1,0.5794878477115484,Miami Heat,Indiana Pacers
1037869,2023,0,1,0.7580219476147083,Dallas Mavericks,Memphis Grizzlies
1037868,2023,0,0,0.4967533070793477,Toronto Raptors,New York Knicks
1037866,2023,1,1,0.8239583909911626,Orlando Magic,Washington Wizards
1037870,2023,1,1,0.7396937713529866,New Orleans Pelicans,San Antonio Spurs
1037867,2023,1,1,0.6841908596478318,Boston Celtics,Philadelphia 76ers
1037871,2023,0,1,0.566140467410982,Phoenix Suns,Denver Nuggets
1037877,2023,1,0,0.39212476864479323,Chicago Bulls,New Orleans Pelicans
1037876,2023,0,1,0.6065076545925282,Miami Heat,Indiana Pacers
1037875,2023,0,0,0.2963746126196916,Detroit Pistons,Cleveland Cavaliers
1037880,2023,1,1,0.7013085102654985,Phoenix Suns,Memphis Grizzlies
1037882,2023,1,1,0.5092835800020017,Sacramento Kings,Denver Nuggets
1037883,2023,1,1,0.5992779905533171,Los Angeles Lakers,Houston Rockets
1037878,2023,1,1,0.66980424076911,Milwaukee Bucks,Atlanta Hawks
1037874,2023,1,0,0.4267827400544272,Brooklyn Nets,Orlando Magic
1037873,2023,0,0,0.3400327185265437,Charlotte Hornets,Minnesota Timberwolves
1037872,2023,1,1,0.5222820886484435,LA Clippers,Golden State Warriors
1037881,2023,1,0,0.4924533272860446,Utah Jazz,Portland Trail Blazers
1037879,2023,0,1,0.5564177949745356,Dallas Mavericks,Oklahoma City Thunder
7045522,2023,0,1,0.6360904005899595,Sacramento Kings,New Orleans Pelicans
7045521,2023,1,0,0.4536509088343055,Indiana Pacers,Boston Celtics
7045524,2023,1,1,0.5644103578286286,Los Angeles Lakers,Phoenix Suns
7045523,2023,1,1,0.6225930491420973,Milwaukee Bucks,New York Knicks
7049320,2023,1,0,0.4583660297147654,Houston Rockets,Oklahoma City Thunder
7049322,2023,1,1,0.5858668141385316,Golden State Warriors,Portland Trail Blazers
7049315,2023,0,1,0.5357096113292765,Toronto Raptors,Miami Heat
7049314,2023,0,0,0.38391295270709536,Detroit Pistons,Memphis Grizzlies
7049313,2023,1,0,0.49266615403535086,Cleveland Cavaliers,Orlando Magic
7049321,2023,1,1,0.6526133123686628,Dallas Mavericks,Utah Jazz
7049323,2023,1,0,0.45585318162833893,LA Clippers,Denver Nuggets
7049318,2023,1,1,0.855394622270503,Minnesota Timberwolves,San Antonio Spurs
7049317,2023,0,1,0.5014744833616133,Atlanta Hawks,Brooklyn Nets
7049319,2023,1,1,0.5234959977332084,Chicago Bulls,Charlotte Hornets
7049316,2023,0,0,0.2981263654308227,Washington Wizards,Philadelphia 76ers
7996352,2023,1,1,0.5972252299505484,Los Angeles Lakers,New Orleans Pelicans
7981414,2023,0,1,0.6676084957725787,Milwaukee Bucks,Indiana Pacers
7050289,2023,0,0,0.35989569979214453,San Antonio Spurs,Chicago Bulls
7050287,2023,0,0,0.2861919579521791,Memphis Grizzlies,Minnesota Timberwolves
7996365,2023,0,1,0.5642075378575159,Phoenix Suns,Sacramento Kings
7050291,2023,0,0,0.4399986511573538,Utah Jazz,LA Clippers
7050284,2023,1,1,0.7009973422836622,Philadelphia 76ers,Atlanta Hawks
7050286,2023,0,1,0.5476937075585375,Miami Heat,Cleveland Cavaliers
7050288,2023,1,1,0.6505570091060782,Oklahoma City Thunder,Golden State Warriors
7981426,2023,1,1,0.6736760144625348,Boston Celtics,New York Knicks
7050283,2023,1,1,0.8206111372153339,Orlando Magic,Detroit Pistons
7050290,2023,0,1,0.6594804472096073,Denver Nuggets,Houston Rockets
7050285,2023,1,1,0.7477412739555901,Brooklyn Nets,Washington Wizards
7050292,2023,0,0,0.40042981122509635,Portland Trail Blazers,Dallas Mavericks
7050282,2023,1,0,0.4867058998356853,Charlotte Hornets,Toronto Raptors
8258317,2023,1,1,0.5961724071858032,Los Angeles Lakers,Indiana Pacers
1037893,2023,1,0,0.4133223311699372,New Orleans Pelicans,Minnesota Timberwolves
1037891,2023,0,0,0.37390394295168355,Memphis Grizzlies,Dallas Mavericks
1037884,2023,0,0,0.4528323973568899,Charlotte Hornets,Miami Heat
1037889,2023,1,1,0.6704292804800877,New York Knicks,Toronto Raptors
1037890,2023,1,1,0.7403521044319835,Houston Rockets,San Antonio Spurs
1037892,2023,1,1,0.687834908863276,Milwaukee Bucks,Chicago Bulls
1037896,2023,1,1,0.674969187981142,LA Clippers,Portland Trail Blazers
1037886,2023,1,1,0.6183471354080947,Orlando Magic,Cleveland Cavaliers
1037895,2023,1,1,0.5742313332980347,Sacramento Kings,Brooklyn Nets
1037888,2023,0,0,0.4712903961347421,Atlanta Hawks,Denver Nuggets
1037887,2023,1,1,0.7971632149576336,Philadelphia 76ers,Washington Wizards
1037894,2023,1,1,0.7499942358522821,Oklahoma City Thunder,Utah Jazz
1037885,2023,0,0,0.2592179386316227,Detroit Pistons,Indiana Pacers
1037899,2023,0,0,0.45510906966900455,Chicago Bulls,Denver Nuggets
1037898,2023,1,1,0.5772421116550366,Dallas Mavericks,Los Angeles Lakers
1037901,2023,1,1,0.5486567798859179,LA Clippers,Sacramento Kings
1037900,2023,1,1,0.6052445458090046,Phoenix Suns,Golden State Warriors
1037897,2023,1,1,0.6990432231639635,Boston Celtics,Cleveland Cavaliers
1037910,2023,1,0,0.37987785658682244,Utah Jazz,New York Knicks
1037908,2023,0,0,0.2584635228410569,San Antonio Spurs,Los Angeles Lakers
1037907,2023,1,1,0.626825605006659,Milwaukee Bucks,Indiana Pacers
1037909,2023,0,1,0.5728891317729934,Phoenix Suns,Brooklyn Nets
1037905,2023,1,1,0.5433382568666304,Toronto Raptors,Atlanta Hawks
1037904,2023,1,1,0.675275644943451,Miami Heat,Charlotte Hornets
1037903,2023,0,0,0.29201258041406153,Washington Wizards,New Orleans Pelicans
1037902,2023,0,0,0.22611229650054449,Detroit Pistons,Philadelphia 76ers
1037906,2023,1,1,0.6869312984471221,Houston Rockets,Memphis Grizzlies
1037913,2023,0,1,0.5395153782567544,Dallas Mavericks,Minnesota Timberwolves
1037916,2023,1,1,0.5263196105617117,Sacramento Kings,Oklahoma City Thunder
1037917,2023,1,1,0.6552909366811304,LA Clippers,Golden State Warriors
1037914,2023,1,1,0.5938207992869702,Denver Nuggets,Brooklyn Nets
1037911,2023,1,1,0.7124377593596974,Boston Celtics,Cleveland Cavaliers
1037915,2023,0,0,0.47569816837160384,Portland Trail Blazers,Utah Jazz
1037912,2023,0,1,0.6592238141685869,Miami Heat,Chicago Bulls
1037922,2023,0,1,0.5856044769255282,Toronto Raptors,Atlanta Hawks
1037918,2023,0,0,0.39978301594425475,Charlotte Hornets,New Orleans Pelicans
1037925,2023,0,1,0.5696095238721121,Phoenix Suns,New York Knicks
1037921,2023,1,1,0.667260989429068,Boston Celtics,Orlando Magic
1037920,2023,1,0,0.28143142051739745,Washington Wizards,Indiana Pacers
1037919,2023,1,1,0.8385788218219298,Philadelphia 76ers,Detroit Pistons
1037923,2023,1,0,0.2510287104744797,San Antonio Spurs,Los Angeles Lakers
1037924,2023,0,0,0.3425510129322536,Memphis Grizzlies,Houston Rockets
1037934,2023,1,1,0.690930431848418,Sacramento Kings,Utah Jazz
1037930,2023,1,1,0.7333153825468203,Minnesota Timberwolves,Indiana Pacers
1037935,2023,1,1,0.6132036150827115,LA Clippers,New York Knicks
1037926,2023,1,1,0.8436846522572247,Milwaukee Bucks,Detroit Pistons
1037927,2023,0,0,0.30408624576458176,Charlotte Hornets,Philadelphia 76ers
1037928,2023,1,1,0.629729888786575,Cleveland Cavaliers,Atlanta Hawks
1037933,2023,0,0,0.3169714351045445,Portland Trail Blazers,Dallas Mavericks
1037932,2023,0,1,0.5971694084834702,Denver Nuggets,Oklahoma City Thunder
1037931,2023,1,0,0.4697259375407243,Golden State Warriors,Brooklyn Nets
1037929,2023,1,1,0.6366971157258952,Miami Heat,Chicago Bulls
1037936,2023,1,1,0.6990085581406728,Boston Celtics,Orlando Magic
1037940,2023,0,0,0.4123805475283055,Portland Trail Blazers,Golden State Warriors
1037939,2023,1,1,0.7074252561789122,Phoenix Suns,Washington Wizards
1037938,2023,1,1,0.6310918623217109,Milwaukee Bucks,Houston Rockets
1037937,2023,0,0,0.2877934170533048,San Antonio Spurs,New Orleans Pelicans
1037948,2023,1,1,0.5672870675045137,Denver Nuggets,Dallas Mavericks
1037950,2023,1,1,0.7801985902202517,Sacramento Kings,Washington Wizards
1037945,2023,0,0,0.47494124013005984,Miami Heat,Minnesota Timberwolves
1037949,2023,1,0,0.4600716647460046,Utah Jazz,Brooklyn Nets
1037946,2023,1,1,0.5932349717579142,Toronto Raptors,Charlotte Hornets
1037943,2023,0,1,0.7586567729406731,Philadelphia 76ers,Chicago Bulls
1037942,2023,0,0,0.4753857766851518,Indiana Pacers,LA Clippers
1037947,2023,1,1,0.7691665732429829,Oklahoma City Thunder,Memphis Grizzlies
1037951,2023,0,1,0.6116808885408326,Los Angeles Lakers,New York Knicks
1037944,2023,1,1,0.6871083513930945,Atlanta Hawks,Detroit Pistons
1037941,2023,1,1,0.5287021146149743,Cleveland Cavaliers,Houston Rockets
1037952,2023,0,1,0.7572278517517098,New Orleans Pelicans,Memphis Grizzlies
1037953,2023,1,1,0.8238580020926176,Milwaukee Bucks,San Antonio Spurs
1037955,2023,1,0,0.37007615813915706,Portland Trail Blazers,Phoenix Suns
1037954,2023,1,0,0.3714837340163911,Golden State Warriors,Boston Celtics
1037956,2023,1,1,0.6313826243759897,Cleveland Cavaliers,Utah Jazz
1037958,2023,0,1,0.6161286246392468,Orlando Magic,Miami Heat
1037962,2023,1,0,0.4706692760866894,Chicago Bulls,Los Angeles Lakers
1037957,2023,1,1,0.6758234775551392,Indiana Pacers,Charlotte Hornets
1037965,2023,0,1,0.5329581613280255,Sacramento Kings,Boston Celtics
1037959,2023,1,1,0.5550418048741276,Philadelphia 76ers,Minnesota Timberwolves
1037963,2023,0,1,0.630059360650573,Houston Rockets,Atlanta Hawks
1037964,2023,0,1,0.5481185290576802,Dallas Mavericks,LA Clippers
1037961,2023,0,0,0.424182207110649,Toronto Raptors,Denver Nuggets
1037960,2023,0,1,0.5104505108067058,Brooklyn Nets,New York Knicks
1037970,2023,1,1,0.694660734755474,Milwaukee Bucks,Orlando Magic
1037966,2023,0,0,0.31780971805218944,Detroit Pistons,Utah Jazz
1037967,2023,0,1,0.5559180441311045,Cleveland Cavaliers,New Orleans Pelicans
1037973,2023,0,1,0.5618234782740542,Portland Trail Blazers,Washington Wizards
1037969,2023,1,0,0.42233672777729936,Memphis Grizzlies,Indiana Pacers
1037971,2023,1,1,0.5921651152923194,Oklahoma City Thunder,LA Clippers
1037968,2023,1,1,0.6664441411949573,Chicago Bulls,San Antonio Spurs
1037972,2023,1,1,0.7323049100088197,Minnesota Timberwolves,Los Angeles Lakers
1037977,2023,1,1,0.5452692266465237,Houston Rockets,Dallas Mavericks
1037975,2023,0,0,0.44880147987414415,Brooklyn Nets,Denver Nuggets
1037976,2023,1,1,0.6221547587455338,Miami Heat,Atlanta Hawks
1037979,2023,1,1,0.6405454818352523,Sacramento Kings,Phoenix Suns
1037978,2023,1,1,0.6774207897541281,Golden State Warriors,Washington Wizards
1037974,2023,1,1,0.7335119647682483,Philadelphia 76ers,Toronto Raptors
1037991,2023,1,1,0.6873753548364242,Golden State Warriors,Portland Trail Blazers
1037987,2023,0,1,0.5249807444842131,Toronto Raptors,Utah Jazz
1037984,2023,0,1,0.6234366452591735,New Orleans Pelicans,Houston Rockets
1037986,2023,1,1,0.7169786604605054,Brooklyn Nets,Detroit Pistons
1037990,2023,1,1,0.7399256858829528,Dallas Mavericks,San Antonio Spurs
1037985,2023,0,1,0.6065364242166751,Atlanta Hawks,Memphis Grizzlies
1037992,2023,0,1,0.5229359833062154,Sacramento Kings,Minnesota Timberwolves
1037988,2023,0,1,0.501625131119175,Chicago Bulls,Cleveland Cavaliers
1037983,2023,0,1,0.5435477673693951,Indiana Pacers,Orlando Magic
1037982,2023,0,0,0.30786901098509667,Charlotte Hornets,Denver Nuggets
1037989,2023,0,1,0.7041816284456305,Oklahoma City Thunder,Los Angeles Lakers
1037980,2023,0,0,0.48157228054518897,New York Knicks,Milwaukee Bucks
1037981,2023,0,1,0.5082879619876949,LA Clippers,Boston Celtics
1037997,2023,0,1,0.5264723849629587,Phoenix Suns,Dallas Mavericks
1037993,2023,1,0,0.4645030259480807,New York Knicks,Milwaukee Bucks
1037996,2023,1,1,0.5107725151638456,Miami Heat,Philadelphia 76ers
1037994,2023,1,1,0.631653906205518,Denver Nuggets,Golden State Warriors
1037995,2023,0,0,0.442236047749894,Los Angeles Lakers,Boston Celtics
1038004,2023,0,0,0.350416565967724,San Antonio Spurs,Utah Jazz
1038000,2023,1,1,0.5566901796416484,Chicago Bulls,Atlanta Hawks
1038002,2023,0,1,0.6627964969428597,New Orleans Pelicans,Memphis Grizzlies
1038005,2023,1,0,0.34145158030889183,Portland Trail Blazers,Sacramento Kings
1038006,2023,1,1,0.7423008742878368,LA Clippers,Charlotte Hornets
1037998,2023,0,0,0.30709827668133033,Detroit Pistons,Brooklyn Nets
1038003,2023,1,1,0.5356726100711799,Oklahoma City Thunder,Minnesota Timberwolves
1037999,2023,0,0,0.342330740680822,Washington Wizards,Orlando Magic
1038001,2023,0,1,0.6276128267568518,Houston Rockets,Indiana Pacers
1038010,2023,0,1,0.6154396806792826,Houston Rockets,Phoenix Suns
1038008,2023,0,0,0.4130720390688675,Washington Wizards,Toronto Raptors
1038012,2023,0,1,0.5678823654434495,Dallas Mavericks,Cleveland Cavaliers
1038011,2023,1,1,0.6440646636544513,Oklahoma City Thunder,New York Knicks
1038009,2023,0,0,0.43921262361898084,Brooklyn Nets,Milwaukee Bucks
1038007,2023,0,1,0.5538424812160595,Orlando Magic,Philadelphia 76ers
1038015,2023,1,1,0.7017491136100016,Minnesota Timberwolves,Dallas Mavericks
1038018,2023,0,1,0.5068854157038095,Golden State Warriors,Miami Heat
1038020,2023,1,1,0.7031551304505078,Los Angeles Lakers,Charlotte Hornets
1038019,2023,0,1,0.5991958538500869,Portland Trail Blazers,San Antonio Spurs
1038014,2023,0,1,0.5437696782345833,Chicago Bulls,Indiana Pacers
1038013,2023,1,1,0.8729783297751582,Boston Celtics,Detroit Pistons
1038016,2023,1,1,0.5903750350824638,New Orleans Pelicans,Utah Jazz
1038017,2023,1,1,0.719693456016008,Denver Nuggets,Memphis Grizzlies
1038025,2023,0,1,0.5048129052194299,Cleveland Cavaliers,Milwaukee Bucks
1038021,2023,1,1,0.5870292975111105,Orlando Magic,New York Knicks
1038023,2023,0,0,0.46963947306994014,Atlanta Hawks,Sacramento Kings
1038024,2023,1,1,0.7816145499803646,Boston Celtics,Toronto Raptors
1038022,2023,1,0,0.353013049830082,Washington Wizards,Brooklyn Nets
1038030,2023,1,1,0.6605859278734211,LA Clippers,Memphis Grizzlies
1038027,2023,0,1,0.6074145835298368,Denver Nuggets,Oklahoma City Thunder
1038028,2023,1,1,0.695803098091693,Phoenix Suns,Charlotte Hornets
1038029,2023,1,1,0.5635011758451727,Portland Trail Blazers,San Antonio Spurs
1038026,2023,0,0,0.4826177347227399,Houston Rockets,Philadelphia 76ers
1038033,2023,1,1,0.5677870668852502,Indiana Pacers,New York Knicks
1038036,2023,0,1,0.5416402334837755,Golden State Warriors,Dallas Mavericks
1038032,2023,1,0,0.33671562429042856,Detroit Pistons,Toronto Raptors
1038034,2023,1,0,0.4079937600567066,Chicago Bulls,Philadelphia 76ers
1038031,2023,1,0,0.4328772497822376,Utah Jazz,Miami Heat
1038035,2023,1,1,0.7172449696977159,Minnesota Timberwolves,Los Angeles Lakers
1038040,2023,0,0,0.20551029146215258,San Antonio Spurs,Boston Celtics
1038041,2023,0,0,0.4227435042015276,Memphis Grizzlies,Sacramento Kings
1038039,2023,1,1,0.7126643927189412,Oklahoma City Thunder,Brooklyn Nets
1038042,2023,1,1,0.5154222131917525,Phoenix Suns,Orlando Magic
1038037,2023,0,0,0.43170628815047546,Washington Wizards,Atlanta Hawks
1038038,2023,1,1,0.5962237582241214,New Orleans Pelicans,Los Angeles Lakers
1038047,2023,1,1,0.7968293048604325,Denver Nuggets,Charlotte Hornets
1038048,2023,1,1,0.6703570861956211,Phoenix Suns,Portland Trail Blazers
1038045,2023,1,1,0.7263780563736691,Houston Rockets,Detroit Pistons
1038046,2023,0,1,0.7034995778465079,Milwaukee Bucks,Indiana Pacers
1038050,2023,1,1,0.5740532085039148,LA Clippers,Miami Heat
1038043,2023,1,0,0.4355985453419791,New York Knicks,Minnesota Timberwolves
1038049,2023,1,0,0.48644489325998175,Utah Jazz,Dallas Mavericks
1038044,2023,1,0,0.43486760513211936,Toronto Raptors,Cleveland Cavaliers
1038053,2023,1,1,0.6394360861470756,New Orleans Pelicans,Brooklyn Nets
1038055,2023,1,0,0.49190855666134675,Golden State Warriors,Orlando Magic
1038054,2023,1,1,0.5420584889789409,Oklahoma City Thunder,Boston Celtics
1038051,2023,1,1,0.6913618382776027,Philadelphia 76ers,Chicago Bulls
1038056,2023,0,1,0.7647908534319414,Sacramento Kings,Charlotte Hornets
1038052,2023,1,1,0.5965184788242798,Memphis Grizzlies,San Antonio Spurs
1038063,2023,0,1,0.6776474532995935,Minnesota Timberwolves,New Orleans Pelicans
1038057,2023,1,1,0.7212094952552723,Cleveland Cavaliers,Washington Wizards
1038065,2023,0,1,0.5463851764769037,Phoenix Suns,LA Clippers
1038068,2023,1,1,0.5986572768110671,Sacramento Kings,Orlando Magic
1038066,2023,1,1,0.7096690191951469,Utah Jazz,Detroit Pistons
1038062,2023,0,1,0.5001733922606233,Memphis Grizzlies,Toronto Raptors
1038059,2023,1,0,0.35935527055817257,Atlanta Hawks,Oklahoma City Thunder
1038058,2023,1,1,0.5071323321340314,Indiana Pacers,Milwaukee Bucks
1038061,2023,1,1,0.6185045429220087,Houston Rockets,Brooklyn Nets
1038064,2023,1,1,0.6818838303442937,Dallas Mavericks,Portland Trail Blazers
1038060,2023,1,1,0.6226079706664069,New York Knicks,Chicago Bulls
1038067,2023,0,1,0.5284992908195886,Los Angeles Lakers,Miami Heat
1038069,2023,0,0,0.2714386433883527,San Antonio Spurs,Milwaukee Bucks
1038070,2023,0,0,0.44756236078144,Golden State Warriors,Denver Nuggets
1038075,2023,0,1,0.6744646183144525,Philadelphia 76ers,New York Knicks
1038081,2023,1,1,0.5500478723342174,Phoenix Suns,Miami Heat
1038079,2023,1,1,0.6917790689079207,Dallas Mavericks,Portland Trail Blazers
1038080,2023,0,1,0.6971151870367374,Denver Nuggets,Orlando Magic
1038074,2023,1,1,0.7364013684449587,Cleveland Cavaliers,Washington Wizards
1038072,2023,1,1,0.6551913165754502,Indiana Pacers,Atlanta Hawks
1038078,2023,0,1,0.5578307970619171,New Orleans Pelicans,LA Clippers
1038071,2023,1,1,0.730762682509936,Boston Celtics,Utah Jazz
1038076,2023,1,1,0.6267425314401741,Chicago Bulls,Charlotte Hornets
1038082,2023,1,1,0.7057532197803266,Golden State Warriors,Detroit Pistons
1038077,2023,0,1,0.5008630328620205,Houston Rockets,Minnesota Timberwolves
1038084,2023,1,1,0.6546128017111099,Sacramento Kings,Toronto Raptors
1038083,2023,0,1,0.6431604214193605,Los Angeles Lakers,Memphis Grizzlies
1038073,2023,1,0,0.3914637170255751,Brooklyn Nets,Oklahoma City Thunder
1038085,2023,0,0,0.4870239112234402,Indiana Pacers,Boston Celtics
1038087,2023,0,1,0.6841027273084089,Philadelphia 76ers,Utah Jazz
1038088,2023,1,0,0.47576540151468305,Houston Rockets,Milwaukee Bucks
1038086,2023,0,0,0.3113946110721986,Washington Wizards,New York Knicks
1038094,2023,1,1,0.8145999708373558,Denver Nuggets,Detroit Pistons
1038095,2023,0,1,0.6665017511038327,Phoenix Suns,Memphis Grizzlies
1038096,2023,0,1,0.5959988909594529,Golden State Warriors,Toronto Raptors
1038091,2023,1,1,0.6443446671790862,Orlando Magic,Atlanta Hawks
1038092,2023,0,1,0.5890604257396833,Sacramento Kings,New Orleans Pelicans
1038089,2023,1,1,0.7528314082838495,Cleveland Cavaliers,San Antonio Spurs
1038097,2023,1,0,0.4357465574145859,Los Angeles Lakers,LA Clippers
1038090,2023,0,1,0.6306049858798284,Brooklyn Nets,Portland Trail Blazers
1038093,2023,1,1,0.520418891357729,Dallas Mavericks,Minnesota Timberwolves
1038098,2023,0,0,0.4184886433210694,Charlotte Hornets,Chicago Bulls
1038099,2023,1,0,0.4661431423235548,Indiana Pacers,Boston Celtics
1038102,2023,0,1,0.6647883923435319,Milwaukee Bucks,Utah Jazz
1038100,2023,0,0,0.275165785834161,Washington Wizards,Oklahoma City Thunder
1038103,2023,1,1,0.6347475433220608,LA Clippers,Phoenix Suns
1038101,2023,1,1,0.5828690651196373,Miami Heat,Houston Rockets
1038104,2023,0,0,0.2534010302866649,Detroit Pistons,Sacramento Kings
1038106,2023,1,1,0.708065319983295,New York Knicks,Portland Trail Blazers
1038108,2023,1,1,0.5716711584928396,Los Angeles Lakers,Toronto Raptors
1038105,2023,0,1,0.5397433783545448,Orlando Magic,Minnesota Timberwolves
1038107,2023,0,1,0.672773052157037,Dallas Mavericks,Memphis Grizzlies
1038118,2023,1,1,0.68310040136847,LA Clippers,Toronto Raptors
1038110,2023,0,0,0.3315233637149076,Charlotte Hornets,Sacramento Kings
1038117,2023,0,0,0.4742491808613356,Golden State Warriors,New Orleans Pelicans
1038115,2023,1,1,0.5168749274054856,Chicago Bulls,Houston Rockets
1038109,2023,1,1,0.6654148221017394,Boston Celtics,Minnesota Timberwolves
1038112,2023,1,1,0.7658872170999091,Indiana Pacers,Washington Wizards
1038113,2023,1,0,0.44253900592302714,Atlanta Hawks,Philadelphia 76ers
1038116,2023,1,0,0.4769322094187535,Utah Jazz,Denver Nuggets
1038111,2023,0,0,0.4551109599013812,Detroit Pistons,San Antonio Spurs
1038114,2023,0,1,0.531169624907542,Miami Heat,Oklahoma City Thunder
1038120,2023,1,1,0.5452203865369591,Milwaukee Bucks,Boston Celtics
1038123,2023,0,1,0.570689208764796,Los Angeles Lakers,Phoenix Suns
1038119,2023,1,1,0.6693447619372916,Cleveland Cavaliers,Brooklyn Nets
1038122,2023,1,1,0.5324682603707092,Dallas Mavericks,New York Knicks
1038121,2023,1,1,0.7743913738890168,Oklahoma City Thunder,Portland Trail Blazers
1038132,2023,1,1,0.6147352132955861,Utah Jazz,Toronto Raptors
1038131,2023,1,1,0.6037001494705663,Denver Nuggets,New Orleans Pelicans
1038130,2023,1,1,0.7743651941054563,Minnesota Timberwolves,Portland Trail Blazers
1038129,2023,0,0,0.40983947660578346,Memphis Grizzlies,LA Clippers
1038128,2023,0,1,0.5664603336537793,Chicago Bulls,Golden State Warriors
1038133,2023,1,0,0.46653332944394804,San Antonio Spurs,Charlotte Hornets
1038127,2023,1,1,0.5852095764569757,Miami Heat,Orlando Magic
1038124,2023,1,1,0.5638354297343572,Philadelphia 76ers,Sacramento Kings
1038125,2023,0,0,0.4524827271246433,Atlanta Hawks,Indiana Pacers
1038126,2023,0,0,0.29054780125646007,Detroit Pistons,Houston Rockets
1038140,2023,0,0,0.3681585396400278,San Antonio Spurs,Chicago Bulls
1038134,2023,1,1,0.7252963591893409,Boston Celtics,Houston Rockets
1038138,2023,1,1,0.6798189885051911,Oklahoma City Thunder,Orlando Magic
1038141,2023,1,1,0.5838382991846879,Utah Jazz,Los Angeles Lakers
1038137,2023,1,1,0.6884888659452768,Milwaukee Bucks,Golden State Warriors
1038136,2023,0,0,0.42153235086546337,Memphis Grizzlies,New York Knicks
1038139,2023,0,1,0.5880493937715547,Dallas Mavericks,New Orleans Pelicans
1038135,2023,0,1,0.668782607574289,Atlanta Hawks,Washington Wizards
1038144,2023,1,1,0.6379018302066634,Milwaukee Bucks,Sacramento Kings
1038143,2023,1,1,0.7345044573345245,Miami Heat,Charlotte Hornets
1038145,2023,1,1,0.6116450790262097,Minnesota Timberwolves,LA Clippers
1038146,2023,0,0,0.3966313208050441,Portland Trail Blazers,Phoenix Suns
1038142,2023,1,1,0.6145667887169753,Denver Nuggets,Indiana Pacers
1038154,2023,0,0,0.45416311234624457,Brooklyn Nets,Miami Heat
1038156,2023,1,1,0.5522090647474881,Utah Jazz,Indiana Pacers
1038152,2023,1,0,0.49917440829819243,Memphis Grizzlies,Golden State Warriors
1038149,2023,0,1,0.6255998473916949,New York Knicks,Orlando Magic
1038157,2023,1,0,0.44003138810197084,Los Angeles Lakers,Oklahoma City Thunder
1038148,2023,1,1,0.5666992087292757,Dallas Mavericks,New Orleans Pelicans
1038150,2023,0,1,0.5557125828328646,Washington Wizards,Detroit Pistons
1038151,2023,1,1,0.6107995297440009,Atlanta Hawks,San Antonio Spurs
1038153,2023,1,1,0.6188525044329963,Cleveland Cavaliers,Chicago Bulls
1038147,2023,1,1,0.6592083407666416,Philadelphia 76ers,Houston Rockets
1038155,2023,0,0,0.3646140137764292,Toronto Raptors,Boston Celtics
1038158,2023,1,1,0.5802054579330355,Philadelphia 76ers,Denver Nuggets
1038160,2023,1,1,0.5547642116564837,LA Clippers,Oklahoma City Thunder
1038159,2023,1,1,0.5664476731308293,Phoenix Suns,Sacramento Kings
1038167,2023,1,1,0.7543730705567584,New Orleans Pelicans,Charlotte Hornets
1038162,2023,1,0,0.49023499987811314,Atlanta Hawks,Orlando Magic
1038170,2023,1,0,0.45515634494716245,Portland Trail Blazers,Brooklyn Nets
1038166,2023,1,0,0.4017289393879639,Toronto Raptors,Miami Heat
1038163,2023,1,1,0.8199962001100212,Boston Celtics,San Antonio Spurs
1038161,2023,0,0,0.22815217006777067,Detroit Pistons,Minnesota Timberwolves
1038169,2023,1,1,0.5238101910774751,Los Angeles Lakers,Dallas Mavericks
1038164,2023,1,1,0.5645872105545078,Cleveland Cavaliers,Milwaukee Bucks
1038165,2023,1,1,0.645462375047084,New York Knicks,Houston Rockets
1038172,2023,0,0,0.4868466186346759,Toronto Raptors,Chicago Bulls
1038173,2023,0,1,0.5214496371580013,Utah Jazz,Oklahoma City Thunder
1038171,2023,1,1,0.750292004296841,New York Knicks,Washington Wizards
1038174,2023,1,1,0.7387540451931421,Minnesota Timberwolves,Memphis Grizzlies
1038175,2023,0,1,0.5732823772299657,Sacramento Kings,Indiana Pacers
1038178,2023,0,1,0.6758886206429702,Boston Celtics,Denver Nuggets
1038177,2023,0,0,0.4997478959208149,Orlando Magic,Philadelphia 76ers
1038179,2023,0,1,0.6376110675114701,Miami Heat,Atlanta Hawks
1038176,2023,1,0,0.48778266270806625,Charlotte Hornets,San Antonio Spurs
1038183,2023,0,1,0.6383361583912769,Los Angeles Lakers,Brooklyn Nets
1038180,2023,0,1,0.5982566502045567,New Orleans Pelicans,Phoenix Suns
1038182,2023,1,0,0.3689770554740829,Portland Trail Blazers,Indiana Pacers
1038185,2023,0,0,0.29110900526315586,Charlotte Hornets,Philadelphia 76ers
1038184,2023,0,0,0.2366404051576957,Detroit Pistons,Milwaukee Bucks
1038186,2023,0,0,0.494192132589986,Washington Wizards,San Antonio Spurs
1038187,2023,0,0,0.4336588698112376,Atlanta Hawks,Cleveland Cavaliers
1038190,2023,1,0,0.49967514706925753,Houston Rockets,Utah Jazz
1038189,2023,1,1,0.6037104650731173,Chicago Bulls,Memphis Grizzlies
1038191,2023,0,1,0.6416784466646652,Minnesota Timberwolves,Oklahoma City Thunder
1038188,2023,1,1,0.6932965529189089,New York Knicks,Toronto Raptors
1038197,2023,1,1,0.6436859309246743,Los Angeles Lakers,Portland Trail Blazers
1038192,2023,1,1,0.7190563407475524,LA Clippers,Brooklyn Nets
1038193,2023,1,1,0.5280644086603328,Orlando Magic,Miami Heat
1038196,2023,1,1,0.6006168604105178,Phoenix Suns,Indiana Pacers
1038195,2023,0,0,0.43986790137609877,Houston Rockets,Boston Celtics
1038194,2023,0,0,0.27543378303915556,Washington Wizards,Denver Nuggets
1038201,2023,0,1,0.550750074893995,Toronto Raptors,Memphis Grizzlies
1038200,2023,1,1,0.8028536825069501,Philadelphia 76ers,San Antonio Spurs
1038202,2023,0,1,0.8021179596010916,Minnesota Timberwolves,Charlotte Hornets
1038205,2023,1,1,0.6057256604000582,Sacramento Kings,Atlanta Hawks
1038199,2023,0,0,0.48376314673459814,Orlando Magic,Cleveland Cavaliers
1038204,2023,1,1,0.6258946467815191,Phoenix Suns,Chicago Bulls
1038203,2023,0,0,0.4723808662143373,Dallas Mavericks,Boston Celtics
1038198,2023,0,0,0.2197099688745073,Detroit Pistons,Milwaukee Bucks
1038207,2023,0,0,0.41877563430985504,Brooklyn Nets,New York Knicks
1038210,2023,1,1,0.658467483455067,LA Clippers,Los Angeles Lakers
1038209,2023,1,1,0.7562479386777524,Oklahoma City Thunder,Portland Trail Blazers
1038206,2023,0,0,0.4800865365529642,Indiana Pacers,Denver Nuggets
1038208,2023,1,1,0.6000962604651459,New Orleans Pelicans,Utah Jazz
1038214,2023,0,0,0.2762572464944064,San Antonio Spurs,Oklahoma City Thunder
1038217,2023,0,1,0.5157096485989263,Dallas Mavericks,Phoenix Suns
1038212,2023,0,0,0.26626555314462913,Washington Wizards,Minnesota Timberwolves
1038216,2023,1,1,0.6015832979957738,Milwaukee Bucks,Cleveland Cavaliers
1038213,2023,0,1,0.6503824676200292,Miami Heat,Memphis Grizzlies
1038218,2023,1,1,0.5387396085361116,Golden State Warriors,Atlanta Hawks
1038215,2023,0,1,0.6264482756704826,Houston Rockets,Portland Trail Blazers
1038211,2023,1,0,0.3945434962515597,Detroit Pistons,Charlotte Hornets
1038222,2023,0,0,0.44528608488411375,Miami Heat,Boston Celtics
1038224,2023,0,1,0.536202251612223,Golden State Warriors,Sacramento Kings
1038221,2023,0,0,0.39466297466423994,Brooklyn Nets,Minnesota Timberwolves
1038225,2023,1,1,0.569095367580417,Los Angeles Lakers,Chicago Bulls
1038220,2023,0,0,0.3414327474911089,Washington Wizards,Utah Jazz
1038223,2023,1,1,0.5466191492877621,New York Knicks,Denver Nuggets
1038219,2023,1,0,0.4493911087925609,Indiana Pacers,Philadelphia 76ers
1038232,2023,0,1,0.5175842344366015,New Orleans Pelicans,Oklahoma City Thunder
1038229,2023,0,0,0.3703763971534352,Toronto Raptors,LA Clippers
1038228,2023,1,1,0.5024905242661382,Indiana Pacers,Phoenix Suns
1038226,2023,0,1,0.5108429510331421,Atlanta Hawks,Dallas Mavericks
1038227,2023,0,0,0.4307276703605549,Charlotte Hornets,Houston Rockets
1038230,2023,1,0,0.4934706710367053,Memphis Grizzlies,Orlando Magic
1038233,2023,1,0,0.4122821675607722,San Antonio Spurs,Portland Trail Blazers
1038231,2023,0,1,0.6298862594574682,Milwaukee Bucks,Cleveland Cavaliers
1038240,2023,1,1,0.6633307325556652,Milwaukee Bucks,New Orleans Pelicans
1038243,2023,0,1,0.5723790459872979,Dallas Mavericks,Sacramento Kings
1038234,2023,0,0,0.4865977152394347,Detroit Pistons,Washington Wizards
1038237,2023,1,0,0.49434791534746625,Brooklyn Nets,Houston Rockets
1038236,2023,1,1,0.5825567904538658,Denver Nuggets,Philadelphia 76ers
1038242,2023,0,1,0.5132377276418841,Golden State Warriors,Los Angeles Lakers
1038241,2023,1,0,0.2861511455360435,San Antonio Spurs,Minnesota Timberwolves
1038235,2023,1,1,0.6891652502701184,New York Knicks,Miami Heat
1038239,2023,0,0,0.3951910385993809,Charlotte Hornets,Utah Jazz
1038238,2023,0,1,0.6541766610828805,Boston Celtics,LA Clippers
1038245,2023,1,1,0.5692858886933636,Atlanta Hawks,Toronto Raptors
1038248,2023,0,0,0.4472872699160446,Portland Trail Blazers,Chicago Bulls
1038244,2023,1,1,0.6192448024871019,Indiana Pacers,Memphis Grizzlies
1038247,2023,1,0,0.49774791630070886,Orlando Magic,Phoenix Suns
1038246,2023,1,0,0.20813182743581038,Detroit Pistons,Oklahoma City Thunder
1038253,2023,0,1,0.5208100235772943,Miami Heat,Phoenix Suns
1038257,2023,0,1,0.5356880354082875,San Antonio Spurs,Washington Wizards
1038249,2023,0,0,0.2872135350705516,Charlotte Hornets,New York Knicks
1038259,2023,1,1,0.5870833841137342,Denver Nuggets,Milwaukee Bucks
1038260,2023,1,0,0.34258409080221935,Portland Trail Blazers,Philadelphia 76ers
1038252,2023,1,0,0.49870420718938335,Brooklyn Nets,Utah Jazz
1038250,2023,1,1,0.5390833451941924,Cleveland Cavaliers,LA Clippers
1038255,2023,0,0,0.45097230326963283,Memphis Grizzlies,Sacramento Kings
1038256,2023,0,1,0.6335532894455499,Oklahoma City Thunder,Minnesota Timberwolves
1038254,2023,1,1,0.5186215606001794,Houston Rockets,Los Angeles Lakers
1038251,2023,1,1,0.7079135704421181,Boston Celtics,New Orleans Pelicans
1038258,2023,1,1,0.5790083201568641,Dallas Mavericks,Orlando Magic
1038261,2023,1,0,0.47945431199526495,Atlanta Hawks,Los Angeles Lakers
1038264,2023,0,1,0.6487221402216163,Chicago Bulls,Toronto Raptors
1038265,2023,1,0,0.4662088273661226,Golden State Warriors,Philadelphia 76ers
1038262,2023,1,1,0.7021386380353772,Boston Celtics,Indiana Pacers
1038263,2023,1,1,0.6753613626551119,New York Knicks,Utah Jazz
1038275,2023,1,0,0.35154573065215433,Portland Trail Blazers,Milwaukee Bucks
1038267,2023,1,1,0.7796325067989304,Cleveland Cavaliers,Detroit Pistons
1038270,2023,1,0,0.4805776068547105,Miami Heat,Sacramento Kings
1038272,2023,1,1,0.6793045533016098,Minnesota Timberwolves,Dallas Mavericks
1038273,2023,0,0,0.37905622575688847,San Antonio Spurs,Orlando Magic
1038268,2023,0,0,0.28180826748621113,Washington Wizards,LA Clippers
1038269,2023,0,0,0.4630752378903262,Brooklyn Nets,Phoenix Suns
1038271,2023,0,1,0.5527727550115349,Houston Rockets,New Orleans Pelicans
1038266,2023,0,0,0.39614030176990905,Charlotte Hornets,Chicago Bulls
1038274,2023,1,1,0.5820571516685505,Oklahoma City Thunder,Denver Nuggets
1038278,2023,0,1,0.5307061533639845,Utah Jazz,Philadelphia 76ers
1038276,2023,0,1,0.7398096773249867,Boston Celtics,Los Angeles Lakers
1038277,2023,1,1,0.6445379293333624,New York Knicks,Indiana Pacers
1038279,2023,0,0,0.4062695647936377,Memphis Grizzlies,Cleveland Cavaliers
1038282,2023,1,0,0.4677820757598059,Atlanta Hawks,Phoenix Suns
1038289,2023,1,1,0.7247435492099303,Denver Nuggets,Portland Trail Blazers
1038287,2023,1,1,0.8000593175325571,Oklahoma City Thunder,Charlotte Hornets
1038283,2023,0,1,0.5296439653067258,Indiana Pacers,Sacramento Kings
1038281,2023,0,0,0.38077122599615804,Washington Wizards,Miami Heat
1038285,2023,0,1,0.5040037454298615,Memphis Grizzlies,Golden State Warriors
1038288,2023,0,0,0.3577812010466828,San Antonio Spurs,New Orleans Pelicans
1038280,2023,0,0,0.24526618647246212,Detroit Pistons,LA Clippers
1038286,2023,0,1,0.7005388264068216,Minnesota Timberwolves,Orlando Magic
1038284,2023,1,1,0.6178222656060488,Houston Rockets,Toronto Raptors
1038294,2023,0,1,0.5309559043829917,Dallas Mavericks,Milwaukee Bucks
1038293,2023,0,1,0.6631714130455109,New York Knicks,Los Angeles Lakers
1038295,2023,0,0,0.29086277345974265,San Antonio Spurs,Cleveland Cavaliers
1038290,2023,0,1,0.6785253459932366,Philadelphia 76ers,Brooklyn Nets
1038292,2023,0,0,0.47196458111509354,Chicago Bulls,Sacramento Kings
1038291,2023,1,1,0.5287530065367956,Atlanta Hawks,Golden State Warriors
1038297,2023,0,0,0.3422908422742646,Washington Wizards,Phoenix Suns
1038303,2023,1,0,0.48816583490038257,Utah Jazz,Milwaukee Bucks
1038304,2023,1,1,0.7452533389964984,Denver Nuggets,Portland Trail Blazers
1038296,2023,0,0,0.30327919523444674,Detroit Pistons,Orlando Magic
1038302,2023,1,1,0.7528973144281486,Oklahoma City Thunder,Toronto Raptors
1038298,2023,1,1,0.7779080262261436,Boston Celtics,Memphis Grizzlies
1038301,2023,1,1,0.682353176017192,Minnesota Timberwolves,Houston Rockets
1038300,2023,0,0,0.4790959232191378,Miami Heat,LA Clippers
1038299,2023,0,0,0.3568676464433975,Charlotte Hornets,Indiana Pacers
1038306,2023,1,1,0.615527387897205,Cleveland Cavaliers,Sacramento Kings
1038307,2023,0,1,0.6266034605675596,Philadelphia 76ers,Dallas Mavericks
1038305,2023,0,0,0.3399884031778614,Charlotte Hornets,Los Angeles Lakers
1038309,2023,0,1,0.5386496359717753,Brooklyn Nets,Golden State Warriors
1038308,2023,0,0,0.44020651286093937,Atlanta Hawks,LA Clippers
1038310,2023,1,1,0.684085963999956,New Orleans Pelicans,Toronto Raptors
1038316,2023,1,0,0.4650319702463163,Utah Jazz,Oklahoma City Thunder
1038315,2023,1,0,0.4455016411622787,Chicago Bulls,Minnesota Timberwolves
1038311,2023,1,1,0.6033677642027557,Indiana Pacers,Houston Rockets
1038314,2023,1,1,0.7458014965514426,New York Knicks,Memphis Grizzlies
1038317,2023,1,1,0.566477539591107,Phoenix Suns,Milwaukee Bucks
1038313,2023,1,1,0.5263820571879283,Miami Heat,Orlando Magic
1038312,2023,0,1,0.501033711722457,Brooklyn Nets,Dallas Mavericks
1038318,2023,0,0,0.43994648966191247,Charlotte Hornets,Toronto Raptors
1038322,2023,1,1,0.7155763544265308,Miami Heat,San Antonio Spurs
1038324,2023,0,1,0.7693974910500558,Sacramento Kings,Detroit Pistons
1038323,2023,0,1,0.6553263149607829,LA Clippers,New Orleans Pelicans
1038321,2023,1,1,0.7148240558061806,Boston Celtics,Atlanta Hawks
1038320,2023,0,0,0.26014097216427573,Washington Wizards,Cleveland Cavaliers
1038319,2023,0,1,0.6229857029099508,Philadelphia 76ers,Golden State Warriors
1038331,2023,1,1,0.638462949929396,Phoenix Suns,Utah Jazz
1038332,2023,0,0,0.48380800383312306,Los Angeles Lakers,Denver Nuggets
1038328,2023,0,1,0.6383335562159635,New York Knicks,Dallas Mavericks
1038327,2023,0,0,0.379549973687643,Brooklyn Nets,Cleveland Cavaliers
1038329,2023,0,0,0.44738879599625514,Memphis Grizzlies,Chicago Bulls
1038333,2023,0,1,0.5756461589461251,Portland Trail Blazers,Detroit Pistons
1038325,2023,0,1,0.5671431391783217,Indiana Pacers,Golden State Warriors
1038326,2023,1,1,0.7324612512558285,Orlando Magic,San Antonio Spurs
1038330,2023,0,1,0.5638841606189436,Milwaukee Bucks,Minnesota Timberwolves
1038336,2023,1,0,0.4875215202344773,Toronto Raptors,Houston Rockets
1038337,2023,1,1,0.7701225292472097,Milwaukee Bucks,Charlotte Hornets
1038334,2023,0,1,0.62874922893985,Philadelphia 76ers,Atlanta Hawks
1038339,2023,1,1,0.5151738137762242,Los Angeles Lakers,New Orleans Pelicans
1038338,2023,1,1,0.5068764461655804,Sacramento Kings,Denver Nuggets
1038335,2023,1,1,0.8320767758619994,Boston Celtics,Washington Wizards
1038342,2023,1,1,0.6430059490046307,Brooklyn Nets,San Antonio Spurs
1038343,2023,1,0,0.4518367059462213,Charlotte Hornets,Memphis Grizzlies
1038341,2023,1,1,0.7919359656424851,LA Clippers,Detroit Pistons
1038350,2023,0,0,0.36808695765623617,Portland Trail Blazers,New Orleans Pelicans
1038345,2023,0,0,0.3327465323410781,Washington Wizards,Philadelphia 76ers
1038340,2023,1,1,0.5225725564452077,Dallas Mavericks,Oklahoma City Thunder
1038348,2023,0,0,0.35622012752116106,Toronto Raptors,Cleveland Cavaliers
1038344,2023,1,1,0.5962859782253237,Orlando Magic,Chicago Bulls
1038349,2023,1,1,0.5017130654973784,Golden State Warriors,Phoenix Suns
1038347,2023,0,1,0.6455113738790355,New York Knicks,Indiana Pacers
1038346,2023,1,1,0.5765938371394578,Atlanta Hawks,Houston Rockets
1038351,2023,0,0,0.4668426708578091,Miami Heat,Boston Celtics
1038352,2023,1,1,0.632356287761814,Oklahoma City Thunder,Sacramento Kings
1038360,2023,1,1,0.7633920218456823,Dallas Mavericks,Washington Wizards
1038361,2023,0,1,0.522601962866636,Utah Jazz,Golden State Warriors
1038356,2023,0,1,0.6316881253670801,Toronto Raptors,San Antonio Spurs
1038359,2023,1,1,0.5711511530394972,Milwaukee Bucks,Denver Nuggets
1038358,2023,0,0,0.37741228596076287,Memphis Grizzlies,New Orleans Pelicans
1038357,2023,1,0,0.4748665736640084,Houston Rockets,New York Knicks
1038353,2023,1,0,0.3402620462750849,Charlotte Hornets,Indiana Pacers
1038355,2023,0,1,0.5367772122550799,Atlanta Hawks,Chicago Bulls
1038354,2023,0,1,0.6874099397044116,Cleveland Cavaliers,Philadelphia 76ers
1038362,2023,0,1,0.6105681537366677,LA Clippers,Minnesota Timberwolves
1038364,2023,0,1,0.5267216255072209,Orlando Magic,Oklahoma City Thunder
1038366,2023,1,1,0.6006715752586524,Phoenix Suns,Sacramento Kings
1038363,2023,0,0,0.3642033382198279,Brooklyn Nets,Boston Celtics
1038367,2023,0,0,0.332556552677076,Portland Trail Blazers,Minnesota Timberwolves
1038365,2023,0,1,0.6309708382516879,Milwaukee Bucks,Miami Heat
1038368,2023,1,1,0.7196880169156585,Los Angeles Lakers,Detroit Pistons
1038375,2023,1,0,0.48049677439590416,Memphis Grizzlies,Houston Rockets
1038374,2023,0,0,0.4383453230378467,Toronto Raptors,Indiana Pacers
1038379,2023,1,1,0.7535736314534875,Phoenix Suns,Detroit Pistons
1038370,2023,1,1,0.5766955844307653,Orlando Magic,New York Knicks
1038371,2023,0,1,0.6004123291972973,Philadelphia 76ers,Miami Heat
1038373,2023,1,1,0.6770048490803348,Cleveland Cavaliers,Chicago Bulls
1038378,2023,0,1,0.6718965940101637,Denver Nuggets,Sacramento Kings
1038376,2023,1,1,0.7765480213280018,New Orleans Pelicans,Washington Wizards
1038380,2023,0,1,0.5029395229737461,Utah Jazz,Los Angeles Lakers
1038377,2023,1,1,0.7502457857434095,Dallas Mavericks,San Antonio Spurs
1038381,2023,0,1,0.5130675324110484,Golden State Warriors,LA Clippers
1038372,2023,1,1,0.7916147620963981,Boston Celtics,Brooklyn Nets
1038369,2023,1,0,0.41193137655261824,Charlotte Hornets,Atlanta Hawks
1038168,2023,0,1,0.5109831527102043,Utah Jazz,Golden State Warriors
1038383,2023,0,0,0.3033935693741485,Portland Trail Blazers,Minnesota Timberwolves
1038382,2023,1,0,0.40748213825274443,Memphis Grizzlies,Milwaukee Bucks
1038391,2023,1,1,0.606763137267542,Oklahoma City Thunder,LA Clippers
1038387,2023,1,1,0.529608219366199,Toronto Raptors,Brooklyn Nets
1038388,2023,1,1,0.5681260093445731,Dallas Mavericks,Phoenix Suns
1038393,2023,0,1,0.6145596677613494,Utah Jazz,Charlotte Hornets
1038386,2023,0,1,0.6077805492308616,Philadelphia 76ers,New York Knicks
1038389,2023,0,0,0.3928353600165871,Chicago Bulls,Boston Celtics
1038392,2023,1,1,0.7934078529026483,Denver Nuggets,Washington Wizards
1038390,2023,1,1,0.6821016471523267,New Orleans Pelicans,Houston Rockets
1038394,2023,1,1,0.5346023710647324,Golden State Warriors,Los Angeles Lakers
1038385,2023,1,1,0.7234623340394284,Indiana Pacers,Detroit Pistons
1038395,2023,1,1,0.732209846412277,Sacramento Kings,San Antonio Spurs
1038384,2023,0,1,0.6587174707882625,Cleveland Cavaliers,Orlando Magic
1038404,2023,0,0,0.3494006706360146,Portland Trail Blazers,Denver Nuggets
1038398,2023,1,0,0.4642555999899593,Houston Rockets,Phoenix Suns
1038400,2023,0,1,0.6662736379589568,Minnesota Timberwolves,Milwaukee Bucks
1038396,2023,0,1,0.5808139975160038,Atlanta Hawks,Toronto Raptors
1038403,2023,1,1,0.647483646723997,Golden State Warriors,Charlotte Hornets
1038402,2023,0,1,0.596531519235286,New Orleans Pelicans,Miami Heat
1038405,2023,1,1,0.7193726693911633,Los Angeles Lakers,San Antonio Spurs
1038401,2023,1,1,0.8143252311758694,Oklahoma City Thunder,Washington Wizards
1038399,2023,0,0,0.41160814165910314,Memphis Grizzlies,LA Clippers
1038397,2023,1,1,0.5374870102867131,Philadelphia 76ers,Cleveland Cavaliers
1038407,2023,1,1,0.7523972155697994,Minnesota Timberwolves,Brooklyn Nets
1038408,2023,0,0,0.46075145499964837,New York Knicks,Boston Celtics
1038406,2023,0,0,0.28384218951478524,Detroit Pistons,Orlando Magic
1038412,2023,0,0,0.285464480129824,Washington Wizards,Cleveland Cavaliers
1038419,2023,0,1,0.6344398891590722,LA Clippers,Sacramento Kings
1038417,2023,1,1,0.6553297300674931,Utah Jazz,San Antonio Spurs
1038411,2023,1,1,0.5168002217706987,Indiana Pacers,Dallas Mavericks
1038410,2023,1,1,0.5635855325363425,Phoenix Suns,Los Angeles Lakers
1038416,2023,0,1,0.5381626242745916,Golden State Warriors,Denver Nuggets
1038418,2023,0,0,0.4603005389481734,Portland Trail Blazers,Charlotte Hornets
1038415,2023,0,1,0.6559390518468073,New Orleans Pelicans,Chicago Bulls
1038409,2023,0,1,0.563901980349721,Philadelphia 76ers,Milwaukee Bucks
1038414,2023,0,0,0.4189118137412964,Houston Rockets,Oklahoma City Thunder
1038413,2023,1,0,0.4586390974884428,Atlanta Hawks,Orlando Magic
1038423,2023,0,1,0.5741240253891017,Sacramento Kings,Miami Heat
1038421,2023,0,1,0.6672940839347272,Indiana Pacers,Toronto Raptors
1038422,2023,0,1,0.5384516074731679,Memphis Grizzlies,Brooklyn Nets
1038420,2023,1,1,0.7680951977489361,New York Knicks,Detroit Pistons
1038427,2023,1,1,0.5605705312728277,Atlanta Hawks,Utah Jazz
1038425,2023,1,1,0.6669350629739456,Orlando Magic,Brooklyn Nets
1038429,2023,0,1,0.5819034006234223,New York Knicks,New Orleans Pelicans
1038424,2023,1,1,0.6017262956385991,Cleveland Cavaliers,Dallas Mavericks
1038430,2023,1,1,0.8055491581412855,Minnesota Timberwolves,San Antonio Spurs
1038434,2023,0,0,0.3426442339396952,Portland Trail Blazers,Miami Heat
1038431,2023,0,1,0.7138952690910543,Chicago Bulls,Detroit Pistons
1038426,2023,0,0,0.31156955857980834,Washington Wizards,Golden State Warriors
1038428,2023,1,1,0.7320879859654525,Boston Celtics,Philadelphia 76ers
1038432,2023,1,1,0.7053580569819362,Milwaukee Bucks,Charlotte Hornets
1038433,2023,1,1,0.7296091414265751,Oklahoma City Thunder,Houston Rockets
1038438,2023,1,0,0.46179358254080227,Chicago Bulls,Cleveland Cavaliers
1038440,2023,0,1,0.6367787948152317,LA Clippers,Los Angeles Lakers
1038436,2023,0,0,0.45159583548631504,Toronto Raptors,Dallas Mavericks
1038435,2023,1,1,0.5532056198907281,Indiana Pacers,New Orleans Pelicans
1038439,2023,1,1,0.6352754916386141,Denver Nuggets,Sacramento Kings
1038437,2023,1,1,0.7534769235648907,Minnesota Timberwolves,Memphis Grizzlies
1038442,2023,1,1,0.6540834505545363,Orlando Magic,Utah Jazz
1038443,2023,1,1,0.5009152480230854,Brooklyn Nets,Atlanta Hawks
1038448,2023,1,1,0.7503242849585323,Los Angeles Lakers,Washington Wizards
1038446,2023,1,1,0.6714767398593084,Phoenix Suns,Houston Rockets
1038447,2023,1,1,0.6132672911605556,Denver Nuggets,Miami Heat
1038444,2023,0,1,0.5787613261564378,New York Knicks,Golden State Warriors
1038441,2023,0,0,0.34870950861015454,Charlotte Hornets,Milwaukee Bucks
1038445,2023,1,0,0.23748822442981835,San Antonio Spurs,Oklahoma City Thunder
1038452,2023,0,0,0.4411842546918252,Toronto Raptors,Golden State Warriors
1038453,2023,0,1,0.5923898391336349,Memphis Grizzlies,Portland Trail Blazers
1038450,2023,1,1,0.6893865153066658,Philadelphia 76ers,Charlotte Hornets
1038451,2023,1,1,0.7191704807937901,Boston Celtics,Dallas Mavericks
1038457,2023,1,1,0.7946529864456563,LA Clippers,Washington Wizards
1038456,2023,0,0,0.4545501251180352,Chicago Bulls,Milwaukee Bucks
1038454,2023,0,1,0.669616083569526,Minnesota Timberwolves,Sacramento Kings
1038455,2023,1,1,0.5607124291914614,New Orleans Pelicans,Indiana Pacers
1038449,2023,0,0,0.28911607224066366,Detroit Pistons,Cleveland Cavaliers
1038461,2023,0,0,0.47842534661877456,Los Angeles Lakers,Denver Nuggets
1038459,2023,1,1,0.6567369430832191,Miami Heat,Utah Jazz
1038458,2023,1,1,0.5190059669266354,Brooklyn Nets,Atlanta Hawks
1038460,2023,0,1,0.5567075895659456,Memphis Grizzlies,Portland Trail Blazers
1038462,2023,0,1,0.6779614541105101,Phoenix Suns,Houston Rockets
1038470,2023,0,1,0.5080456193291433,Phoenix Suns,Oklahoma City Thunder
1038463,2023,0,1,0.5813796144459391,Dallas Mavericks,Philadelphia 76ers
1038464,2023,1,1,0.7157005799472272,Boston Celtics,Golden State Warriors
1038468,2023,0,1,0.6449501404836258,Cleveland Cavaliers,New York Knicks
1038469,2023,1,0,0.3325353018089203,San Antonio Spurs,Indiana Pacers
1038467,2023,1,1,0.6037475819083561,Toronto Raptors,Charlotte Hornets
1038466,2023,1,1,0.7551291740594456,Orlando Magic,Detroit Pistons
1038465,2023,0,1,0.6428907348604991,Minnesota Timberwolves,LA Clippers
1038476,2023,1,0,0.48594143536309525,Los Angeles Lakers,Oklahoma City Thunder
1038474,2023,1,1,0.6868084756472593,Utah Jazz,Washington Wizards
1038475,2023,0,1,0.6354304219138074,Sacramento Kings,Chicago Bulls
1038472,2023,1,1,0.6109974103660875,Milwaukee Bucks,LA Clippers
1038471,2023,0,1,0.6145738903449713,Brooklyn Nets,Memphis Grizzlies
1038473,2023,1,1,0.7546183524547063,Minnesota Timberwolves,Portland Trail Blazers
1038485,2023,0,1,0.6791581461904389,Denver Nuggets,Phoenix Suns
1038481,2023,0,1,0.6479214328799979,New York Knicks,Atlanta Hawks
1038483,2023,1,1,0.6318304785596579,Houston Rockets,San Antonio Spurs
1038477,2023,0,0,0.3330114907461775,Charlotte Hornets,Orlando Magic
1038479,2023,1,0,0.4552461890703435,Brooklyn Nets,Philadelphia 76ers
1038478,2023,1,0,0.4997432145304304,Cleveland Cavaliers,Boston Celtics
1038484,2023,0,1,0.5811061979375952,Dallas Mavericks,Indiana Pacers
1038480,2023,1,1,0.7558526209090126,Miami Heat,Detroit Pistons
1038482,2023,0,0,0.46150234750120495,Toronto Raptors,New Orleans Pelicans
1038489,2023,0,0,0.47285545454177214,Houston Rockets,LA Clippers
1038490,2023,0,1,0.5262825270138153,Utah Jazz,Chicago Bulls
1038486,2023,0,0,0.2699255324388678,Washington Wizards,Orlando Magic
1038487,2023,1,0,0.45940204641554455,Atlanta Hawks,Cleveland Cavaliers
1038488,2023,0,1,0.6881315150518911,Philadelphia 76ers,Memphis Grizzlies
1038493,2023,0,1,0.5805096742015061,Los Angeles Lakers,Sacramento Kings
1038492,2023,0,0,0.34029157442421903,Portland Trail Blazers,Oklahoma City Thunder
1038491,2023,1,0,0.4771005401021604,Golden State Warriors,Milwaukee Bucks
1038494,2023,1,0,0.35206816782498523,Detroit Pistons,Brooklyn Nets
1038500,2023,1,1,0.7133443435652447,Sacramento Kings,San Antonio Spurs
1038497,2023,1,1,0.6713753221818002,Phoenix Suns,Toronto Raptors
1038495,2023,0,1,0.5044189334421021,Indiana Pacers,Minnesota Timberwolves
1038499,2023,0,1,0.5967193173502786,Golden State Warriors,Chicago Bulls
1038496,2023,1,1,0.5235808841358981,Dallas Mavericks,Miami Heat
1038498,2023,1,1,0.550435750822204,Denver Nuggets,Boston Celtics
1038506,2023,1,1,0.6530047602144132,Oklahoma City Thunder,Miami Heat
1038502,2023,1,0,0.4587140316290907,Washington Wizards,Charlotte Hornets
1038504,2023,1,1,0.5280863444854796,New York Knicks,Orlando Magic
1038507,2023,1,1,0.5040912313920621,Los Angeles Lakers,Milwaukee Bucks
1038508,2023,0,0,0.44872190954832436,Portland Trail Blazers,Houston Rockets
1038505,2023,0,0,0.4687338740986125,Memphis Grizzlies,Atlanta Hawks
1038503,2023,1,1,0.5662453842656234,Cleveland Cavaliers,Minnesota Timberwolves
1038501,2023,0,1,0.5529914619101276,Philadelphia 76ers,New Orleans Pelicans
1038509,2023,1,1,0.6380190652918502,LA Clippers,Chicago Bulls
1038511,2023,0,0,0.3324744123967205,Detroit Pistons,Dallas Mavericks
1038514,2023,1,1,0.7268580890561336,Denver Nuggets,Utah Jazz
1038513,2023,0,1,0.6988411203244587,Golden State Warriors,San Antonio Spurs
1038510,2023,1,0,0.401995165048335,Charlotte Hornets,Brooklyn Nets
1038515,2023,1,0,0.4923442639351636,Portland Trail Blazers,Toronto Raptors
1038512,2023,0,1,0.5080367044683638,Phoenix Suns,Boston Celtics
1038521,2023,0,1,0.6277892533140302,Sacramento Kings,Houston Rockets
1038523,2023,1,1,0.7433623995964508,Oklahoma City Thunder,Memphis Grizzlies
1038524,2023,1,1,0.5337050727984035,Los Angeles Lakers,Minnesota Timberwolves
1038522,2023,0,1,0.704142627952046,Cleveland Cavaliers,Brooklyn Nets
1038518,2023,0,1,0.7351934540258005,Miami Heat,Washington Wizards
1038516,2023,0,1,0.6139975573227643,LA Clippers,Milwaukee Bucks
1038519,2023,0,1,0.6020882283286689,New York Knicks,Philadelphia 76ers
1038517,2023,0,0,0.471503877452979,Atlanta Hawks,New Orleans Pelicans
1038520,2023,0,1,0.6184749994993256,Orlando Magic,Indiana Pacers
1038528,2023,0,0,0.3858046781008476,San Antonio Spurs,Golden State Warriors
1038527,2023,0,1,0.5419666097437844,Chicago Bulls,Dallas Mavericks
1038525,2023,1,0,0.4531930353213728,Detroit Pistons,Charlotte Hornets
1038530,2023,0,0,0.3114662187369838,Portland Trail Blazers,Boston Celtics
1038529,2023,1,1,0.7544932685031213,Denver Nuggets,Toronto Raptors
1038526,2023,0,1,0.6267953840129364,Cleveland Cavaliers,Phoenix Suns
1038535,2023,0,0,0.3927025202884954,Utah Jazz,Boston Celtics
1038532,2023,1,1,0.5881070490761385,Memphis Grizzlies,Washington Wizards
1038534,2023,0,0,0.364683515283371,San Antonio Spurs,Houston Rockets
1038531,2023,1,1,0.5937622558536847,New York Knicks,Philadelphia 76ers
1038537,2023,1,1,0.5468580825266414,Sacramento Kings,Milwaukee Bucks
1038536,2023,0,1,0.604937193155689,LA Clippers,Minnesota Timberwolves
1038533,2023,0,1,0.689621946641372,Oklahoma City Thunder,Indiana Pacers
1038545,2023,1,0,0.41627920193383516,Portland Trail Blazers,Atlanta Hawks
1038543,2023,0,1,0.6040568033569716,New Orleans Pelicans,Cleveland Cavaliers
1038544,2023,1,1,0.6077191587143592,Dallas Mavericks,Golden State Warriors
1038546,2023,1,1,0.5866468317879728,Sacramento Kings,Los Angeles Lakers
1038540,2023,0,1,0.5983558716404772,Indiana Pacers,Chicago Bulls
1038538,2023,1,0,0.4304036703100661,Detroit Pistons,Toronto Raptors
1038539,2023,1,1,0.6547346837838111,Orlando Magic,Brooklyn Nets
1038541,2023,0,0,0.4852806961314113,Miami Heat,Denver Nuggets
1038542,2023,0,1,0.5937778036486863,Memphis Grizzlies,Charlotte Hornets
1038548,2023,0,1,0.5122852379537935,Chicago Bulls,LA Clippers
1038549,2023,1,1,0.6786898332275337,Houston Rockets,Washington Wizards
1038551,2023,1,1,0.6302382006943755,Oklahoma City Thunder,Dallas Mavericks
1038550,2023,1,1,0.6509595710367724,Milwaukee Bucks,Philadelphia 76ers
1038552,2023,0,0,0.38260132337900904,Portland Trail Blazers,New York Knicks
1038547,2023,1,1,0.698222282911008,Boston Celtics,Phoenix Suns
1038558,2023,1,1,0.5156626782981597,Utah Jazz,Atlanta Hawks
1038557,2023,0,0,0.27438496419510783,San Antonio Spurs,Denver Nuggets
1038556,2023,1,1,0.5734065487380227,New Orleans Pelicans,LA Clippers
1038554,2023,0,0,0.3779859180468821,Detroit Pistons,Miami Heat
1038555,2023,0,0,0.40495600976621005,Toronto Raptors,Orlando Magic
1038553,2023,0,0,0.3645963113402664,Charlotte Hornets,Phoenix Suns
1038562,2023,1,1,0.7194939422670507,New Orleans Pelicans,Portland Trail Blazers
1038563,2023,1,1,0.67417344449347,Chicago Bulls,Washington Wizards
1038566,2023,0,0,0.43915234601319364,Utah Jazz,Minnesota Timberwolves
1038565,2023,0,1,0.5950353440490204,Los Angeles Lakers,Golden State Warriors
1038567,2023,0,1,0.5843692795056983,Sacramento Kings,New York Knicks
1038564,2023,0,0,0.35500415236271626,Memphis Grizzlies,Oklahoma City Thunder
1038560,2023,1,1,0.6419295882467895,Indiana Pacers,Brooklyn Nets
1038561,2023,1,1,0.6762753898662605,Philadelphia 76ers,Charlotte Hornets
1038559,2023,1,1,0.5123599331470515,Houston Rockets,Cleveland Cavaliers
1038569,2023,0,0,0.3737472771508239,Detroit Pistons,Miami Heat
1038571,2023,1,1,0.714591268670192,Orlando Magic,Toronto Raptors
1038574,2023,0,1,0.6728457501228581,LA Clippers,Atlanta Hawks
1038570,2023,1,0,0.4919774693851464,Dallas Mavericks,Denver Nuggets
1038572,2023,0,0,0.2307072578749089,Washington Wizards,Boston Celtics
1038573,2023,1,0,0.43304338094148914,San Antonio Spurs,Brooklyn Nets
1038568,2023,1,1,0.6075310826035826,Milwaukee Bucks,Phoenix Suns
1038582,2023,1,1,0.6099295248790652,Los Angeles Lakers,Atlanta Hawks
1038577,2023,1,1,0.581230499315818,Philadelphia 76ers,Miami Heat
1038579,2023,0,0,0.42500034544347487,Utah Jazz,Minnesota Timberwolves
1038581,2023,1,1,0.6964748714094469,Sacramento Kings,Memphis Grizzlies
1038578,2023,1,1,0.6380843828493569,Chicago Bulls,Portland Trail Blazers
1038580,2023,0,1,0.5111662679427286,Golden State Warriors,New York Knicks
1038575,2023,0,1,0.5602494685116767,Indiana Pacers,Cleveland Cavaliers
1038576,2023,1,1,0.8355209219577886,Boston Celtics,Detroit Pistons
1038584,2023,0,0,0.300606708905744,Washington Wizards,Houston Rockets
1038586,2023,0,0,0.32585435585198746,San Antonio Spurs,Dallas Mavericks
1038585,2023,0,0,0.4019178216058352,Brooklyn Nets,New Orleans Pelicans
1038583,2023,1,1,0.7151547131287728,Orlando Magic,Charlotte Hornets
1038587,2023,0,1,0.5872219710960599,Minnesota Timberwolves,Denver Nuggets
1038593,2023,1,1,0.6605299395327995,Golden State Warriors,Memphis Grizzlies
1038592,2023,1,1,0.7418991854467569,Oklahoma City Thunder,Utah Jazz
1038588,2023,0,1,0.6339738571303557,Cleveland Cavaliers,Miami Heat
1038595,2023,0,0,0.38852078657243305,Portland Trail Blazers,LA Clippers
1038589,2023,0,0,0.3281994792506174,Detroit Pistons,Indiana Pacers
1038590,2023,1,1,0.6971899708333454,Boston Celtics,Milwaukee Bucks
1038594,2023,1,1,0.5731549995463476,Phoenix Suns,Philadelphia 76ers
1038591,2023,0,0,0.39619486109850105,Toronto Raptors,Sacramento Kings
1038596,2023,1,1,0.5612099037175811,Orlando Magic,New Orleans Pelicans
1038602,2023,1,1,0.6642524708500618,Phoenix Suns,Atlanta Hawks
1038601,2023,1,1,0.6302624740066589,Denver Nuggets,New York Knicks
1038599,2023,1,1,0.7176149755855844,Milwaukee Bucks,Brooklyn Nets
1038598,2023,1,1,0.5661421094484796,Houston Rockets,Chicago Bulls
1038600,2023,1,1,0.6786844077787091,Dallas Mavericks,Utah Jazz
1038597,2023,1,0,0.273744421826365,Washington Wizards,Sacramento Kings
1038608,2023,0,1,0.5566538576897659,Golden State Warriors,Indiana Pacers
1038605,2023,0,1,0.547774478160174,Miami Heat,New Orleans Pelicans
1038603,2023,0,0,0.21334552670376022,Detroit Pistons,Boston Celtics
1038606,2023,1,1,0.6429197461191214,Minnesota Timberwolves,Cleveland Cavaliers
1038610,2023,1,1,0.5839339034039857,Los Angeles Lakers,Philadelphia 76ers
1038609,2023,0,0,0.36562521945083615,Portland Trail Blazers,LA Clippers
1038604,2023,0,0,0.33107925230656643,Toronto Raptors,Oklahoma City Thunder
1038607,2023,0,0,0.461127907565562,San Antonio Spurs,Memphis Grizzlies
1038613,2023,1,1,0.6313112768990807,Atlanta Hawks,Charlotte Hornets
1038618,2023,0,0,0.29823517066864325,Portland Trail Blazers,Denver Nuggets
1038614,2023,1,0,0.4508571019296468,Washington Wizards,Toronto Raptors
1038612,2023,0,1,0.6062009682189183,Orlando Magic,Sacramento Kings
1038616,2023,1,1,0.6372442095482179,Houston Rockets,Utah Jazz
1038611,2023,1,1,0.7189549948104086,New York Knicks,Brooklyn Nets
1038615,2023,0,0,0.39423556742568977,Chicago Bulls,Boston Celtics
1038617,2023,0,0,0.3280587126698006,San Antonio Spurs,Phoenix Suns
1038620,2023,0,1,0.6452896404637168,LA Clippers,Philadelphia 76ers
1038624,2023,1,1,0.5670473763576266,Los Angeles Lakers,Indiana Pacers
1038622,2023,1,1,0.5491505803623526,Milwaukee Bucks,Oklahoma City Thunder
1038623,2023,1,1,0.6877177750561645,Minnesota Timberwolves,Golden State Warriors
1038621,2023,1,1,0.5599679439143163,Miami Heat,Cleveland Cavaliers
1038619,2023,0,0,0.271996985795808,Detroit Pistons,New Orleans Pelicans
1038627,2023,1,1,0.7800934763704274,New York Knicks,Detroit Pistons
1038632,2023,1,1,0.7683879626647533,Denver Nuggets,Memphis Grizzlies
1038630,2023,1,1,0.7082204743503167,Houston Rockets,Portland Trail Blazers
1038626,2023,1,0,0.3591803132429032,Atlanta Hawks,Boston Celtics
1038631,2023,1,0,0.30739617642804995,San Antonio Spurs,Phoenix Suns
1038633,2023,0,0,0.42012410100937025,Utah Jazz,Dallas Mavericks
1038635,2023,0,1,0.6118420204043804,LA Clippers,Indiana Pacers
1038628,2023,0,1,0.5273202739389322,Toronto Raptors,Brooklyn Nets
1038634,2023,1,1,0.5925337511016879,Sacramento Kings,Philadelphia 76ers
1038625,2023,1,1,0.7288723115878292,Cleveland Cavaliers,Charlotte Hornets
1038629,2023,0,1,0.6693174957402729,Chicago Bulls,Washington Wizards
1038639,2023,0,1,0.5693878918466015,Sacramento Kings,Dallas Mavericks
1038637,2023,0,1,0.6365060851336879,Milwaukee Bucks,Los Angeles Lakers
1038638,2023,0,1,0.546308834792289,New Orleans Pelicans,Oklahoma City Thunder
1038636,2023,0,1,0.6015361107114745,Miami Heat,Golden State Warriors
1038640,2023,1,0,0.3440558735390087,Charlotte Hornets,Cleveland Cavaliers
1038649,2023,0,1,0.651343350903043,Oklahoma City Thunder,Houston Rockets
1038650,2023,0,1,0.593834072696988,Utah Jazz,San Antonio Spurs
1038644,2023,0,1,0.548918780801635,Philadelphia 76ers,LA Clippers
1038646,2023,1,1,0.5094581742536594,Chicago Bulls,Indiana Pacers
1038641,2023,0,1,0.6329280360468295,Orlando Magic,Golden State Warriors
1038642,2023,0,0,0.44505620763513654,Washington Wizards,Brooklyn Nets
1038645,2023,0,0,0.3577579563903662,Toronto Raptors,New York Knicks
1038647,2023,0,0,0.3898690669655976,Memphis Grizzlies,Los Angeles Lakers
1038648,2023,1,1,0.8183110761476192,Minnesota Timberwolves,Detroit Pistons
1038643,2023,1,1,0.6676091241293463,Atlanta Hawks,Portland Trail Blazers
1038651,2023,0,1,0.6626455779703532,Denver Nuggets,Phoenix Suns
1038652,2023,1,0,0.39899767544242004,Atlanta Hawks,Boston Celtics
1038653,2023,1,1,0.5750978510401137,New Orleans Pelicans,Milwaukee Bucks
1038662,2023,1,0,0.32020385822919406,San Antonio Spurs,New York Knicks
1038658,2023,1,0,0.49999503278618546,Brooklyn Nets,Chicago Bulls
1038661,2023,1,1,0.6267618229710433,Oklahoma City Thunder,Phoenix Suns
1038655,2023,1,1,0.5218585354952954,Indiana Pacers,Los Angeles Lakers
1038663,2023,0,1,0.5987250791708413,Denver Nuggets,Minnesota Timberwolves
1038664,2023,0,0,0.4208483356479783,Utah Jazz,Houston Rockets
1038654,2023,0,0,0.36945037685529375,Charlotte Hornets,Golden State Warriors
1038660,2023,1,1,0.7123791103500341,Miami Heat,Portland Trail Blazers
1038657,2023,0,1,0.5437152572703307,Washington Wizards,Detroit Pistons
1038656,2023,0,1,0.5625756723273586,Orlando Magic,LA Clippers
1038659,2023,1,1,0.6300644775840832,Cleveland Cavaliers,Philadelphia 76ers
1038665,2023,0,1,0.5343081331054146,Sacramento Kings,Dallas Mavericks
1038666,2023,0,1,0.5244649589478355,New Orleans Pelicans,Boston Celtics
1038667,2023,1,1,0.6922830469432135,Orlando Magic,Memphis Grizzlies
1038668,2023,0,1,0.5121864339609978,Atlanta Hawks,Milwaukee Bucks
1038671,2023,0,0,0.3315493627379795,Charlotte Hornets,LA Clippers
1038670,2023,0,0,0.44371985160224137,Brooklyn Nets,Los Angeles Lakers
1038672,2023,0,0,0.440289039392394,Toronto Raptors,Philadelphia 76ers
1038676,2023,0,1,0.7264654624721201,Minnesota Timberwolves,Chicago Bulls
1038669,2023,1,1,0.6529958537595536,Denver Nuggets,Cleveland Cavaliers
1038677,2023,0,0,0.3785625530139126,San Antonio Spurs,Golden State Warriors
1038674,2023,0,1,0.5470648143928668,New York Knicks,Oklahoma City Thunder
1038678,2023,1,1,0.6882727430659078,Sacramento Kings,Utah Jazz
1038673,2023,0,0,0.3412456889658787,Washington Wizards,Miami Heat
1038675,2023,0,1,0.5079225530002432,Houston Rockets,Dallas Mavericks
1038682,2023,1,1,0.7340349605915751,Orlando Magic,Portland Trail Blazers
1038679,2023,0,0,0.2795771516511976,Charlotte Hornets,Boston Celtics
1038680,2023,0,0,0.43583831531707184,Detroit Pistons,Memphis Grizzlies
1038681,2023,1,1,0.6315047997693296,Indiana Pacers,Brooklyn Nets
1038684,2023,0,1,0.5948128037986775,New Orleans Pelicans,Phoenix Suns
1038683,2023,0,1,0.5312989214050977,Chicago Bulls,Atlanta Hawks
1038687,2023,1,0,0.30324492991877117,Washington Wizards,Milwaukee Bucks
1038693,2023,1,1,0.5572810974756254,Sacramento Kings,LA Clippers
1038181,2023,1,1,0.5105773884063857,Golden State Warriors,Dallas Mavericks
1038692,2023,0,0,0.4392694683666093,Utah Jazz,Cleveland Cavaliers
1038686,2023,0,0,0.36673474168514975,Toronto Raptors,Los Angeles Lakers
1038685,2023,1,0,0.49206394041478235,Philadelphia 76ers,Oklahoma City Thunder
1038691,2023,1,1,0.7561356026169006,Denver Nuggets,San Antonio Spurs
1038690,2023,1,1,0.6579659150380982,Minnesota Timberwolves,Houston Rockets
1038688,2023,1,1,0.5552950904700794,Miami Heat,New York Knicks
1038697,2023,1,1,0.6630072129486505,Boston Celtics,Oklahoma City Thunder
1038695,2023,0,0,0.313388507189349,Washington Wizards,Los Angeles Lakers
1038696,2023,1,1,0.6970512729755928,Atlanta Hawks,Detroit Pistons
1038701,2023,0,1,0.5985365301663244,New Orleans Pelicans,Orlando Magic
1038699,2023,0,1,0.7024873525089154,Milwaukee Bucks,Memphis Grizzlies
1038702,2023,1,1,0.5721723342476003,Phoenix Suns,Cleveland Cavaliers
1038698,2023,1,0,0.457081839408828,Brooklyn Nets,Indiana Pacers
1038700,2023,1,1,0.7854329449577141,Minnesota Timberwolves,Toronto Raptors
1038694,2023,0,1,0.5243681167978783,Charlotte Hornets,Portland Trail Blazers
1038716,2023,1,1,0.6184466239178746,Dallas Mavericks,Atlanta Hawks
1038706,2023,1,1,0.5629570319061481,LA Clippers,Denver Nuggets
1038703,2023,0,1,0.606886834044848,Miami Heat,Philadelphia 76ers
1038704,2023,1,1,0.5710438529386683,New York Knicks,Sacramento Kings
1038705,2023,0,1,0.5038379731894542,Houston Rockets,Golden State Warriors
1038717,2023,1,1,0.5211228585684341,Phoenix Suns,Minnesota Timberwolves
1038718,2023,1,1,0.7351941981922603,LA Clippers,Utah Jazz
1038711,2023,1,1,0.5153743565218467,Chicago Bulls,New York Knicks
1038714,2023,0,1,0.7327588780533184,Milwaukee Bucks,Toronto Raptors
1038689,2023,1,1,0.5736095343154602,Dallas Mavericks,Golden State Warriors
1038715,2023,0,1,0.6912402426462583,New Orleans Pelicans,San Antonio Spurs
1038712,2023,0,1,0.528091073017454,Houston Rockets,Miami Heat
1038713,2023,1,1,0.6095445278917286,Memphis Grizzlies,Detroit Pistons
1038707,2023,1,0,0.3389474655742388,Charlotte Hornets,Orlando Magic
1038709,2023,0,0,0.4715432676795647,Washington Wizards,Portland Trail Blazers
1038708,2023,1,1,0.5387452884870294,Indiana Pacers,Oklahoma City Thunder
1038710,2023,1,1,0.7188434186009746,Boston Celtics,Sacramento Kings
1038721,2023,0,0,0.44206985611212735,Memphis Grizzlies,Philadelphia 76ers
1038720,2023,1,1,0.6470244848974649,Brooklyn Nets,Detroit Pistons
1038722,2023,1,1,0.675848091493759,Denver Nuggets,Atlanta Hawks
1038719,2023,1,1,0.5960781780469311,Los Angeles Lakers,Cleveland Cavaliers
1038732,2023,0,0,0.3563544563926922,San Antonio Spurs,Philadelphia 76ers
1038726,2023,1,1,0.8101262327011624,Boston Celtics,Portland Trail Blazers
1038729,2023,1,1,0.5744578426823783,Toronto Raptors,Washington Wizards
1038728,2023,1,1,0.6170410296640912,Orlando Magic,Chicago Bulls
1038725,2023,1,1,0.5515371901760895,Indiana Pacers,Miami Heat
1038730,2023,0,1,0.6320579477051548,Phoenix Suns,New Orleans Pelicans
1038723,2023,1,1,0.6714983940797952,Dallas Mavericks,Houston Rockets
1038734,2023,1,1,0.6908569536134004,Golden State Warriors,Utah Jazz
1038731,2023,0,1,0.6166055000688164,Milwaukee Bucks,New York Knicks
1038733,2023,0,0,0.4819429568020333,Brooklyn Nets,Sacramento Kings
1038735,2023,0,1,0.5460189184072828,Los Angeles Lakers,Minnesota Timberwolves
1038727,2023,0,0,0.3336219095102502,Charlotte Hornets,Oklahoma City Thunder
1038724,2023,1,1,0.6355243706693136,LA Clippers,Cleveland Cavaliers
1038741,2023,0,1,0.5167224723590758,Chicago Bulls,New York Knicks
1038744,2023,1,1,0.7962652055112507,Minnesota Timberwolves,Washington Wizards
1038742,2023,1,0,0.4692592582333028,Houston Rockets,Orlando Magic
1038739,2023,0,1,0.5035600054293873,Atlanta Hawks,Miami Heat
1038748,2023,0,1,0.54119988733206,Phoenix Suns,LA Clippers
1038737,2023,1,1,0.7525655544763664,Philadelphia 76ers,Detroit Pistons
1038740,2023,1,0,0.45428616789825793,Milwaukee Bucks,Boston Celtics
1038746,2023,0,0,0.37669644858267765,Utah Jazz,Denver Nuggets
1038747,2023,0,1,0.5740065512887186,Los Angeles Lakers,Golden State Warriors
1038736,2023,0,0,0.31762023215313384,Charlotte Hornets,Dallas Mavericks
1038745,2023,1,1,0.6325633632166501,Oklahoma City Thunder,Sacramento Kings
1038738,2023,0,0,0.3895113262748765,Toronto Raptors,Indiana Pacers
1038749,2023,0,0,0.40380140268605663,Portland Trail Blazers,New Orleans Pelicans
1038743,2023,0,1,0.5741963302847377,Memphis Grizzlies,San Antonio Spurs
1038755,2023,1,1,0.7560275487361451,Oklahoma City Thunder,San Antonio Spurs
1038757,2023,0,1,0.6255144233930464,LA Clippers,Phoenix Suns
1038752,2023,1,1,0.568107069744086,Brooklyn Nets,Toronto Raptors
1038751,2023,0,1,0.6535531925522594,Atlanta Hawks,Charlotte Hornets
1038756,2023,1,1,0.5965511973685194,Denver Nuggets,Minnesota Timberwolves
1038753,2023,0,1,0.5278877163090514,Miami Heat,Dallas Mavericks
1038754,2023,1,1,0.5779111368509425,Milwaukee Bucks,Orlando Magic
1038750,2023,1,1,0.6499124288134219,Cleveland Cavaliers,Memphis Grizzlies
1038760,2023,1,0,0.4867732837915211,Utah Jazz,Houston Rockets
1038762,2023,0,1,0.5762481586527756,Sacramento Kings,New Orleans Pelicans
1038761,2023,0,0,0.3581306481049895,Portland Trail Blazers,Golden State Warriors
1038759,2023,0,1,0.7019729386297828,Boston Celtics,New York Knicks
1038758,2023,0,0,0.34962752189177504,Detroit Pistons,Chicago Bulls
1038766,2023,1,1,0.5593957824402526,Cleveland Cavaliers,Indiana Pacers
1038776,2023,0,1,0.7247675472539336,LA Clippers,Utah Jazz
1038777,2023,0,1,0.5469951844187089,Sacramento Kings,Phoenix Suns
1038771,2023,1,1,0.6504601869035995,Oklahoma City Thunder,Milwaukee Bucks
1038770,2023,1,1,0.7210880150337163,Minnesota Timberwolves,Atlanta Hawks
1038772,2023,1,0,0.3004619524200011,San Antonio Spurs,Denver Nuggets
1038763,2023,1,1,0.6033145034118254,Philadelphia 76ers,Orlando Magic
1038767,2023,1,1,0.6626101017841732,New York Knicks,Brooklyn Nets
1038775,2023,0,0,0.4378955477122701,Portland Trail Blazers,Houston Rockets
1038768,2023,1,1,0.6662536521231012,Miami Heat,Toronto Raptors
1038765,2023,1,1,0.8034031302128852,Boston Celtics,Charlotte Hornets
1038764,2023,0,0,0.36869596236300684,Washington Wizards,Chicago Bulls
1038773,2023,0,1,0.798140013842754,Dallas Mavericks,Detroit Pistons
1038774,2023,0,1,0.5668589822311484,Golden State Warriors,New Orleans Pelicans
1038769,2023,0,0,0.4170496304562141,Memphis Grizzlies,Los Angeles Lakers
1038789,2023,1,1,0.5645893072956789,San Antonio Spurs,Detroit Pistons
1038787,2023,0,1,0.6037392687245461,New Orleans Pelicans,Los Angeles Lakers
1038792,2023,1,1,0.6969932086384233,Sacramento Kings,Portland Trail Blazers
1038779,2023,0,1,0.7116512717454451,Cleveland Cavaliers,Charlotte Hornets
1038783,2023,1,1,0.5632209870514051,Orlando Magic,Milwaukee Bucks
1038788,2023,1,1,0.6224706625998944,Oklahoma City Thunder,Dallas Mavericks
1038785,2023,0,0,0.3614220747095915,Memphis Grizzlies,Denver Nuggets
1038784,2023,1,1,0.6529620247577957,Philadelphia 76ers,Brooklyn Nets
1038782,2023,1,1,0.6369871729090654,New York Knicks,Chicago Bulls
1038778,2023,1,1,0.8418094070039601,Boston Celtics,Washington Wizards
1038780,2023,1,1,0.6697122833742024,Indiana Pacers,Atlanta Hawks
1038781,2023,1,1,0.6780834956533607,Miami Heat,Toronto Raptors
1038786,2023,0,1,0.6418287155071246,Minnesota Timberwolves,Phoenix Suns
1038791,2023,0,1,0.6576690664759266,LA Clippers,Houston Rockets
1038790,2023,1,1,0.6526871432432888,Golden State Warriors,Utah Jazz
15881955,2023,0,1,0.5972225621472892,New Orleans Pelicans,Los Angeles Lakers
15881956,2023,1,1,0.5449269242011139,Sacramento Kings,Golden State Warriors
15881512,2023,1,1,0.6128513595724332,Chicago Bulls,Atlanta Hawks
15881938,2023,1,1,0.5963428651172042,Philadelphia 76ers,Miami Heat
15883285,2023,1,1,0.5977429282553353,Miami Heat,Chicago Bulls
15882388,2023,1,1,0.6079999252679861,New Orleans Pelicans,Sacramento Kings
15881959,2023,1,1,0.5976029369428046,Cleveland Cavaliers,Orlando Magic
15881960,2023,1,1,0.6381082438800668,Minnesota Timberwolves,Phoenix Suns
15882375,2023,1,1,0.6579436673360228,Denver Nuggets,Los Angeles Lakers
15883156,2023,1,1,0.5782282548657504,New York Knicks,Philadelphia 76ers
15881962,2023,1,1,0.5880901721842069,LA Clippers,Dallas Mavericks
15885376,2023,1,1,0.6612927578017707,Oklahoma City Thunder,New Orleans Pelicans
15885226,2023,1,1,0.7068699208681093,Boston Celtics,Miami Heat
15881961,2023,1,1,0.56978423639554,Milwaukee Bucks,Indiana Pacers
15883162,2023,1,1,0.6027304934849191,New York Knicks,Philadelphia 76ers
15882403,2023,1,1,0.66246456558732,Denver Nuggets,Los Angeles Lakers
15882402,2023,1,1,0.6296911360832552,Cleveland Cavaliers,Orlando Magic
15882406,2023,0,1,0.6124814064067987,LA Clippers,Dallas Mavericks
15882404,2023,0,1,0.6024632203057056,Milwaukee Bucks,Indiana Pacers
15882405,2023,1,1,0.6429560566126401,Minnesota Timberwolves,Phoenix Suns
15885385,2023,1,1,0.6830687375969737,Oklahoma City Thunder,New Orleans Pelicans
15885235,2023,0,1,0.7103878952972728,Boston Celtics,Miami Heat
15882407,2023,1,1,0.5259442438795079,Orlando Magic,Cleveland Cavaliers
15882408,2023,0,1,0.5080125541238323,Los Angeles Lakers,Denver Nuggets
15883168,2023,1,1,0.5171778767931354,Philadelphia 76ers,New York Knicks
15882411,2023,1,1,0.613038053982464,Dallas Mavericks,LA Clippers
15882409,2023,1,1,0.5843995314010958,Indiana Pacers,Milwaukee Bucks
15882410,2023,0,1,0.5409723611801043,Phoenix Suns,Minnesota Timberwolves
15882413,2023,1,0,0.4940807506713659,Los Angeles Lakers,Denver Nuggets
15885242,2023,0,0,0.49254400837511664,Miami Heat,Boston Celtics
15882412,2023,1,1,0.5596917359597314,Orlando Magic,Cleveland Cavaliers
15885394,2023,0,0,0.4793594266411236,New Orleans Pelicans,Oklahoma City Thunder
15882416,2023,0,1,0.6185444979981848,Dallas Mavericks,LA Clippers
15882414,2023,1,1,0.6090526521271504,Indiana Pacers,Milwaukee Bucks
15882415,2023,0,1,0.5072522645740194,Phoenix Suns,Minnesota Timberwolves
15883176,2023,0,1,0.5428053100792487,Philadelphia 76ers,New York Knicks
15882417,2023,1,1,0.6819229827568926,Denver Nuggets,Los Angeles Lakers
15885401,2023,0,0,0.47366594368588366,New Orleans Pelicans,Oklahoma City Thunder
15885249,2023,0,0,0.4594900452945773,Miami Heat,Boston Celtics
15882418,2023,1,1,0.5479861321357943,Milwaukee Bucks,Indiana Pacers
15883181,2023,0,1,0.6359806395842607,New York Knicks,Philadelphia 76ers
15882419,2023,1,1,0.5773469249859835,Cleveland Cavaliers,Orlando Magic
15882421,2023,0,1,0.6053067101557464,LA Clippers,Dallas Mavericks
15885255,2023,1,1,0.7330086042756903,Boston Celtics,Miami Heat
15882422,2023,1,1,0.589969414280394,Indiana Pacers,Milwaukee Bucks
15883186,2023,0,1,0.5539614879108795,Philadelphia 76ers,New York Knicks
15882425,2023,1,1,0.559505595962812,Orlando Magic,Cleveland Cavaliers
15882426,2023,1,1,0.6071635003898548,Dallas Mavericks,LA Clippers
15895038,2023,0,1,0.6023458269004883,Denver Nuggets,Minnesota Timberwolves
15882430,2023,1,1,0.5767654146761522,Cleveland Cavaliers,Orlando Magic
15895042,2023,0,1,0.5689030161967811,Denver Nuggets,Minnesota Timberwolves
15896341,2023,1,1,0.585581657584461,New York Knicks,Indiana Pacers
15897590,2023,1,1,0.7224751555345069,Boston Celtics,Cleveland Cavaliers
15896732,2023,1,1,0.6454789730536871,Oklahoma City Thunder,Dallas Mavericks
15896343,2023,1,1,0.6095313343646223,New York Knicks,Indiana Pacers
15897593,2023,0,1,0.7257660394026033,Boston Celtics,Cleveland Cavaliers
15896734,2023,0,1,0.6675318463531796,Oklahoma City Thunder,Dallas Mavericks
15895043,2023,0,1,0.6532246227432589,Minnesota Timberwolves,Denver Nuggets
15896344,2023,1,1,0.5244671200470031,Indiana Pacers,New York Knicks
15897597,2023,0,0,0.48819004444429304,Cleveland Cavaliers,Boston Celtics
15896737,2023,1,1,0.5340864567402845,Dallas Mavericks,Oklahoma City Thunder
15896346,2023,1,1,0.549691303022017,Indiana Pacers,New York Knicks
15895044,2023,0,1,0.6396753891630714,Minnesota Timberwolves,Denver Nuggets
15896740,2023,0,1,0.5674944188300729,Dallas Mavericks,Oklahoma City Thunder
15897601,2023,0,0,0.47480571945994077,Cleveland Cavaliers,Boston Celtics
15895045,2023,1,1,0.6108642941710178,Denver Nuggets,Minnesota Timberwolves
15896618,2023,1,1,0.6025647409342918,New York Knicks,Indiana Pacers
15897605,2023,1,1,0.7261737662213321,Boston Celtics,Cleveland Cavaliers
15896743,2023,0,1,0.6444069369978228,Oklahoma City Thunder,Dallas Mavericks
15895046,2023,1,1,0.5935377873035917,Minnesota Timberwolves,Denver Nuggets
15896621,2023,1,1,0.5497415650067959,Indiana Pacers,New York Knicks
15896746,2023,1,1,0.5786043817682643,Dallas Mavericks,Oklahoma City Thunder
15896622,2023,0,1,0.5936662151190735,New York Knicks,Indiana Pacers
15895047,2023,0,1,0.6283083747063578,Denver Nuggets,Minnesota Timberwolves
15902612,2023,1,1,0.6942161536602003,Boston Celtics,Indiana Pacers
15902644,2023,0,1,0.6080517214826388,Minnesota Timberwolves,Dallas Mavericks
15902613,2023,1,1,0.7137325985576151,Boston Celtics,Indiana Pacers
15902646,2023,0,1,0.6020045204468556,Minnesota Timberwolves,Dallas Mavericks
15902614,2023,0,0,0.44209164052931854,Indiana Pacers,Boston Celtics
15902648,2023,1,1,0.6012180582380707,Dallas Mavericks,Minnesota Timberwolves
15902615,2023,0,0,0.4375985108157075,Indiana Pacers,Boston Celtics
15902650,2023,0,1,0.6141266546388826,Dallas Mavericks,Minnesota Timberwolves
15902652,2023,0,1,0.5947504371341872,Minnesota Timberwolves,Dallas Mavericks
15905063,2023,1,1,0.6888204278715434,Boston Celtics,Dallas Mavericks
15905064,2023,1,1,0.7085477778313597,Boston Celtics,Dallas Mavericks
15905065,2023,0,0,0.47283690379271087,Dallas Mavericks,Boston Celtics
15905066,2023,1,0,0.45986458076353975,Dallas Mavericks,Boston Celtics
15905067,2023,1,1,0.7183881653037328,Boston Celtics,Dallas Mavericks
